bus_no,stop_sequence,stop_name,lat,lon
01,1,Cbt,15.3444674193908,75.14520201344315
01,2,Chandrakala Talkies,15.349279164999999,75.145650835
01,3,Railway Station-H,15.352256816846449,75.1453905041761
01,4,Corporation-H,15.3514155,75.14188899999999
01,5,Hubli Obs (Inside),15.3506932154367,75.13637812934971
01,6,Glass House,15.352517,75.133526
01,7,Hosur,15.354019,75.130184
01,8,Bannigida,15.36244125,75.132926
01,9,Quarters,15.351182,75.1220395
01,10,R.W.H,15.350926000000001,75.1188365
01,11,New Bus Stand-H,15.3505045,75.116761
01,12,1St Gate,15.3506565,75.11479
01,13,2Nd Gate,15.350479,75.111707
01,14,Akshay Park,15.350715666666666,75.10896733333333
01,15,Ravi Nagar,15.353662,75.107607
01,16,Ravi Nagar 2Nd Stop,15.3549291203027,75.1068547202377
01,17,Ravi Nagar 3Rd Stop,15.356113,75.106258
01,18,Lakshmi Nagar,15.3583525,75.10701
01,19,Lakshmi Nagar Cross,15.3598295,75.107128
01,20,Akshay Colony,15.360295666666666,75.10990166666666
01,21,Rajeev Nagar Cross,15.363613,75.109382
01,22,Mruthyunjaya Extension,15.36601,75.108345
01,23,Rajeev Nagar,15.365726,75.106239
100,1,Betdur,15.2264975,75.1877105
100,2,Betdur 1St Stop,15.2278815,75.188323
100,3,Betdur Govt School,15.229096,75.1876595
100,4,Water Tank B,15.23636649537275,75.18323418644201
100,5,Cbm Oil Mill,15.2434815,75.1761545
100,6,Basaveshwar Nagar,15.253144,75.171026
100,7,Sharevada,15.258347,75.1694485
100,8,Sharevada Cross,15.259578999999999,75.16957149999999
100,9,Noolvi Cross,15.268582714285714,75.15226557142857
100,10,Noolvi Arogya Kendra,15.272106,75.16071199999999
100,11,Adhurgunchi College,15.277642,75.156795
100,12,Adhurgunchi Plot,15.2806865,75.1567975
100,13,Adhurgunchi,15.281863999999999,75.154369
100,14,Adhurgunchi Doddappana Gudi,15.28525,75.15392349999999
100,15,Kotgunsi,15.291972999999999,75.15141750000001
100,16,Kundagol Cross,15.295943,75.1464805
100,17,Gabbur Sh,15.317306,75.1440665
100,18,Bidnal Cross Sh,15.329774,75.14363900000001
100,19,Bankapur Chowk,15.335373115,75.14170128500001
100,20,New English School Sh,15.3386415,75.1375455
100,21,Murusavira Matta Cross Sh,15.348655,75.13802
100,22,Obs Sh,15.350251965647585,75.1356732192144
100,23,Hosur Terminal,15.3570921772309,75.12880797876
100_2,1,Hosur Terminal,15.3570921772309,75.12880797876
100_2,2,Obs Sh,15.350251965647585,75.1356732192144
100_2,3,Murusavira Matta Cross Sh,15.348655,75.13802
100_2,4,New English School Sh,15.3386415,75.1375455
100_2,5,Bankapur Chouk Sh,15.335399500000001,75.1417405
100_2,6,Bidnal Cross Sh,15.329774,75.14363900000001
100_2,7,Gabbur Sh,15.317306,75.1440665
100_2,8,Kundagol Cross,15.295943,75.1464805
100_2,9,Kotgunsi,15.291972999999999,75.15141750000001
100_2,10,Adhurgunchi Doddappana Gudi,15.28525,75.15392349999999
100_2,11,Adhurgunchi,15.281863999999999,75.154369
100_2,12,Adhurgunchi Plot,15.2806865,75.1567975
100_2,13,Adhurgunchi College,15.277642,75.156795
100_2,14,Noolvi Arogya Kendra,15.272106,75.16071199999999
100_2,15,Noolvi Cross,15.268582714285714,75.15226557142857
100_2,16,Sharevada Cross,15.259578999999999,75.16957149999999
100_2,17,Sharevada,15.258347,75.1694485
100_2,18,Basaveshwar Nagar,15.253144,75.171026
100_2,19,Cbm Oil Mill,15.2434815,75.1761545
100_2,20,Water Tank B,15.23636649537275,75.18323418644201
100_2,21,Betdur Govt School,15.229096,75.1876595
100_2,22,Betdur 1St Stop,15.2278815,75.188323
100_2,23,Betdur,15.2264975,75.1877105
1001,1,Cbt-D,15.4606685,75.01141700000001
1001,2,Jubilee Circle,15.45894575,75.00781925
1001,3,Lic,15.456875499999999,75.00295650000001
1001,4,Kcd,15.45534,74.998474
1001,5,Nayadu Girini,15.453372,74.995731
1001,6,Saptapura,15.451581000000001,74.993536
1001,7,Jaya Nagar Cross,15.449917,74.9906925
1001,8,Sarwamangala Hospital,15.44922,74.98821075000001
1001,9,Parisara Bhavan,15.447995500000001,74.98509200000001
1001,10,Srinagar,15.447431,74.9830265
1001,11,Womens Hostel,15.445126,74.9829
1001,12,Girls Hostel,15.443829,74.984877
1001,13,Sports Ground,15.440206499999999,74.98680949999999
1001,14,Pavate Nagar,15.438239,74.9863935
1001,15,New Boys Hostel,15.433355,74.976928
1001_2,1,New Boys Hostel,15.433355,74.976928
1001_2,2,Pavate Nagar,15.438239,74.9863935
1001_2,3,Sports Ground,15.440206499999999,74.98680949999999
1001_2,4,Working Womens Hostel,15.44398,74.984695
1001_2,5,Womens Hostel,15.445126,74.9829
1001_2,6,Srinagar,15.447431,74.9830265
1001_2,7,Parisara Bhavan,15.447995500000001,74.98509200000001
1001_2,8,Sarwamangala Hospital,15.44922,74.98821075000001
1001_2,9,Jaya Nagar Cross,15.449917,74.9906925
1001_2,10,Saptapura,15.451581000000001,74.993536
1001_2,11,K C D,15.455365,74.9983735
1001_2,12,Lic,15.456875499999999,75.00295650000001
1001_2,13,Jubilee Circle,15.45894575,75.00781925
1001_2,14,Anjuman Circle,15.4603407729333,75.0099570147152
1001_2,15,Cbt-D,15.4606685,75.01141700000001
1002,1,Cbt-D,15.4606685,75.01141700000001
1002,2,Jubilee Circle,15.45894575,75.00781925
1002,3,Lic,15.456875499999999,75.00295650000001
1002,4,Kcd,15.45534,74.998474
1002,5,Nayadu Girini,15.453372,74.995731
1002,6,Saptapura,15.451581000000001,74.993536
1002,7,Vivekananda Circle,15.4498925,74.99509499999999
1002,8,Michigan Compound,15.448450000000001,74.995294
1002,9,Galagali Hospital,15.447099999999999,74.99203299999999
1002,10,Bakery Stop,15.4450205,74.9928555
1002,11,Manjunatha Colony,15.443936,74.9914835
1002,12,Shivagiri,15.443571500000001,74.988106
1002_2,1,Shivagiri,15.443571500000001,74.988106
1002_2,2,Manjunatha Colony,15.443936,74.9914835
1002_2,3,Bakery Stop,15.4450205,74.9928555
1002_2,4,Galagali Hospital,15.447099999999999,74.99203299999999
1002_2,5,Masjid,15.462099666666667,75.00293233333333
1002_2,6,Jaya Nagar D,15.447105,74.993646
1002_2,7,Patil Nursery,15.447355,74.995443
1002_2,8,Vivekananda Circle,15.4498925,74.99509499999999
1002_2,9,Saptapura,15.451581000000001,74.993536
1002_2,10,Naidu Girini,15.453393,74.99562
1002_2,11,K C D,15.455365,74.9983735
1002_2,12,Lic,15.456875499999999,75.00295650000001
1002_2,13,Jubilee Circle,15.45894575,75.00781925
1002_2,14,Cbt-D,15.4606685,75.01141700000001
1005,1,Dwr Sd,15.45985814417835,75.0105258745456
1005,2,Jubilee Circle,15.45894575,75.00781925
1005,3,Old Sp Office,15.4628345,75.003431
1005,4,K C Park,15.46369,75.001007
1005,5,Mental Hospital,15.464470333333333,74.99838466666667
1005,6,New Sp Office,15.466617930796467,74.99543122362164
1005,7,New Bus Stand-D,15.467312963922167,74.99356261227416
1005_2,1,New Bus Stand-D,15.467312963922167,74.99356261227416
1005_2,2,New Sp Office,15.466617930796467,74.99543122362164
1005_2,3,Mental Hospital,15.464470333333333,74.99838466666667
1005_2,4,K C Park,15.46369,75.001007
1005_2,5,Old Sp Office,15.4628345,75.003431
1005_2,6,Jubilee Circle,15.45894575,75.00781925
1005_2,7,Dwr Sd,15.45985814417835,75.0105258745456
1006,1,Cbt-D,15.4606685,75.01141700000001
1006,2,Jubilee Circle,15.45894575,75.00781925
1006,3,Old Sp Office,15.4628345,75.003431
1006,4,K C Park,15.46369,75.001007
1006,5,Mental Hospital,15.464470333333333,74.99838466666667
1006,6,New Sp Office,15.466617930796467,74.99543122362164
1006,7,New Bus Stand-D,15.467312963922167,74.99356261227416
1006,8,Kvg Bank,15.4716115,74.9907525
1006,9,Gtc,15.474909,74.9855426
1006,10,Gtc Cross Sd,15.473844,74.9832
1006,11,Bgs School,15.470952666666667,74.98229366666668
1006,12,Bendre Nagar,15.470920666666666,74.980912
1006,13,Banashri Nagar,15.471008,74.976286
1006_2,1,Banashri Nagar,15.471008,74.976286
1006_2,2,Bendre Nagar,15.470920666666666,74.980912
1006_2,3,Bgs School,15.470952666666667,74.98229366666668
1006_2,4,Gtc Cross Sd,15.473844,74.9832
1006_2,5,Gtc,15.474909,74.9855426
1006_2,6,Kvg Bank,15.4716115,74.9907525
1006_2,7,New Bus Stand-D,15.467312963922167,74.99356261227416
1006_2,8,New Sp Office,15.466617930796467,74.99543122362164
1006_2,9,Mental Hospital,15.464470333333333,74.99838466666667
1006_2,10,K C Park,15.46369,75.001007
1006_2,11,Old Sp Office,15.4628345,75.003431
1006_2,12,Corporation-D,15.4603805,75.00877600000001
1006_2,13,Cbt-D,15.4606685,75.01141700000001
1008,1,Cbt-D,15.4606685,75.01141700000001
1008,2,Jubilee Circle,15.45894575,75.00781925
1008,3,Old Sp Office,15.4628345,75.003431
1008,4,K C Park,15.46369,75.001007
1008,5,Mental Hospital,15.464470333333333,74.99838466666667
1008,6,New Sp Office,15.466617930796467,74.99543122362164
1008,7,New Bus Stand-D,15.467312963922167,74.99356261227416
1008,8,Kvg Bank,15.4716115,74.9907525
1008,9,J D Office,15.473995500000001,74.9890945
1008,10,Gtc,15.474909,74.9855426
1008,11,Pepsi Factory,15.477010666666667,74.98500166666666
1008,12,Dairy,15.483501,74.979516
1008,13,Yattin Gudda Cross,15.485588,74.97774749999999
1008,14,Agri University Gate,15.487123,74.97632300000001
1008,15,Admission Office,15.489196,74.980019
1008,16,Agri College,15.4907075,74.983435
1008,17,Yattin Gudda,15.488518,74.99161
1008_2,1,Yattin Gudda,15.488518,74.99161
1008_2,2,Agri College,15.4907075,74.983435
1008_2,3,Admission Office,15.489196,74.980019
1008_2,4,Agri University Gate,15.487123,74.97632300000001
1008_2,5,Yattin Gudda Cross,15.485588,74.97774749999999
1008_2,6,Dairy,15.483501,74.979516
1008_2,7,Pepsi Factory,15.477010666666667,74.98500166666666
1008_2,8,Gtc,15.474909,74.9855426
1008_2,9,J D Office,15.473995500000001,74.9890945
1008_2,10,Kvg Bank,15.4716115,74.9907525
1008_2,11,New Bus Stand-D,15.467312963922167,74.99356261227416
1008_2,12,New Sp Office,15.466617930796467,74.99543122362164
1008_2,13,Mental Hospital,15.464470333333333,74.99838466666667
1008_2,14,K C Park,15.46369,75.001007
1008_2,15,Old Sp Office,15.4628345,75.003431
1008_2,16,Jubilee Circle,15.45894575,75.00781925
1008_2,17,Cbt-D,15.4606685,75.01141700000001
1009,1,Madihal,15.469505999999999,75.0256105
1009,2,Siddharama Colony,15.469259000000001,75.0248095
1009,3,Joshi Hall,15.4684305,75.02211299999999
1009,4,Chidambar Seva Samiti,15.4676915,75.0200625
1009,5,Murusavira Matta D,15.4676395,75.01857849999999
1009,6,Depot Circle,15.467816,75.0178145
1009,7,Haveripete,15.467393,75.01621399999999
1009,8,Shivaji Circle,15.46469075,75.01383675
1009,9,Cbt-D,15.4606685,75.01141700000001
1009,10,Jubilee Circle,15.45894575,75.00781925
1009,11,Court Circle,15.456254999999999,75.00698
1009,12,Head Post Office,15.451592333333332,75.006593
1009,13,Yammikeri,15.448012,75.00504133333332
1009,14,K E Board,15.44603,75.003443
1009,15,Railway Station-D,15.443011,75.002137
1009_2,1,Railway Station-D,15.443011,75.002137
1009_2,2,Rms,15.444066,75.00285099999999
1009_2,3,Yammikeri,15.448012,75.00504133333332
1009_2,4,Brindhavan,15.453275999999999,75.00725449999999
1009_2,5,Kalabhawan,15.45895563189655,75.0075452826095
1009_2,6,Cbt-D,15.4606685,75.01141700000001
1009_2,7,Shivaji Circle,15.46469075,75.01383675
1009_2,8,Haveripete,15.467393,75.01621399999999
1009_2,9,Depot Circle,15.467816,75.0178145
1009_2,10,Murusavira Matta D,15.4676395,75.01857849999999
1009_2,11,Chidambar Seva Samiti,15.4676915,75.0200625
1009_2,12,Joshi Hall,15.4684305,75.02211299999999
1009_2,13,Siddharama Colony,15.469259000000001,75.0248095
1009_2,14,Madihal,15.469505999999999,75.0256105
100B,1,Dharwad Brts Terminal - Dh,15.460304,75.009427
100B,2,Jubilee Circle - Dh,15.458185,75.007642
100B,3,Court Circle - Dh,15.45579,75.00708
100B,4,Nttf - Dh,15.453834,75.00891
100B,5,Toll Naka - Dh,15.446385,75.012658
100B,6,Gandhi Nagar - Dh,15.437977,75.019138
100B,7,Sdm Medical College - Dh,15.417369,75.048123
100B,8,Navanagar - Dh,15.397351,75.082383
100B,9,Kims - Dh,15.36044,75.127099
100B,10,Hosur Regional Terminal - Dh,15.35752,75.128877
100B,11,Hosur Cross - Dh,15.354947,75.130385
100B,12,Hubballi Central Bus Terminal - Dh,15.35081,75.136814
100B,13,Hdmc - Dh,15.350865,75.140511
100B,14,Dr B R Ambedkar Circle - Dh,15.352767,75.145261
100B,15,Railway Station - Dh,15.349714,75.148566
100B_2,1,Railway Station - Hd,15.349603,75.148302
100B_2,2,Dr B R Ambedkar Circle 1 - Hd,15.352423,75.145417
100B_2,3,Hdmc - Hd,15.350875,75.14088
100B_2,4,Hubballi Central Bus Terminal - Hd,15.3506860292075,75.1366910324889
100B_2,5,Hosur Cross - Hd,15.354631,75.13043
100B_2,6,Hosur Regional Terminal - Hd,15.357106,75.129034
100B_2,7,Kims - Hd,15.360084,75.127186
100B_2,8,Navanagar - Hd,15.397025,75.082709
100B_2,9,Sdm Medical College - Hd,15.417188,75.048409
100B_2,10,Gandhi Nagar - Hd,15.437658,75.019256
100B_2,11,Toll Naka - Hd,15.445851,75.012741
100B_2,12,Nttf - Hd,15.453491,75.009186
100B_2,13,Court Circle - Hd,15.455441,75.007003
100B_2,14,Jubilee Circle - Hd,15.457936,75.007389
100B_2,15,Dharwad Brts Terminal - Hd,15.46005,75.009442
101,1,Bommasamudra,15.2367905,75.117603
101,2,Bommasamudra 1St Stop,15.238052,75.11740549999999
101,3,Bommasamudra Cross,15.253546,75.122783
101,4,Belgali,15.256297,75.1263555
101,5,Belgali Govt School,15.256342499999999,75.128763
101,6,Monkey Factory,15.264365999999999,75.13856849999999
101,7,Noolvi Cross,15.268582714285714,75.15226557142857
101,8,Noolvi,15.271438,75.1653625
101,9,Adhurgunchi,15.281863999999999,75.154369
101,10,Budurshingi,15.290190744806134,75.14702836140124
101,11,Kundagol Cross,15.295943,75.1464805
101,12,Gabbur Sh,15.317306,75.1440665
101,13,Bidnal Cross Sh,15.329774,75.14363900000001
101,14,Bankapur Chouk Sh,15.335399500000001,75.1417405
101,15,New English School Sh,15.3386415,75.1375455
101,16,Murusavira Matta Cross Sh,15.348655,75.13802
101,17,Obs Sh,15.350251965647585,75.1356732192144
101,18,Hosur Terminal,15.3570921772309,75.12880797876
101_2,1,Hosur Terminal,15.3570921772309,75.12880797876
101_2,2,Obs Sh,15.350251965647585,75.1356732192144
101_2,3,Murusavira Matta Cross Sh,15.348655,75.13802
101_2,4,New English School Sh,15.3386415,75.1375455
101_2,5,Bankapur Chouk Sh,15.335399500000001,75.1417405
101_2,6,Bidnal Cross Sh,15.329774,75.14363900000001
101_2,7,Gabbur Sh,15.317306,75.1440665
101_2,8,Kundagol Cross,15.295943,75.1464805
101_2,9,Budurshingi,15.290190744806134,75.14702836140124
101_2,10,Adhurgunchi,15.281863999999999,75.154369
101_2,11,Noolvi,15.271438,75.1653625
101_2,12,Noolvi Cross,15.268582714285714,75.15226557142857
101_2,13,Monkey Factory,15.264365999999999,75.13856849999999
101_2,14,Belgali Govt School,15.256342499999999,75.128763
101_2,15,Belgali,15.256297,75.1263555
101_2,16,Bommasamudra Cross,15.253546,75.122783
101_2,17,Bommasamudra 1St Stop,15.238052,75.11740549999999
101_2,18,Bommasamudra,15.2367905,75.117603
1010,1,Taj Nagar D,15.475181,75.003631
1010,2,Hashmi Nagar,15.47363,75.004303
1010,3,Malapura,15.471179,75.005607
1010,4,Goudar Oni,15.4705245,75.0059545
1010,5,Masjid,15.462099666666667,75.00293233333333
1010,6,Ramana Gouda Cross,15.466611499999999,75.0081335
1010,7,Shivaji Circle,15.46469075,75.01383675
1010,8,Cbt-D,15.4606685,75.01141700000001
1010,9,Court Circle,15.456254999999999,75.00698
1010,10,Yammikeri,15.448012,75.00504133333332
1010,11,Railway Station-D,15.443011,75.002137
1010_2,1,Railway Station-D,15.443011,75.002137
1010_2,2,Yammikeri,15.448012,75.00504133333332
1010_2,3,Court Circle,15.456254999999999,75.00698
1010_2,4,Cbt-D,15.4606685,75.01141700000001
1010_2,5,Shivaji Circle,15.46469075,75.01383675
1010_2,6,Ganapathi Gudi,15.466307,75.011053
1010_2,7,Ramana Gouda Cross,15.466611499999999,75.0081335
1010_2,8,Masjid,15.462099666666667,75.00293233333333
1010_2,9,Goudar Oni,15.4705245,75.0059545
1010_2,10,Malapura,15.471179,75.005607
1010_2,11,Hashmi Nagar,15.47363,75.004303
1010_2,12,Taj Nagar D,15.475181,75.003631
1012,1,Cbt-D,15.4606685,75.01141700000001
1012,2,Shivaji Circle,15.46469075,75.01383675
1012,3,Ganapathi Gudi,15.466307,75.011053
1012,4,Ramana Gouda Cross,15.466611499999999,75.0081335
1012,5,Masjid,15.462099666666667,75.00293233333333
1012,6,Goudar Oni,15.4705245,75.0059545
1012,7,Malapura,15.471179,75.005607
1012,8,Hashmi Nagar,15.47363,75.004303
1012,9,Taj Nagar D,15.475181,75.003631
1012_2,1,Taj Nagar D,15.475181,75.003631
1012_2,2,Hashmi Nagar,15.47363,75.004303
1012_2,3,Malapura,15.471179,75.005607
1012_2,4,Goudar Oni,15.4705245,75.0059545
1012_2,5,Masjid,15.462099666666667,75.00293233333333
1012_2,6,Ramana Gouda Cross,15.466611499999999,75.0081335
1012_2,7,Shivaji Circle,15.46469075,75.01383675
1012_2,8,Cbt-D,15.4606685,75.01141700000001
1013,1,Cbt-D,15.4606685,75.01141700000001
1013,2,Jubilee Circle,15.45894575,75.00781925
1013,3,Lic,15.456875499999999,75.00295650000001
1013,4,Kcd,15.45534,74.998474
1013,5,Nayadu Girini,15.453372,74.995731
1013,6,Saptapura,15.451581000000001,74.993536
1013,7,Jaya Nagar Cross,15.449917,74.9906925
1013,8,Sarwamangala Hospital,15.44922,74.98821075000001
1013,9,Parisara Bhavan,15.447995500000001,74.98509200000001
1013,10,Srinagar Cross,15.447415,74.982946
1013,11,Shivalaya,15.44655,74.9803685
1013,12,Ics College,15.445704,74.9780885
1013,13,Nehru Nagar Cross,15.4448185,74.9763125
1013,14,Neharu Nagar 1St Stop,15.447016,74.9748175
1013,15,Nehru Nagar,15.447841,74.973286
1013_2,1,Neharu Nagar,15.448029,74.973341
1013_2,2,Neharu Nagar 1St Stop,15.447016,74.9748175
1013_2,3,Nehru Nagar Cross,15.4448185,74.9763125
1013_2,4,Ics College,15.445704,74.9780885
1013_2,5,Shivalaya,15.44655,74.9803685
1013_2,6,Srinagar,15.447431,74.9830265
1013_2,7,Parisara Bhavan,15.447995500000001,74.98509200000001
1013_2,8,Sarwamangala Hospital,15.44922,74.98821075000001
1013_2,9,Jaya Nagar Cross,15.449917,74.9906925
1013_2,10,Saptapura,15.451581000000001,74.993536
1013_2,11,K C D,15.455365,74.9983735
1013_2,12,Lic,15.456875499999999,75.00295650000001
1013_2,13,Jubilee Circle,15.45894575,75.00781925
1013_2,14,Anjuman Circle,15.4603407729333,75.0099570147152
1013_2,15,Cbt-D,15.4606685,75.01141700000001
1014,1,Cbt-D,15.4606685,75.01141700000001
1014,2,Jubilee Circle,15.45894575,75.00781925
1014,3,Lic,15.456875499999999,75.00295650000001
1014,4,Kcd,15.45534,74.998474
1014,5,Nayadu Girini,15.453372,74.995731
1014,6,Saptapura,15.451581000000001,74.993536
1014,7,Jaya Nagar Cross,15.449917,74.9906925
1014,8,Sarwamangala Hospital,15.44922,74.98821075000001
1014,9,Parisara Bhavan,15.447995500000001,74.98509200000001
1014,10,Srinagar,15.447431,74.9830265
1014,11,Womens Hostel,15.445126,74.9829
1014,12,Girls Hostel,15.443829,74.984877
1014,13,Pavate Nagar,15.438239,74.9863935
1014_2,1,Pavate Nagar,15.438239,74.9863935
1014_2,2,Working Womens Hostel,15.44398,74.984695
1014_2,3,Womens Hostel,15.445126,74.9829
1014_2,4,Srinagar,15.447431,74.9830265
1014_2,5,Parisara Bhavan,15.447995500000001,74.98509200000001
1014_2,6,Sarwamangala Hospital,15.44922,74.98821075000001
1014_2,7,Jaya Nagar Cross,15.449917,74.9906925
1014_2,8,Saptapura,15.451581000000001,74.993536
1014_2,9,K C D,15.455365,74.9983735
1014_2,10,Lic,15.456875499999999,75.00295650000001
1014_2,11,Jubilee Circle,15.45894575,75.00781925
1014_2,12,Anjuman Circle,15.4603407729333,75.0099570147152
1014_2,13,Cbt-D,15.4606685,75.01141700000001
1015,1,Cbt-D,15.4606685,75.01141700000001
1015,2,Jubilee Circle,15.45894575,75.00781925
1015,3,Lic,15.456875499999999,75.00295650000001
1015,4,Kcd,15.45534,74.998474
1015,5,Nayadu Girini,15.453372,74.995731
1015,6,Saptapura,15.451581000000001,74.993536
1015,7,Michigan Compound,15.448450000000001,74.995294
1015,8,Galagali Hospital,15.447099999999999,74.99203299999999
1015,9,Sarwamangala Hospital,15.44922,74.98821075000001
1015,10,Parisara Bhavan,15.447995500000001,74.98509200000001
1015,11,Srinagar Cross,15.447415,74.982946
1015,12,Shivalaya,15.44655,74.9803685
1015,13,Radhakrishna Nagar,15.4496685,74.979832
1015_2,1,Radhakrishna Nagar,15.4496685,74.979832
1015_2,2,Srinagar,15.447431,74.9830265
1015_2,3,Parisara Bhavan,15.447995500000001,74.98509200000001
1015_2,4,Sarwamangala Hospital,15.44922,74.98821075000001
1015_2,5,Galagali Hospital,15.447099999999999,74.99203299999999
1015_2,6,Michigan Compound,15.448450000000001,74.995294
1015_2,7,Saptapura,15.451581000000001,74.993536
1015_2,8,Naidu Girini,15.453393,74.99562
1015_2,9,K C D,15.455365,74.9983735
1015_2,10,Lic,15.456875499999999,75.00295650000001
1015_2,11,Jubilee Circle,15.45894575,75.00781925
1015_2,12,Cbt-D,15.4606685,75.01141700000001
1016,1,Cbt-D,15.4606685,75.01141700000001
1016,2,Jubilee Circle,15.45894575,75.00781925
1016,3,Lic,15.456875499999999,75.00295650000001
1016,4,Kcd,15.45534,74.998474
1016,5,Nayadu Girini,15.453372,74.995731
1016,6,Saptapura,15.451581000000001,74.993536
1016,7,Saptapura School,15.453625500000001,74.9918135
1016,8,Shripadha Nagar,15.452691999999999,74.983033
1016,9,Sai Nagar 1St Stop,15.456329,74.98257699999999
1016,10,Sai Nagar-D,15.458010999999999,74.9829675
1016_2,1,Sai Nagar-D,15.458010999999999,74.9829675
1016_2,2,Sai Nagar 1St Stop,15.456329,74.98257699999999
1016_2,3,Shripadha Nagar,15.452691999999999,74.983033
1016_2,4,Shripada Nagar Cross,15.45313,74.984309
1016_2,5,Saptapura School,15.453625500000001,74.9918135
1016_2,6,Saptapura,15.451581000000001,74.993536
1016_2,7,K C D,15.455365,74.9983735
1016_2,8,Lic,15.456875499999999,75.00295650000001
1016_2,9,Jubilee Circle,15.45894575,75.00781925
1016_2,10,Cbt-D,15.4606685,75.01141700000001
1017,1,Cbt-D,15.4606685,75.01141700000001
1017,2,Jubilee Circle,15.45894575,75.00781925
1017,3,Court Circle,15.456254999999999,75.00698
1017,4,Brindhavan,15.453275999999999,75.00725449999999
1017,5,Head Post Office,15.451592333333332,75.006593
1017,6,Dc Office,15.4512125,75.003258
1017,7,Uday Hostel,15.4504975,75.00112150000001
1017,8,Old Central School,15.409631810922676,75.06308915888033
1017,9,Kariyyamma Temple,15.445994500000001,74.9978055
1017,10,Barakotri,15.443325999999999,74.993989
1017,11,Barakotari Bridge,15.441604,74.9930855
1017,12,Navodhaya Nagar,15.4396845,74.989709
1017,13,Pavate Nagar,15.438239,74.9863935
1017,14,Bhala Balaga,15.434482,74.988733
1017,15,Nisarga,15.436926,74.990262
1017,16,Hanumanthaa Nagar Cross,15.4375555,74.9915885
1017,17,Twok Quartz,15.4379815,74.9931045
1017,18,9Th Cross Kalyan Nagar,15.43835,74.9956865
1017,19,Kalyan Nagar,15.439979000000001,74.995206
1017_2,1,Kalyan Nagar,15.439979000000001,74.995206
1017_2,2,9Th Cross Kalyan Nagar,15.43835,74.9956865
1017_2,3,Twok Quartz,15.4379815,74.9931045
1017_2,4,Hanumanthaa Nagar Cross,15.4375555,74.9915885
1017_2,5,Nisarga,15.436926,74.990262
1017_2,6,Bhala Balaga,15.434482,74.988733
1017_2,7,Pavate Nagar,15.438239,74.9863935
1017_2,8,Navodhaya Nagar,15.4396845,74.989709
1017_2,9,Barakotari Bridge,15.441604,74.9930855
1017_2,10,Barakotri,15.443325999999999,74.993989
1017_2,11,Kariyyamma Temple,15.445994500000001,74.9978055
1017_2,12,Old Central School,15.409631810922676,75.06308915888033
1017_2,13,Uday Hostel,15.4504975,75.00112150000001
1017_2,14,C B Nagar,15.450832,75.003572
1017_2,15,Headpost Office,15.451618,75.006374
1017_2,16,Brindhavan,15.453275999999999,75.00725449999999
1017_2,17,Court Circle,15.456254999999999,75.00698
1017_2,18,Jubilee Circle,15.45894575,75.00781925
1017_2,19,Cbt-D,15.4606685,75.01141700000001
1018,1,Cbt-D,15.4606685,75.01141700000001
1018,2,Jubilee Circle,15.45894575,75.00781925
1018,3,Lic,15.456875499999999,75.00295650000001
1018,4,Kcd,15.45534,74.998474
1018,5,Dasanakoppa,15.4558755,74.99330499999999
1018,6,Canara Colony,15.4565485,74.99004450000001
1018,7,Banashankeri Nagar,15.4575575,74.9844325
1018,8,Sai Nagar-D,15.458010999999999,74.9829675
1018,9,Vinayaka Nagar Cross,15.459239,74.98173025
1018,10,Vinayaka Nagar D,15.458278684584648,74.978884151871
1018,11,Paper Mill,15.463518508119801,74.97519911226846
1018,12,Kelgeri,15.4615589693291,74.9682433294989
1018,13,Anjaneya School Stop,15.460363,74.965659
1018,14,Kelageri Anjaneya 1St Stop,15.460027521904049,74.9645496472387
1018,15,Anjana Nagar-D1,15.460185112039,74.9621869572919
1018_2,1,Anjana Nagar-D1,15.460185112039,74.9621869572919
1018_2,2,Kelageri Anjaneya 1St Stop,15.460027521904049,74.9645496472387
1018_2,3,Anjaneya School Stop,15.460363,74.965659
1018_2,4,Kelgeri,15.4615589693291,74.9682433294989
1018_2,5,Paper Mill,15.463518508119801,74.97519911226846
1018_2,6,Vinayaka Nagar Cross,15.459239,74.98173025
1018_2,7,Vinayaka Nagar D,15.458278684584648,74.978884151871
1018_2,8,Sai Nagar-D,15.458010999999999,74.9829675
1018_2,9,Banashankeri Nagar,15.4575575,74.9844325
1018_2,10,Canara Colony,15.4565485,74.99004450000001
1018_2,11,Dasanakoppa,15.4558755,74.99330499999999
1018_2,12,K C D,15.455365,74.9983735
1018_2,13,Lic,15.456875499999999,75.00295650000001
1018_2,14,Jubilee Circle,15.45894575,75.00781925
1018_2,15,Cbt-D,15.4606685,75.01141700000001
1019,1,Cbt-D,15.4606685,75.01141700000001
1019,2,Jubilee Circle,15.45894575,75.00781925
1019,3,Court Circle,15.456254999999999,75.00698
1019,4,Nttf,15.4523115,75.0104
1019,5,Hosa Yallapur Cross,15.45037325,75.01101975
1019,6,Toll Naka - D,15.446940982389,75.01232067405317
1019,7,Modern Hall,15.444540250000001,75.01296325
1019,8,Rajathagiri,15.439661000000001,75.0120135
1019,9,Saraswathipura,15.438922,75.01107775
1019,10,Tejasvi Nagar Bridge,15.435976000000002,75.01107833333333
1019,11,Tajesavi Nagar,15.4356785,75.01106300000001
1019,12,Tejasvi Nagar Bus Stop,15.4354735,75.0087405
1019,13,Sangolli Rayanna Nagar 1St Cross,15.4331375,75.008411
1019,14,Sangolli Rayana Nagar,15.432239,75.006755
1019_2,1,Sangolli Rayana Nagar,15.432239,75.006755
1019_2,2,Sangolli Rayanna Nagar 1St Cross,15.4331375,75.008411
1019_2,3,Tejasvi Nagar Bus Stop,15.4354735,75.0087405
1019_2,4,Tejasvi Nagar Bridge,15.435976000000002,75.01107833333333
1019_2,5,Saraswathipura,15.438922,75.01107775
1019_2,6,Rajathagiri,15.439661000000001,75.0120135
1019_2,7,Vijaya Bank-D,15.442408,75.012689
1019_2,8,Modern Hall,15.444540250000001,75.01296325
1019_2,9,Toll Naka - D,15.446940982389,75.01232067405317
1019_2,10,Hosa Yallapur Cross,15.45037325,75.01101975
1019_2,11,Nttf,15.4523115,75.0104
1019_2,12,Court Circle,15.456254999999999,75.00698
1019_2,13,Jubilee Circle,15.45894575,75.00781925
1019_2,14,Cbt-D,15.4606685,75.01141700000001
102,1,Gokul,15.351278,75.08083049999999
102,2,Anjaneya Nagar,15.353205500000001,75.07979950000001
102,3,Gokul Cross,15.354122,75.079631
102,4,K L E College,15.3545415,75.0830885
102,5,Airport,15.35598472333832,75.08580822603624
102,6,B D K,15.3551535,75.08834350000001
102,7,Kec,15.354208845640276,75.09142434264085
102,8,Arjun Vihar Cross,15.352898,75.09515475
102,9,Neharu Nagar Water Tank,15.352369666666666,75.097318
102,10,Silver Town Cross,15.351900535129566,75.09951371402751
102,11,Manjunatha Nagar Cross,15.35160868216956,75.10187980363615
102,12,Basaveshwara Nagar Cross,15.351390666666667,75.10335466666668
102,13,Akshay Park,15.350715666666666,75.10896733333333
102,14,2Nd Gate,15.350479,75.111707
102,15,1St Gate,15.3506565,75.11479
102,16,New Bus Stand-H,15.3505045,75.116761
102,17,Rwh,15.350895000000001,75.1188075
102,18,Quarters,15.351182,75.1220395
102,19,Bannigida,15.36244125,75.132926
102,20,Hosur,15.354019,75.130184
102,21,Hubli Obs (Outside),15.351252,75.13632
102,22,Corporation-H,15.3514155,75.14188899999999
102,23,Railway Station-H,15.352256816846449,75.1453905041761
102,24,Rly 3Rd Gate,15.3475670569849,75.1565223383812
102_2,1,Rly 3Rd Gate,15.3475670569849,75.1565223383812
102_2,2,Railway Station-H,15.352256816846449,75.1453905041761
102_2,3,Corporation-H,15.3514155,75.14188899999999
102_2,4,Hubli Obs (Inside),15.3506932154367,75.13637812934971
102_2,5,Bannigida,15.36244125,75.132926
102_2,6,Quarters,15.351182,75.1220395
102_2,7,Rwh,15.350895000000001,75.1188075
102_2,8,New Bus Stand-H,15.3505045,75.116761
102_2,9,1St Gate,15.3506565,75.11479
102_2,10,2Nd Gate,15.350479,75.111707
102_2,11,Akshay Park,15.350715666666666,75.10896733333333
102_2,12,Basaveshwara Nagar Cross,15.351390666666667,75.10335466666668
102_2,13,Manjunatha Nagar Cross,15.35160868216956,75.10187980363615
102_2,14,Silver Town Cross,15.351900535129566,75.09951371402751
102_2,15,Neharu Nagar Water Tank,15.352369666666666,75.097318
102_2,16,Arjun Vihar Cross,15.352898,75.09515475
102_2,17,Kec,15.354208845640276,75.09142434264085
102_2,18,B D K,15.3551535,75.08834350000001
102_2,19,Airport,15.35598472333832,75.08580822603624
102_2,20,K L E College,15.3545415,75.0830885
102_2,21,Gokul Cross,15.354122,75.079631
102_2,22,Anjaneya Nagar,15.353205500000001,75.07979950000001
102_2,23,Gokul,15.351278,75.08083049999999
1020,1,Cbt-D,15.4606685,75.01141700000001
1020,2,Jubilee Circle,15.45894575,75.00781925
1020,3,Lic,15.456875499999999,75.00295650000001
1020,4,K C D,15.455365,74.9983735
1020,5,Dasanakoppa Cross,15.455907666666667,74.99328266666667
1020,6,Canara Colony,15.4565485,74.99004450000001
1020,7,Kusuma Nagar,15.457037,74.987796
1020,8,Banashankeri Nagar,15.4575575,74.9844325
1020,9,Sai Nagar-D,15.458010999999999,74.9829675
1020,10,Vinayaka Nagar Cross,15.459239,74.98173025
1020,11,Chaithanya Nagar Cross,15.458618,74.9800955
1020,12,Std Booth,15.4569565,74.98034200000001
1020,13,Chaithanya Nagar,15.456446,74.979561
1020_2,1,Chaithanya Nagar,15.456446,74.979561
1020_2,2,Std Booth,15.4569565,74.98034200000001
1020_2,3,Chaithanya Nagar Cross,15.458618,74.9800955
1020_2,4,Vinayaka Nagar Cross,15.459239,74.98173025
1020_2,5,Sai Nagar-D,15.458010999999999,74.9829675
1020_2,6,Banashankeri Nagar,15.4575575,74.9844325
1020_2,7,Kusuma Nagar,15.457037,74.987796
1020_2,8,Canara Colony,15.4565485,74.99004450000001
1020_2,9,Dasanakoppa Cross,15.455907666666667,74.99328266666667
1020_2,10,K C D,15.455365,74.9983735
1020_2,11,Lic,15.456875499999999,75.00295650000001
1020_2,12,Jubilee Circle,15.45894575,75.00781925
1020_2,13,Cbt-D,15.4606685,75.01141700000001
1021,1,Cbt-D,15.4606685,75.01141700000001
1021,2,Jubilee Circle,15.45894575,75.00781925
1021,3,Lic,15.456875499999999,75.00295650000001
1021,4,K C D,15.455365,74.9983735
1021,5,Dasanakoppa Cross,15.455907666666667,74.99328266666667
1021,6,Canara Colony,15.4565485,74.99004450000001
1021,7,Kusuma Nagar,15.457037,74.987796
1021,8,Banashankeri Nagar,15.4575575,74.9844325
1021,9,Sai Nagar-D,15.458010999999999,74.9829675
1021,10,Vinayaka Nagar Cross,15.459239,74.98173025
1021,11,Chaithanya Nagar Cross,15.458618,74.9800955
1021,12,Vinayaka Nagar D,15.458278684584648,74.978884151871
1021_2,1,Vinayaka Nagar D,15.458278684584648,74.978884151871
1021_2,2,Chaithanya Nagar Cross,15.458618,74.9800955
1021_2,3,Vinayaka Nagar Cross,15.459239,74.98173025
1021_2,4,Sai Nagar-D,15.458010999999999,74.9829675
1021_2,5,Banashankeri Nagar,15.4575575,74.9844325
1021_2,6,Kusuma Nagar,15.457037,74.987796
1021_2,7,Canara Colony,15.4565485,74.99004450000001
1021_2,8,Dasanakoppa Cross,15.455907666666667,74.99328266666667
1021_2,9,K C D,15.455365,74.9983735
1021_2,10,Lic,15.456875499999999,75.00295650000001
1021_2,11,Jubilee Circle,15.45894575,75.00781925
1021_2,12,Cbt-D,15.4606685,75.01141700000001
1024,1,Cbt-D,15.4606685,75.01141700000001
1024,2,Jubilee Circle,15.45894575,75.00781925
1024,3,Lic,15.456875499999999,75.00295650000001
1024,4,K C D,15.455365,74.9983735
1024,5,Dasanakoppa Cross,15.455907666666667,74.99328266666667
1024,6,Lic Quarters,15.459552,74.9939685
1024,7,Narayanapura,15.461655,74.994489
1024,8,German Hospital,15.464104333333333,74.99517266666668
1024,9,Jambagi Hospital,15.4638285,74.9923615
1024,10,Bendre Bhavana,15.463579500000002,74.98813200000001
1024,11,Sadhankeri,15.462976333333332,74.98642266666667
1024,12,St Antony Circle,15.467236,74.98428200000001
1024,13,Vikas Nagar,15.469332000000001,74.9824455
1024,14,Bgs School,15.470952666666667,74.98229366666668
1024,15,Bendre Nagar,15.470920666666666,74.980912
1024,16,Sampige Nagar 1St Stop,15.4690595,74.98063350000001
1024,17,Sampige Nagar 2Nd Stop,15.4671625,74.9801465
1024,18,Basavareddy College,15.465788,74.978765
1024,19,Sampige Nagar Cross,15.463478,74.97788
1024,20,Sampige Nagar,15.463796749188749,74.97989343402119
1024_2,1,Sampige Nagar,15.463796749188749,74.97989343402119
1024_2,2,Sampige Nagar 3Rd Stop,15.465715,74.979647
1024_2,3,Sampige Nagar 1St Stop,15.4690595,74.98063350000001
1024_2,4,Bendre Nagar,15.470920666666666,74.980912
1024_2,5,Bgs School,15.470952666666667,74.98229366666668
1024_2,6,Vikas Nagar,15.469332000000001,74.9824455
1024_2,7,St Antony Circle,15.467236,74.98428200000001
1024_2,8,Sadhankeri,15.462976333333332,74.98642266666667
1024_2,9,Bendre Bhavana,15.463579500000002,74.98813200000001
1024_2,10,Jambagi Hospital,15.4638285,74.9923615
1024_2,11,German Hospital,15.464104333333333,74.99517266666668
1024_2,12,Narayanapura,15.461655,74.994489
1024_2,13,Lic Quarters,15.459552,74.9939685
1024_2,14,Dasanakoppa Cross,15.455907666666667,74.99328266666667
1024_2,15,K C D,15.455365,74.9983735
1024_2,16,Lic,15.456875499999999,75.00295650000001
1024_2,17,Jubilee Circle,15.45894575,75.00781925
1024_2,18,Cbt-D,15.4606685,75.01141700000001
1025,1,Cbt-D,15.4606685,75.01141700000001
1025,2,Jubilee Circle,15.45894575,75.00781925
1025,3,Court Circle,15.456254999999999,75.00698
1025,4,Taluk Panchayat,15.453282,75.00723550000001
1025,5,Head Post Office,15.451592333333332,75.006593
1025,6,Yammikeri,15.448012,75.00504133333332
1025,7,Rama Mandira,15.446164,75.003549
1025,8,Rms,15.444066,75.00285099999999
1025,9,Railway Station-D,15.443011,75.002137
1025_2,1,Railway Station-D4,15.443011,75.002123
1025_2,2,Rms,15.444066,75.00285099999999
1025_2,3,K E Board,15.44603,75.003443
1025_2,4,Yammikeri,15.448012,75.00504133333332
1025_2,5,Head Post Office,15.451592333333332,75.006593
1025_2,6,Taluk Panchayat,15.453282,75.00723550000001
1025_2,7,Court Circle,15.456254999999999,75.00698
1025_2,8,Jubilee Circle,15.45894575,75.00781925
1025_2,9,Cbt-D,15.4606685,75.01141700000001
1026,1,Railway Station-D,15.443011,75.002137
1026,2,Rms,15.444066,75.00285099999999
1026,3,K E Board,15.44603,75.003443
1026,4,Yammikeri,15.448012,75.00504133333332
1026,5,Head Post Office,15.451592333333332,75.006593
1026,6,Brindhavan,15.453275999999999,75.00725449999999
1026,7,Court Circle,15.456254999999999,75.00698
1026,8,Jubilee Circle,15.45894575,75.00781925
1026,9,Old Sp Office,15.4628345,75.003431
1026,10,K C Park,15.46369,75.001007
1026,11,Mental Hospital,15.464470333333333,74.99838466666667
1026,12,New Sp Office,15.466617930796467,74.99543122362164
1026,13,New Bus Stand-D,15.467312963922167,74.99356261227416
1026,14,Kvg Bank,15.4716115,74.9907525
1026,15,Gtc,15.474909,74.9855426
1026,16,Gtc Cross Sd,15.473844,74.9832
1026,17,Bgs School,15.470952666666667,74.98229366666668
1026,18,Bendre Nagar,15.470920666666666,74.980912
1026_2,1,Bendre Nagar,15.470920666666666,74.980912
1026_2,2,Bgs School,15.470952666666667,74.98229366666668
1026_2,3,Gtc Cross Sd,15.473844,74.9832
1026_2,4,Gtc,15.474909,74.9855426
1026_2,5,Kvg Bank,15.4716115,74.9907525
1026_2,6,New Bus Stand-D,15.467312963922167,74.99356261227416
1026_2,7,New Sp Office,15.466617930796467,74.99543122362164
1026_2,8,Mental Hospital,15.464470333333333,74.99838466666667
1026_2,9,K C Park,15.46369,75.001007
1026_2,10,Old Sp Office,15.4628345,75.003431
1026_2,11,Corporation-D,15.4603805,75.00877600000001
1026_2,12,Jubilee Circle,15.45894575,75.00781925
1026_2,13,Court Circle,15.456254999999999,75.00698
1026_2,14,Taluk Panchayat,15.453282,75.00723550000001
1026_2,15,Head Post Office,15.451592333333332,75.006593
1026_2,16,Yammikeri,15.448012,75.00504133333332
1026_2,17,Rama Mandira,15.446164,75.003549
1026_2,18,Rms,15.444066,75.00285099999999
1026_2,19,Railway Station-D,15.443011,75.002137
1027,1,Cbt-D,15.4606685,75.01141700000001
1027,2,Jubilee Circle,15.45894575,75.00781925
1027,3,Old Sp Office,15.4628345,75.003431
1027,4,K C Park,15.46369,75.001007
1027,5,Mental Hospital,15.464470333333333,74.99838466666667
1027,6,New Sp Office,15.466617930796467,74.99543122362164
1027,7,New Bus Stand-D,15.467312963922167,74.99356261227416
1027,8,Kvg Bank,15.4716115,74.9907525
1027,9,J D Office,15.473995500000001,74.9890945
1027,10,Gtc,15.474909,74.9855426
1027,11,Pepsi Factory,15.477010666666667,74.98500166666666
1027,12,Dairy,15.483501,74.979516
1027,13,Yattin Gudda Cross,15.485588,74.97774749999999
1027,14,Agri University Gate,15.487123,74.97632300000001
1027,15,Admission Office,15.489196,74.980019
1027,16,Agri College,15.4907075,74.983435
1027_2,1,Agri College,15.4907075,74.983435
1027_2,2,Admission Office,15.489196,74.980019
1027_2,3,Agri University Gate,15.487123,74.97632300000001
1027_2,4,Yattin Gudda Cross,15.485588,74.97774749999999
1027_2,5,Dairy,15.483501,74.979516
1027_2,6,Pepsi Factory,15.477010666666667,74.98500166666666
1027_2,7,Gtc,15.474909,74.9855426
1027_2,8,J D Office,15.473995500000001,74.9890945
1027_2,9,Kvg Bank,15.4716115,74.9907525
1027_2,10,New Bus Stand-D,15.467312963922167,74.99356261227416
1027_2,11,New Sp Office,15.466617930796467,74.99543122362164
1027_2,12,Mental Hospital,15.464470333333333,74.99838466666667
1027_2,13,K C Park,15.46369,75.001007
1027_2,14,Old Sp Office,15.4628345,75.003431
1027_2,15,Jubilee Circle,15.45894575,75.00781925
1027_2,16,Cbt-D,15.4606685,75.01141700000001
1028,1,Cbt-D,15.4606685,75.01141700000001
1028,2,Jubilee Circle,15.45894575,75.00781925
1028,3,Old Sp Office,15.4628345,75.003431
1028,4,K C Park,15.46369,75.001007
1028,5,Mental Hospital,15.464470333333333,74.99838466666667
1028,6,New Sp Office,15.466617930796467,74.99543122362164
1028,7,New Bus Stand-D,15.467312963922167,74.99356261227416
1028,8,Kvg Bank,15.4716115,74.9907525
1028,9,J D Office,15.473995500000001,74.9890945
1028,10,Gtc,15.474909,74.9855426
1028,11,Pepsi Factory,15.477010666666667,74.98500166666666
1028,12,Dairy,15.483501,74.979516
1028,13,Yattin Gudda Cross,15.485588,74.97774749999999
1028,14,Agri University Gate,15.487123,74.97632300000001
1028,15,Airtech,15.4917725,74.97106400000001
1028,16,Basava Colony,15.4899875,74.9708975
1028,17,Basava Nagar Colony 2Nd Stop,15.4874475,74.970846
1028,18,Gurukrupa Nagar,15.485046,74.9711405
1028,19,Shiridi Nagar Cross,15.482743,74.9712815
1028,20,Shiridi Nagar D1,15.482733,74.973265
1028_2,1,Shiridi Nagar D2,15.482757,74.97325
1028_2,2,Shiridi Nagar Cross,15.482743,74.9712815
1028_2,3,Gurukrupa Nagar,15.485046,74.9711405
1028_2,4,Basava Nagar Colony 2Nd Stop,15.4874475,74.970846
1028_2,5,Basava Colony,15.4899875,74.9708975
1028_2,6,Airtech,15.4917725,74.97106400000001
1028_2,7,Agri University Gate,15.487123,74.97632300000001
1028_2,8,Yattin Gudda Cross,15.485588,74.97774749999999
1028_2,9,Dairy,15.483501,74.979516
1028_2,10,Pepsi Factory,15.477010666666667,74.98500166666666
1028_2,11,Gtc,15.474909,74.9855426
1028_2,12,J D Office,15.473995500000001,74.9890945
1028_2,13,Kvg Bank,15.4716115,74.9907525
1028_2,14,New Bus Stand-D,15.467312963922167,74.99356261227416
1028_2,15,New Sp Office,15.466617930796467,74.99543122362164
1028_2,16,Mental Hospital,15.464470333333333,74.99838466666667
1028_2,17,K C Park,15.46369,75.001007
1028_2,18,Old Sp Office,15.4628345,75.003431
1028_2,19,Corporation-D,15.4603805,75.00877600000001
1028_2,20,Cbt-D,15.4606685,75.01141700000001
1029,1,Railway Station-D,15.443011,75.002137
1029,2,Rms,15.444066,75.00285099999999
1029,3,K E Board,15.44603,75.003443
1029,4,Yammikeri,15.448012,75.00504133333332
1029,5,Head Post Office,15.451592333333332,75.006593
1029,6,Brindhavan,15.453275999999999,75.00725449999999
1029,7,Court Circle,15.456254999999999,75.00698
1029,8,Jubilee Circle,15.45894575,75.00781925
1029,9,Old Sp Office,15.4628345,75.003431
1029,10,K C Park,15.46369,75.001007
1029,11,Mental Hospital,15.464470333333333,74.99838466666667
1029,12,New Sp Office,15.466617930796467,74.99543122362164
1029,13,New Bus Stand-D,15.467312963922167,74.99356261227416
1029,14,Kvg Bank,15.4716115,74.9907525
1029,15,J D Office,15.473995500000001,74.9890945
1029,16,Gtc,15.474909,74.9855426
1029,17,Pepsi Factory,15.477010666666667,74.98500166666666
1029,18,Dairy,15.483501,74.979516
1029,19,Yattin Gudda Cross,15.485588,74.97774749999999
1029,20,Agri University Gate,15.487123,74.97632300000001
1029,21,Airtech,15.4917725,74.97106400000001
1029,22,Narendra Cross,15.495273333333335,74.96720033333334
1029,23,K E B (Power Grid),15.499924499999999,74.9559755
1029,24,Mummigatti 1St Cross,15.505744499999999,74.949077
1029,25,Mummigatti,15.509275500000001,74.94608600000001
1029,26,Garag Cross,15.5124975,74.9411595
1029,27,Tata Motors Gate,15.5161778673811,74.9305703702464
1029,28,High Court Gate,15.516960000000001,74.92722499999999
1029,29,Dharwad High Court,15.518544,74.92720349999999
1029_2,1,Dharwad High Court,15.518544,74.92720349999999
1029_2,2,High Court Gate,15.516960000000001,74.92722499999999
1029_2,3,Tata Motors Gate,15.5161778673811,74.9305703702464
1029_2,4,Garag Cross,15.5124975,74.9411595
1029_2,5,Mummigatti,15.509275500000001,74.94608600000001
1029_2,6,Mummigatti 1St Cross,15.505744499999999,74.949077
1029_2,7,K E B (Power Grid),15.499924499999999,74.9559755
1029_2,8,Narendra Cross,15.495273333333335,74.96720033333334
1029_2,9,Airtech,15.4917725,74.97106400000001
1029_2,10,Agri University Gate,15.487123,74.97632300000001
1029_2,11,Yattin Gudda Cross,15.485588,74.97774749999999
1029_2,12,Dairy,15.483501,74.979516
1029_2,13,Pepsi Factory,15.477010666666667,74.98500166666666
1029_2,14,Gtc,15.474909,74.9855426
1029_2,15,J D Office,15.473995500000001,74.9890945
1029_2,16,Kvg Bank,15.4716115,74.9907525
1029_2,17,New Bus Stand-D,15.467312963922167,74.99356261227416
1029_2,18,New Sp Office,15.466617930796467,74.99543122362164
1029_2,19,Mental Hospital,15.464470333333333,74.99838466666667
1029_2,20,K C Park,15.46369,75.001007
1029_2,21,Old Sp Office,15.4628345,75.003431
1029_2,22,Jubilee Circle,15.45894575,75.00781925
1029_2,23,Court Circle,15.456254999999999,75.00698
1029_2,24,Brindhavan,15.453275999999999,75.00725449999999
1029_2,25,Head Post Office,15.451592333333332,75.006593
1029_2,26,Yammikeri,15.448012,75.00504133333332
1029_2,27,Rama Mandira,15.446164,75.003549
1029_2,28,Rms,15.444066,75.00285099999999
1029_2,29,Railway Station-D,15.443011,75.002137
103,1,Hosur Terminal,15.3570921772309,75.12880797876
103,2,Obs Sh,15.350251965647585,75.1356732192144
103,3,Court Circle Sh,15.352425499999999,75.139278
103,4,Keshwapur Sh,15.360063,75.1473375
103,5,Madhura Colony Sh,15.363309000000001,75.155224
103,6,Shabiri Nagar Cross Sh,15.364848,75.159729
103,7,Srinivas Garden,15.366199,75.1639215
103,8,Oxford College,15.367183582409801,75.16689893132124
103,9,Durga Colony / Neeli Bangle,15.375891969689,75.1870149928382
103,10,Ram Honda,15.378467,75.1916945
103,11,Kusgal Siddharuda Matta,15.379963499999999,75.1944465
103,12,Kusgal Maruthi Nagar,15.390912,75.209797
103,13,Ms,15.39413,75.21159
103,14,Kusgal,15.398178999999999,75.210397
103,15,Kusgal Plot,15.4008565,75.2103995
103,16,Furniture Factory,15.4093605,75.20893050000001
103,17,Halla,15.448173,75.09090675
103,18,M/S L1,15.4289842141487,75.205125630391
103,19,Byahatti 1St Stop,15.444604,75.206636
103,20,Byahatti 2Nd Stop,15.447723,75.207453
103,21,Byahatti,15.4496065,75.208936
103_2,1,Byahatti,15.4496065,75.208936
103_2,2,Byahatti 2Nd Stop,15.447723,75.207453
103_2,3,Byahatti 1St Stop,15.444604,75.206636
103_2,4,M/S L,15.428984963726,75.2051486430715
103_2,5,Halla,15.448173,75.09090675
103_2,6,Furniture Factory,15.4093605,75.20893050000001
103_2,7,Kusgal Plot,15.4008565,75.2103995
103_2,8,Kusgal,15.398178999999999,75.210397
103_2,9,Ms,15.39413,75.21159
103_2,10,Kusgal Maruthi Nagar,15.390912,75.209797
103_2,11,Kusgal Siddharuda Matta,15.379963499999999,75.1944465
103_2,12,Ram Honda,15.378467,75.1916945
103_2,13,Durga Colony / Neeli Bangle,15.375891969689,75.1870149928382
103_2,14,Oxford College,15.367183582409801,75.16689893132124
103_2,15,Srinivas Garden,15.366199,75.1639215
103_2,16,Shabiri Nagar Cross Sh,15.364848,75.159729
103_2,17,Madhura Colony Sh,15.363309000000001,75.155224
103_2,18,Keshwapur Sh,15.360063,75.1473375
103_2,19,Court Circle Sh,15.352425499999999,75.139278
103_2,20,Obs Sh,15.350251965647585,75.1356732192144
103_2,21,Hosur Terminal,15.3570921772309,75.12880797876
1030,1,New Bus Stand-D,15.467312963922167,74.99356261227416
1030,2,New Sp Office,15.466617930796467,74.99543122362164
1030,3,Mental Hospital,15.464470333333333,74.99838466666667
1030,4,K C Park,15.46369,75.001007
1030,5,Old Sp Office,15.4628345,75.003431
1030,6,Jubilee Circle,15.45894575,75.00781925
1030,7,Court Circle,15.456254999999999,75.00698
1030,8,Taluk Panchayat,15.453282,75.00723550000001
1030,9,Head Post Office,15.451592333333332,75.006593
1030,10,Yammikeri,15.448012,75.00504133333332
1030,11,Rama Mandira,15.446164,75.003549
1030,12,Rms,15.444066,75.00285099999999
1030,13,Railway Station-D,15.443011,75.002137
1030_2,1,Railway Station-D,15.443011,75.002137
1030_2,2,Rms,15.444066,75.00285099999999
1030_2,3,K E Board,15.44603,75.003443
1030_2,4,Yammikeri,15.448012,75.00504133333332
1030_2,5,Head Post Office,15.451592333333332,75.006593
1030_2,6,Brindhavan,15.453275999999999,75.00725449999999
1030_2,7,Court Circle,15.456254999999999,75.00698
1030_2,8,Jubilee Circle,15.45894575,75.00781925
1030_2,9,Old Sp Office,15.4628345,75.003431
1030_2,10,K C Park,15.46369,75.001007
1030_2,11,Mental Hospital,15.464470333333333,74.99838466666667
1030_2,12,New Sp Office,15.466617930796467,74.99543122362164
1030_2,13,New Bus Stand-D,15.467312963922167,74.99356261227416
1031,1,Cbt-D,15.4606685,75.01141700000001
1031,2,Jubilee Circle,15.45894575,75.00781925
1031,3,Court Circle,15.456254999999999,75.00698
1031,4,Taluk Panchayat,15.453282,75.00723550000001
1031,5,Head Post Office,15.451592333333332,75.006593
1031,6,Yammikeri,15.448012,75.00504133333332
1031,7,Rama Mandira,15.446164,75.003549
1031,8,Rms,15.444066,75.00285099999999
1031,9,Railway Station-D,15.443011,75.002137
1031_2,1,Railway Station-D4,15.443011,75.002123
1031_2,2,Rms,15.444066,75.00285099999999
1031_2,3,K E Board,15.44603,75.003443
1031_2,4,Yammikeri,15.448012,75.00504133333332
1031_2,5,Head Post Office,15.451592333333332,75.006593
1031_2,6,Taluk Panchayat,15.453282,75.00723550000001
1031_2,7,Court Circle,15.456254999999999,75.00698
1031_2,8,Jubilee Circle,15.45894575,75.00781925
1031_2,9,Cbt-D,15.4606685,75.01141700000001
1032,1,Cbt-D,15.4606685,75.01141700000001
1032,2,Jubilee Circle,15.45894575,75.00781925
1032,3,Court Circle,15.456254999999999,75.00698
1032,4,Nttf,15.4523115,75.0104
1032,5,Hosa Yallapur Cross,15.45037325,75.01101975
1032,6,Toll Naka - D,15.446940982389,75.01232067405317
1032,7,Modern Hall,15.444540250000001,75.01296325
1032,8,Suvarna Petrol Bunk,15.442373,75.015536
1032,9,Vidya Giri,15.44013,75.017589
1032,10,Gandhi Nagar Cross - D,15.4372,75.01961700000001
1032,11,Yalakki Shetter Colony,15.436132941869051,75.02176938649085
1032,12,Kmf - D,15.4338825,75.0236025
1032,13,Lakamanahalli Corridor,15.432593,75.02541049999999
1032,14,Navlur K E B,15.4314745,75.027285
1032,15,Ozone,15.430247999999999,75.0305755
1032,16,Navalur Cross,15.42720845,75.03424239
1032,17,Dental Cross,15.42007155278445,75.0393727901783
1032,18,Ashraya Colony,15.415932999999999,75.0353395
1032,19,Tadasinakoppa Cross,15.413162999999999,75.03226833333333
1032,20,Udaygiri 1St Stop,15.4081005,75.0309675
1032,21,Udaygiri 2Nd Stop,15.406925000000001,75.0328485
1032,22,Udaygiri,15.405677,75.03474700000001
1032_2,1,Udaygiri,15.405677,75.03474700000001
1032_2,2,Udaygiri 2Nd Stop,15.406925000000001,75.0328485
1032_2,3,Udaygiri 1St Stop,15.4081005,75.0309675
1032_2,4,Tadasinakoppa Cross,15.413162999999999,75.03226833333333
1032_2,5,Ashraya Colony,15.415932999999999,75.0353395
1032_2,6,Dental Cross,15.42007155278445,75.0393727901783
1032_2,7,Navalur Cross,15.42720845,75.03424239
1032_2,8,Ozone,15.430247999999999,75.0305755
1032_2,9,Navlur K E B,15.4314745,75.027285
1032_2,10,Lakamanahalli Corridor,15.432593,75.02541049999999
1032_2,11,Kmf - D,15.4338825,75.0236025
1032_2,12,Yalakki Shetter Colony,15.436132941869051,75.02176938649085
1032_2,13,Gandhi Nagar Cross - D,15.4372,75.01961700000001
1032_2,14,Vidya Giri,15.44013,75.017589
1032_2,15,Suvarna Petrol Bunk,15.442373,75.015536
1032_2,16,Toll Naka - D,15.446940982389,75.01232067405317
1032_2,17,Hosa Yallapur Cross,15.45037325,75.01101975
1032_2,18,Nttf,15.4523115,75.0104
1032_2,19,Court Circle,15.456254999999999,75.00698
1032_2,20,Jubilee Circle,15.45894575,75.00781925
1032_2,21,Cbt-D,15.4606685,75.01141700000001
1033,1,Cbt-D,15.4606685,75.01141700000001
1033,2,Shivaji Circle,15.46469075,75.01383675
1033,3,Haveripete,15.467393,75.01621399999999
1033,4,Depot Circle,15.467816,75.0178145
1033,5,Murusavira Matta D,15.4676395,75.01857849999999
1033,6,Joshi Hall,15.4684305,75.02211299999999
1033,7,Siddharama Colony,15.469259000000001,75.0248095
1033,8,Madihal,15.469505999999999,75.0256105
1033_2,1,Madihal,15.469505999999999,75.0256105
1033_2,2,Siddharama Colony,15.469259000000001,75.0248095
1033_2,3,Joshi Hall,15.4684305,75.02211299999999
1033_2,4,Murusavira Matta D,15.4676395,75.01857849999999
1033_2,5,Depot Circle,15.467816,75.0178145
1033_2,6,Haveripete,15.467393,75.01621399999999
1033_2,7,Shivaji Circle,15.46469075,75.01383675
1033_2,8,Cbt-D,15.4606685,75.01141700000001
1034,1,Cbt-D,15.4606685,75.01141700000001
1034,2,Jubilee Circle,15.45894575,75.00781925
1034,3,Old Sp Office,15.4628345,75.003431
1034,4,K C Park,15.46369,75.001007
1034,5,Mental Hospital,15.464470333333333,74.99838466666667
1034,6,New Sp Office,15.466617930796467,74.99543122362164
1034,7,New Bus Stand-D,15.467312963922167,74.99356261227416
1034,8,Kvg Bank,15.4716115,74.9907525
1034,9,J D Office,15.473995500000001,74.9890945
1034,10,Gtc,15.474909,74.9855426
1034,11,Pepsi Factory,15.477010666666667,74.98500166666666
1034,12,Dairy,15.483501,74.979516
1034,13,Yattin Gudda Cross,15.485588,74.97774749999999
1034,14,Agri University Gate,15.487123,74.97632300000001
1034,15,Airtech,15.4917725,74.97106400000001
1034,16,Narendra Cross,15.495273333333335,74.96720033333334
1034,17,Kayak Nagar Cross,15.499430499999999,74.95734999999999
1034,18,Kayaka Nagar 1St Stop,15.502037,74.961005
1034,19,Kayak Nagar 2Nd Stop,15.5028365,74.96184249999999
1034,20,Kayaka Nagar 3Rd Stop,15.5033955,74.961727
1034,21,Kayak Nagar,15.503917,74.961541
1034_2,1,Kayak Nagar,15.503917,74.961541
1034_2,2,Kayaka Nagar 3Rd Stop,15.5033955,74.961727
1034_2,3,Kayak Nagar 2Nd Stop,15.5028365,74.96184249999999
1034_2,4,Kayaka Nagar 1St Stop,15.502037,74.961005
1034_2,5,Kayak Nagar Cross,15.499430499999999,74.95734999999999
1034_2,6,Narendra Cross,15.495273333333335,74.96720033333334
1034_2,7,Airtech,15.4917725,74.97106400000001
1034_2,8,Agri University Gate,15.487123,74.97632300000001
1034_2,9,Yattin Gudda Cross,15.485588,74.97774749999999
1034_2,10,Dairy,15.483501,74.979516
1034_2,11,Pepsi Factory,15.477010666666667,74.98500166666666
1034_2,12,Gtc,15.474909,74.9855426
1034_2,13,J D Office,15.473995500000001,74.9890945
1034_2,14,Kvg Bank,15.4716115,74.9907525
1034_2,15,New Bus Stand-D,15.467312963922167,74.99356261227416
1034_2,16,New Sp Office,15.466617930796467,74.99543122362164
1034_2,17,Mental Hospital,15.464470333333333,74.99838466666667
1034_2,18,K C Park,15.46369,75.001007
1034_2,19,Old Sp Office,15.4628345,75.003431
1034_2,20,Jubilee Circle,15.45894575,75.00781925
1034_2,21,Cbt-D,15.4606685,75.01141700000001
1037,1,Cbt-D,15.4606685,75.01141700000001
1037,2,Shivaji Circle,15.46469075,75.01383675
1037,3,Ramana Gouda Cross,15.466611499999999,75.0081335
1037,4,New English School-D,15.466818,75.0061515
1037,5,Gulganjikoppa School,15.466834500000001,75.0038185
1037,6,Doddamani Hall,15.4687385,75.0015515
1037,7,Hittina Girani,15.470112499999999,75.0004005
1037,8,Gaadhi Karkhane,15.4708925,74.9999975
1037,9,Sainik Nagar,15.4727155,74.99936299999999
1037,10,Mehabub Nagar,15.475051,74.998571
1037_2,1,Mehabub Nagar,15.475051,74.998571
1037_2,2,Sainik Nagar,15.4727155,74.99936299999999
1037_2,3,Gaadhi Karkhane,15.4708925,74.9999975
1037_2,4,Hittina Girani,15.470112499999999,75.0004005
1037_2,5,Doddamani Hall,15.4687385,75.0015515
1037_2,6,Gulganjikoppa School,15.466834500000001,75.0038185
1037_2,7,New English School-D,15.466818,75.0061515
1037_2,8,Karnataka Bank D2,15.465649,75.007185
1037_2,9,Shivaji Circle,15.46469075,75.01383675
1037_2,10,Cbt-D,15.4606685,75.01141700000001
1038,1,Cbt-D,15.4606685,75.01141700000001
1038,2,Jubilee Circle,15.45894575,75.00781925
1038,3,Court Circle,15.456254999999999,75.00698
1038,4,Taluk Panchayat,15.453282,75.00723550000001
1038,5,Head Post Office,15.451592333333332,75.006593
1038,6,Yammikeri,15.448012,75.00504133333332
1038,7,Kamalapura Cross,15.4461105,75.0033235
1038,8,Railway Gate,15.39869525,75.08628425
1038,9,Hattikol,15.440902,75.000964
1038,10,Halbavi Matta,15.439885499999999,74.9990855
1038,11,Shree Ram Nagar Cross,15.439071,74.9978115
1038,12,Shree Ram Nagar 1St Stop,15.435573999999999,74.998599
1038,13,Shree Ram Nagar,15.4340905,74.99751599999999
1038_2,1,Shree Ram Nagar,15.4340905,74.99751599999999
1038_2,2,Shree Ram Nagar 1St Stop,15.435573999999999,74.998599
1038_2,3,Church Dwd,15.4363215,74.9980245
1038_2,4,Shree Ram Nagar Cross,15.439071,74.9978115
1038_2,5,Halbavi Matta,15.439885499999999,74.9990855
1038_2,6,Railway Gate,15.39869525,75.08628425
1038_2,7,Kamalapura Cross,15.4461105,75.0033235
1038_2,8,Yammikeri,15.448012,75.00504133333332
1038_2,9,Head Post Office,15.451592333333332,75.006593
1038_2,10,Brindhavan,15.453275999999999,75.00725449999999
1038_2,11,Court Circle,15.456254999999999,75.00698
1038_2,12,Jubilee Circle,15.45894575,75.00781925
1038_2,13,Cbt-D,15.4606685,75.01141700000001
1039,1,Cbt-D,15.4606685,75.01141700000001
1039,2,Jubilee Circle,15.45894575,75.00781925
1039,3,Old Sp Office,15.4628345,75.003431
1039,4,K C Park,15.46369,75.001007
1039,5,Mental Hospital,15.464470333333333,74.99838466666667
1039,6,New Sp Office,15.466617930796467,74.99543122362164
1039,7,New Bus Stand-D,15.467312963922167,74.99356261227416
1039,8,Kvg Bank,15.4716115,74.9907525
1039,9,J D Office,15.473995500000001,74.9890945
1039,10,Gtc,15.474909,74.9855426
1039,11,Pepsi Factory,15.477010666666667,74.98500166666666
1039,12,Dairy,15.483501,74.979516
1039,13,Yattin Gudda Cross,15.485588,74.97774749999999
1039,14,Agri University Gate,15.487123,74.97632300000001
1039,15,Airtech,15.4917725,74.97106400000001
1039,16,Narendra Cross,15.495273333333335,74.96720033333334
1039,17,K E B (Power Grid),15.499924499999999,74.9559755
1039,18,Mummigatti 1St Cross,15.505744499999999,74.949077
1039,19,Mummigatti,15.509275500000001,74.94608600000001
1039,20,Garag Cross,15.5124975,74.9411595
1039,21,Tata Motors Gate,15.5161778673811,74.9305703702464
1039,22,High Court Gate,15.516960000000001,74.92722499999999
1039,23,Dharwad High Court,15.518544,74.92720349999999
104,1,Hosur Terminal,15.3570921772309,75.12880797876
104,2,Obs Sh,15.350251965647585,75.1356732192144
104,3,Court Circle Sh,15.352425499999999,75.139278
104,4,Keshwapur Sh,15.360063,75.1473375
104,5,Madhura Colony Sh,15.363309000000001,75.155224
104,6,Shabiri Nagar Cross Sh,15.364848,75.159729
104,7,Srinivas Garden,15.366199,75.1639215
104,8,Oxford College,15.367183582409801,75.16689893132124
104,9,Durga Colony / Neeli Bangle,15.375891969689,75.1870149928382
104,10,Ram Honda,15.378467,75.1916945
104,11,Kusgal Siddharuda Matta,15.379963499999999,75.1944465
104,12,Kusgal Maruthi Nagar,15.390912,75.209797
104,13,Ms,15.39413,75.21159
104,14,Kusgal,15.398178999999999,75.210397
104,15,Kusgal Plot,15.4008565,75.2103995
104,16,Furniture Factory,15.4093605,75.20893050000001
104,17,Halla,15.448173,75.09090675
104,18,M/S L1,15.4289842141487,75.205125630391
104,19,Byahatti 1St Stop,15.444604,75.206636
104,20,Byahatti 2Nd Stop,15.447723,75.207453
104,21,Byahatti,15.4496065,75.208936
104,22,Sangolli Rayana School,15.4501435,75.214338
104,23,Byahatti Plot,15.451284999999999,75.2229125
104_2,1,Byahatti Plot,15.451284999999999,75.2229125
104_2,2,Sangolli Rayana School,15.4501435,75.214338
104_2,3,Byahatti,15.4496065,75.208936
104_2,4,Byahatti 2Nd Stop,15.447723,75.207453
104_2,5,Byahatti 1St Stop,15.444604,75.206636
104_2,6,M/S L,15.428984963726,75.2051486430715
104_2,7,Halla,15.448173,75.09090675
104_2,8,Furniture Factory,15.4093605,75.20893050000001
104_2,9,Kusgal Plot,15.4008565,75.2103995
104_2,10,Kusgal,15.398178999999999,75.210397
104_2,11,Ms,15.39413,75.21159
104_2,12,Kusgal Maruthi Nagar,15.390912,75.209797
104_2,13,Kusgal Siddharuda Matta,15.379963499999999,75.1944465
104_2,14,Ram Honda,15.378467,75.1916945
104_2,15,Durga Colony / Neeli Bangle,15.375891969689,75.1870149928382
104_2,16,Oxford College,15.367183582409801,75.16689893132124
104_2,17,Srinivas Garden,15.366199,75.1639215
104_2,18,Shabiri Nagar Cross Sh,15.364848,75.159729
104_2,19,Madhura Colony Sh,15.363309000000001,75.155224
104_2,20,Keshwapur Sh,15.360063,75.1473375
104_2,21,Court Circle Sh,15.352425499999999,75.139278
104_2,22,Ocbs Feeder,15.350899,75.135993
104_2,23,Hosur Terminal,15.3570921772309,75.12880797876
1040,1,Cbt-D,15.4606685,75.01141700000001
1040,2,Jubilee Circle,15.45894575,75.00781925
1040,3,Court Circle,15.456254999999999,75.00698
1040,4,Nttf,15.4523115,75.0104
1040,5,Hosa Yallapur Cross,15.45037325,75.01101975
1040,6,Toll Naka - D,15.446940982389,75.01232067405317
1040,7,Modern Hall,15.444540250000001,75.01296325
1040,8,Suvarna Petrol Bunk,15.442373,75.015536
1040,9,Vidya Giri,15.44013,75.017589
1040,10,Gandhi Nagar Cross - D,15.4372,75.01961700000001
1040,11,Yalakki Shetter Colony,15.436132941869051,75.02176938649085
1040,12,Kmf - D,15.4338825,75.0236025
1040,13,Gurudev Nagar 1St Stop,15.431066999999999,75.023494
1040,14,Gurudeva Nagar,15.429861,75.023814
1040_2,1,Gurudeva Nagar,15.429861,75.023814
1040_2,2,Gurudev Nagar 1St Stop,15.431066999999999,75.023494
1040_2,3,Kmf - D,15.4338825,75.0236025
1040_2,4,Yalakki Shetter Colony,15.436132941869051,75.02176938649085
1040_2,5,Gandhi Nagar Cross - D,15.4372,75.01961700000001
1040_2,6,Vidya Giri,15.44013,75.017589
1040_2,7,Suvarna Petrol Bunk,15.442373,75.015536
1040_2,8,Modern Hall,15.444540250000001,75.01296325
1040_2,9,Toll Naka - D,15.446940982389,75.01232067405317
1040_2,10,Hosa Yallapur Cross,15.45037325,75.01101975
1040_2,11,Nttf,15.4523115,75.0104
1040_2,12,Court Circle,15.456254999999999,75.00698
1040_2,13,Jubilee Circle,15.45894575,75.00781925
1040_2,14,Cbt-D,15.4606685,75.01141700000001
1042,1,Cbt-D,15.4606685,75.01141700000001
1042,2,Jubilee Circle,15.45894575,75.00781925
1042,3,Court Circle,15.456254999999999,75.00698
1042,4,Taluk Panchayat,15.453282,75.00723550000001
1042,5,Head Post Office,15.451592333333332,75.006593
1042,6,Yammikeri,15.448012,75.00504133333332
1042,7,Kaboor Road Cross,15.447713499999999,75.007487
1042,8,Water Tank D,15.4460695,75.006405
1042,9,Rayara Mata,15.443769,75.0062495
1042,10,Venkteshwara Temple,15.4423315,75.0091435
1042,11,Saraswathipura,15.438922,75.01107775
1042,12,Saraswathipura Cross,15.438742333333332,75.011025
1042,13,Tejasvi Nagar Bridge,15.435976000000002,75.01107833333333
1042,14,Purohith Nagar,15.433855,75.0118075
1042,15,Sdm Engg College,15.4313045,75.012247
1042,16,Someshwara Temple,15.426247,75.014162
1042_2,1,Someshwara Temple,15.426247,75.014162
1042_2,2,Sdm Engg College,15.4313045,75.012247
1042_2,3,Purohith Nagar,15.433855,75.0118075
1042_2,4,Tajesavi Nagar,15.4356785,75.01106300000001
1042_2,5,Saraswathipura Cross,15.438742333333332,75.011025
1042_2,6,Saraswathipura,15.438922,75.01107775
1042_2,7,Venkteshwara Temple,15.4423315,75.0091435
1042_2,8,Rayara Mata,15.443769,75.0062495
1042_2,9,Water Tank D,15.4460695,75.006405
1042_2,10,Kaboor Road Cross,15.447713499999999,75.007487
1042_2,11,Yammikeri,15.448012,75.00504133333332
1042_2,12,Head Post Office,15.451592333333332,75.006593
1042_2,13,Taluk Panchayat,15.453282,75.00723550000001
1042_2,14,Court Circle,15.456254999999999,75.00698
1042_2,15,Jubilee Circle,15.45894575,75.00781925
1042_2,16,Cbt-D,15.4606685,75.01141700000001
1043,1,Cbt-D,15.4606685,75.01141700000001
1043,2,Jubilee Circle,15.45894575,75.00781925
1043,3,Lic,15.456875499999999,75.00295650000001
1043,4,K C D,15.455365,74.9983735
1043,5,Dasanakoppa Cross,15.455907666666667,74.99328266666667
1043,6,Lic Quarters,15.459552,74.9939685
1043,7,Narayanapura,15.461655,74.994489
1043,8,German Hospital,15.464104333333333,74.99517266666668
1043,9,Jambagi Hospital,15.4638285,74.9923615
1043,10,Bendre Bhavana,15.463579500000002,74.98813200000001
1043,11,Sadhankeri,15.462976333333332,74.98642266666667
1043,12,Chaitanya Park,15.465180499999999,74.9856155
1043,13,St Antony Circle,15.467236,74.98428200000001
1043,14,Vikas Nagar,15.469332000000001,74.9824455
1043,15,Bgs School,15.470952666666667,74.98229366666668
1043,16,Bendre Nagar,15.470920666666666,74.980912
1043,17,Sampige Nagar 1St Stop,15.4690595,74.98063350000001
1043,18,Sampige Nagar 2Nd Stop,15.4671625,74.9801465
1043,19,Sampige Nagar 3Rd Stop,15.465715,74.979647
1043,20,Shantinikethan D,15.463927,74.9798175
1043_2,1,Shantinikethan D,15.463927,74.9798175
1043_2,2,Sampige Nagar 3Rd Stop,15.465715,74.979647
1043_2,3,Sampige Nagar 2Nd Stop,15.4671625,74.9801465
1043_2,4,Sampige Nagar 1St Stop,15.4690595,74.98063350000001
1043_2,5,Bendre Nagar,15.470920666666666,74.980912
1043_2,6,Bgs School,15.470952666666667,74.98229366666668
1043_2,7,Vikas Nagar,15.469332000000001,74.9824455
1043_2,8,St Antony Circle,15.467236,74.98428200000001
1043_2,9,Chaitanya Park,15.465180499999999,74.9856155
1043_2,10,Sadhankeri,15.462976333333332,74.98642266666667
1043_2,11,Bendre Bhavana,15.463579500000002,74.98813200000001
1043_2,12,Jambagi Hospital,15.4638285,74.9923615
1043_2,13,German Hospital,15.464104333333333,74.99517266666668
1043_2,14,Narayanapura,15.461655,74.994489
1043_2,15,Lic Quarters,15.459552,74.9939685
1043_2,16,Dasanakoppa Cross,15.455907666666667,74.99328266666667
1043_2,17,K C D,15.455365,74.9983735
1043_2,18,Lic,15.456875499999999,75.00295650000001
1043_2,19,Jubilee Circle,15.45894575,75.00781925
1043_2,20,Cbt-D,15.4606685,75.01141700000001
1044,1,Cbt-D,15.4606685,75.01141700000001
1044,2,Jubilee Circle,15.45894575,75.00781925
1044,3,Court Circle,15.456254999999999,75.00698
1044,4,Taluk Panchayat,15.453282,75.00723550000001
1044,5,Head Post Office,15.451592333333332,75.006593
1044,6,Yammikeri,15.448012,75.00504133333332
1044,7,Kaboor Road Cross,15.447713499999999,75.007487
1044,8,Water Tank D,15.4460695,75.006405
1044,9,Rayara Mata,15.443769,75.0062495
1044,10,Venkteshwara Temple,15.4423315,75.0091435
1044,11,Saraswathipura,15.438922,75.01107775
1044,12,Saraswathipura Cross,15.438742333333332,75.011025
1044,13,Tejasvi Nagar Bridge,15.435976000000002,75.01107833333333
1044,14,Tajesavi Nagar,15.4356785,75.01106300000001
1044_2,1,Tajesavi Nagar,15.4356785,75.01106300000001
1044_2,2,Saraswathipura Cross,15.438742333333332,75.011025
1044_2,3,Saraswathipura,15.438922,75.01107775
1044_2,4,Venkteshwara Temple,15.4423315,75.0091435
1044_2,5,Rayara Mata,15.443769,75.0062495
1044_2,6,Water Tank D,15.4460695,75.006405
1044_2,7,Kaboor Road Cross,15.447713499999999,75.007487
1044_2,8,Yammikeri,15.448012,75.00504133333332
1044_2,9,Head Post Office,15.451592333333332,75.006593
1044_2,10,Taluk Panchayat,15.453282,75.00723550000001
1044_2,11,Court Circle,15.456254999999999,75.00698
1044_2,12,Jubilee Circle,15.45894575,75.00781925
1044_2,13,Cbt-D,15.4606685,75.01141700000001
1046,1,Navlur,15.428914500000001,75.0415075
1046,2,Navlur School,15.428422000000001,75.0390415
1046,3,Chavani,15.4282675,75.0360685
1046,4,Navalur Cross,15.42720845,75.03424239
1046,5,Ozone,15.430247999999999,75.0305755
1046,6,Navlur K E B,15.4314745,75.027285
1046,7,Lakamanahalli Corridor,15.432593,75.02541049999999
1046,8,Kmf - D,15.4338825,75.0236025
1046,9,Yalakki Shetter Colony,15.436132941869051,75.02176938649085
1046,10,Gandhi Nagar Cross - D,15.4372,75.01961700000001
1046,11,Vidya Giri,15.44013,75.017589
1046,12,Suvarna Petrol Bunk,15.442373,75.015536
1046,13,Modern Hall,15.444540250000001,75.01296325
1046,14,Toll Naka - D,15.446940982389,75.01232067405317
1046,15,Hosa Yallapur Cross,15.45037325,75.01101975
1046,16,Nttf,15.4523115,75.0104
1046,17,Court Circle,15.456254999999999,75.00698
1046,18,Jubilee Circle,15.45894575,75.00781925
1046,19,Cbt-D,15.4606685,75.01141700000001
1046_2,1,Cbt-D,15.4606685,75.01141700000001
1046_2,2,Jubilee Circle,15.45894575,75.00781925
1046_2,3,Court Circle,15.456254999999999,75.00698
1046_2,4,Nttf,15.4523115,75.0104
1046_2,5,Hosa Yallapur Cross,15.45037325,75.01101975
1046_2,6,Toll Naka - D,15.446940982389,75.01232067405317
1046_2,7,Modern Hall,15.444540250000001,75.01296325
1046_2,8,Suvarna Petrol Bunk,15.442373,75.015536
1046_2,9,Vidya Giri,15.44013,75.017589
1046_2,10,Gandhi Nagar Cross - D,15.4372,75.01961700000001
1046_2,11,Yalakki Shetter Colony,15.436132941869051,75.02176938649085
1046_2,12,Kmf - D,15.4338825,75.0236025
1046_2,13,Lakamanahalli Corridor,15.432593,75.02541049999999
1046_2,14,Navlur K E B,15.4314745,75.027285
1046_2,15,Ozone,15.430247999999999,75.0305755
1046_2,16,Navlur Cross,15.42782197,75.0337055
1046_2,17,Chavani,15.4282675,75.0360685
1046_2,18,Navlur School,15.428422000000001,75.0390415
1046_2,19,Navlur,15.428914500000001,75.0415075
1047,1,Cbt-D,15.4606685,75.01141700000001
1047,2,Jubilee Circle,15.45894575,75.00781925
1047,3,Court Circle,15.456254999999999,75.00698
1047,4,Nttf,15.4523115,75.0104
1047,5,Hosa Yallapur Cross,15.45037325,75.01101975
1047,6,Toll Naka - D,15.446940982389,75.01232067405317
1047,7,Modern Hall,15.444540250000001,75.01296325
1047,8,Suvarna Petrol Bunk,15.442373,75.015536
1047,9,Vidya Giri,15.44013,75.017589
1047,10,Gandhi Nagar Cross - D,15.4372,75.01961700000001
1047,11,Yalakki Shetter Colony,15.436132941869051,75.02176938649085
1047,12,Kmf - D,15.4338825,75.0236025
1047,13,Lakamanahalli Corridor,15.432593,75.02541049999999
1047,14,Navlur K E B,15.4314745,75.027285
1047,15,Ozone,15.430247999999999,75.0305755
1047,16,Navalur Cross,15.42720845,75.03424239
1047,17,Dental Cross,15.42007155278445,75.0393727901783
1047,18,Vanashri Nagar Cross,15.417652,75.03652550000001
1047,19,Ashraya Colony,15.415932999999999,75.0353395
1047,20,Uday Giri Cross,15.410736,75.030878
1047,21,Itti Gatti Cross,15.4136355,75.02789050000001
1047,22,Basavanna Temple,15.412064,75.0255445
1047,23,Durgamma Temple Tadasinkoppa,15.4106405,75.0241
1047,24,Tadasinakoppa Govt School,15.4074595,75.022375
1047,25,Tadsinakoppa,15.405659,75.020007
1047_2,1,Tadsinkoppa,15.405596,75.020141
1047_2,2,Tadasinakoppa Govt School,15.4074595,75.022375
1047_2,3,Durgamma Temple Tadasinkoppa,15.4106405,75.0241
1047_2,4,Basavanna Temple,15.412064,75.0255445
1047_2,5,Itti Gatti Cross,15.4136355,75.02789050000001
1047_2,6,Uday Giri Cross,15.410736,75.030878
1047_2,7,Ashraya Colony,15.415932999999999,75.0353395
1047_2,8,Vanashri Nagar Cross,15.417652,75.03652550000001
1047_2,9,Dental Cross,15.42007155278445,75.0393727901783
1047_2,10,Navalur Cross,15.42720845,75.03424239
1047_2,11,Ozone,15.430247999999999,75.0305755
1047_2,12,Navlur K E B,15.4314745,75.027285
1047_2,13,Lakamanahalli Corridor,15.432593,75.02541049999999
1047_2,14,Kmf - D,15.4338825,75.0236025
1047_2,15,Yalakki Shetter Colony,15.436132941869051,75.02176938649085
1047_2,16,Gandhi Nagar Cross - D,15.4372,75.01961700000001
1047_2,17,Vidya Giri,15.44013,75.017589
1047_2,18,Suvarna Petrol Bunk,15.442373,75.015536
1047_2,19,Modern Hall,15.444540250000001,75.01296325
1047_2,20,Toll Naka - D,15.446940982389,75.01232067405317
1047_2,21,Hosa Yallapur Cross,15.45037325,75.01101975
1047_2,22,Nttf,15.4523115,75.0104
1047_2,23,Court Circle,15.456254999999999,75.00698
1047_2,24,Jubilee Circle,15.45894575,75.00781925
1047_2,25,Cbt-D,15.4606685,75.01141700000001
1048,1,Cbt-D,15.4606685,75.01141700000001
1048,2,Jubilee Circle,15.45894575,75.00781925
1048,3,Court Circle,15.456254999999999,75.00698
1048,4,Nttf,15.4523115,75.0104
1048,5,Hosa Yallapur Cross,15.45037325,75.01101975
1048,6,Toll Naka - D,15.446940982389,75.01232067405317
1048,7,Modern Hall,15.444540250000001,75.01296325
1048,8,Suvarna Petrol Bunk,15.442373,75.015536
1048,9,Vidya Giri,15.44013,75.017589
1048,10,Gandhi Nagar Cross - D,15.4372,75.01961700000001
1048,11,Yalakki Shetter Colony,15.436132941869051,75.02176938649085
1048,12,Kmf - D,15.4338825,75.0236025
1048,13,Lakamanahalli Corridor,15.432593,75.02541049999999
1048,14,Navlur K E B,15.4314745,75.027285
1048,15,Ozone,15.430247999999999,75.0305755
1048,16,Navalur Cross,15.42720845,75.03424239
1048,17,Dental Cross,15.42007155278445,75.0393727901783
1048,18,Ashraya Colony Cross,15.4175945,75.036616
1048,19,Sdm Quarters,15.414536,75.03792849999999
1048,20,Vanashri Nagar 1St Stop,15.41227,75.03803400000001
1048,21,Kondappan Layout,15.4107355,75.037674
1048,22,Shreyas Colony,15.409845,75.039079
1048,23,Rama Krishna,15.411657,75.040561
1048,24,Vanashri Nagar,15.411991,75.043206
1048_2,1,Vanashri Nagar,15.411991,75.043206
1048_2,2,Rama Krishna,15.411657,75.040561
1048_2,3,Shreyas Colony,15.409845,75.039079
1048_2,4,Kondappan Layout,15.4107355,75.037674
1048_2,5,Vanashri Nagar 1St Stop,15.41227,75.03803400000001
1048_2,6,Sdm Quarters,15.414536,75.03792849999999
1048_2,7,Ashraya Colony Cross,15.4175945,75.036616
1048_2,8,Dental Cross,15.42007155278445,75.0393727901783
1048_2,9,Navalur Cross,15.42720845,75.03424239
1048_2,10,Ozone,15.430247999999999,75.0305755
1048_2,11,Navlur K E B,15.4314745,75.027285
1048_2,12,Lakamanahalli Corridor,15.432593,75.02541049999999
1048_2,13,Kmf - D,15.4338825,75.0236025
1048_2,14,Yalakki Shetter Colony,15.436132941869051,75.02176938649085
1048_2,15,Gandhi Nagar Cross - D,15.4372,75.01961700000001
1048_2,16,Vidya Giri,15.44013,75.017589
1048_2,17,Suvarna Petrol Bunk,15.442373,75.015536
1048_2,18,Modern Hall,15.444540250000001,75.01296325
1048_2,19,Toll Naka - D,15.446940982389,75.01232067405317
1048_2,20,Hosa Yallapur Cross,15.45037325,75.01101975
1048_2,21,Nttf,15.4523115,75.0104
1048_2,22,Court Circle,15.456254999999999,75.00698
1048_2,23,Jubilee Circle,15.45894575,75.00781925
1048_2,24,Cbt-D,15.4606685,75.01141700000001
1049,1,Cbt-D,15.4606685,75.01141700000001
1049,2,Jubilee Circle,15.45894575,75.00781925
1049,3,Old Sp Office,15.4628345,75.003431
1049,4,K C Park,15.46369,75.001007
1049,5,Mental Hospital,15.464470333333333,74.99838466666667
1049,6,New Sp Office,15.466617930796467,74.99543122362164
1049,7,New Bus Stand-D,15.467312963922167,74.99356261227416
1049_2,1,New Bus Stand-D,15.467312963922167,74.99356261227416
1049_2,2,New Sp Office,15.466617930796467,74.99543122362164
1049_2,3,Mental Hospital,15.464470333333333,74.99838466666667
1049_2,4,K C Park,15.46369,75.001007
1049_2,5,Old Sp Office,15.4628345,75.003431
1049_2,6,Jubilee Circle,15.45894575,75.00781925
1049_2,7,Cbt-D,15.4606685,75.01141700000001
105,1,Chabbi,15.230042000000001,75.15884199999999
105,2,Chabbi Socity,15.22943,75.155862
105,3,Haralikatti 2Nd Cross,15.2270735,75.1522665
105,4,Chabbi Siddharudha Matt,15.226652,75.1487455
105,5,Haralikatti 1St Cross,15.226061,75.1457695
105,6,Chabbi Cross,15.223025,75.1410215
105,7,Pale Cross,15.246822,75.144714
105,8,Serevad Cross,15.252400999999999,75.14568700000001
105,9,Noolvi Cross,15.268582714285714,75.15226557142857
105,10,Adrgunchi Cross,15.281645348047,75.14734297007577
105,11,Budarsingi,15.288644000000001,75.14552900000001
105,12,Kundagol Cross,15.295943,75.1464805
105,13,Gabbur Sh,15.317306,75.1440665
105,14,Bidnal Cross Sh,15.329774,75.14363900000001
105,15,Bankapur Chouk Sh,15.335399500000001,75.1417405
105,16,New English School Sh,15.3386415,75.1375455
105,17,Noorani Market,15.3487605349152,75.13799986249865
105,18,Obs Sh,15.350251965647585,75.1356732192144
105,19,Hosur Terminal,15.3570921772309,75.12880797876
105_2,1,Hosur Terminal,15.3570921772309,75.12880797876
105_2,2,Obs Sh,15.350251965647585,75.1356732192144
105_2,3,Noorani Market,15.3487605349152,75.13799986249865
105_2,4,New English School Sh,15.3386415,75.1375455
105_2,5,Bankapur Chouk Sh,15.335399500000001,75.1417405
105_2,6,Bidnal Cross Sh,15.329774,75.14363900000001
105_2,7,Gabbur Sh,15.317306,75.1440665
105_2,8,Kundagol Cross,15.295943,75.1464805
105_2,9,Budarsingi,15.288644000000001,75.14552900000001
105_2,10,Adrgunchi Cross,15.281645348047,75.14734297007577
105_2,11,Noolvi Cross,15.268582714285714,75.15226557142857
105_2,12,Serevad Cross,15.252400999999999,75.14568700000001
105_2,13,Pala Cross,15.2467223930866,75.1449405445195
105_2,14,Chabbi Cross,15.223025,75.1410215
105_2,15,Haralikatti 1St Cross,15.226061,75.1457695
105_2,16,Chabbi Siddharudha Matt,15.226652,75.1487455
105_2,17,Haralikatti 2Nd Cross,15.2270735,75.1522665
105_2,18,Chabbi Socity,15.22943,75.155862
105_2,19,Chabbi,15.230042000000001,75.15884199999999
1050,1,Cbt-D,15.4606685,75.01141700000001
1050,2,Jubilee Circle,15.45894575,75.00781925
1050,3,Court Circle,15.456254999999999,75.00698
1050,4,Nttf,15.4523115,75.0104
1050,5,Hosa Yallapur Cross,15.45037325,75.01101975
1050,6,Toll Naka - D,15.446940982389,75.01232067405317
1050,7,Modern Hall,15.444540250000001,75.01296325
1050,8,Vijaya Bank-D,15.442408,75.012689
1050,9,Rajathagiri,15.439661000000001,75.0120135
1050,10,Saraswathipura,15.438922,75.01107775
1050,11,Tejasvi Nagar Bridge,15.435976000000002,75.01107833333333
1050,12,Purohith Nagar,15.433855,75.0118075
1050,13,Sdm Engg College,15.4313045,75.012247
1050,14,Kendriya Vidyalaya,15.426699,75.014123
1050,15,Someshwara Temple,15.426247,75.014162
1050,16,Siddeshwara Nagar,15.4233625,75.016703
1050,17,Rajiv Gandhi Nagar 1St Stop,15.423655,75.017912
1050,18,Shankar Kirani Store,15.425349,75.01914500000001
1050,19,Menashinakai Oni,15.427828,75.019072
1050,20,Railway Track,15.4295375,75.0197555
1050,21,Rajiv Gandhi Nagar School,15.426581500000001,75.02030099999999
1050,22,Rajiv Gandhi Nagar,15.425175,75.02045000000001
1050_2,1,Rajiv Gandhi Nagar,15.425175,75.02045000000001
1050_2,2,Rajiv Gandhi Nagar School,15.426581500000001,75.02030099999999
1050_2,3,Railway Track,15.4295375,75.0197555
1050_2,4,Menashinakai Oni,15.427828,75.019072
1050_2,5,Shankar Kirani Store,15.425349,75.01914500000001
1050_2,6,Rajiv Gandhi Nagar 1St Stop,15.423655,75.017912
1050_2,7,Siddeshwara Nagar,15.4233625,75.016703
1050_2,8,Someshwara Temple,15.426247,75.014162
1050_2,9,Kendriya Vidyalaya,15.426699,75.014123
1050_2,10,Sdm Engg College,15.4313045,75.012247
1050_2,11,Purohith Nagar,15.433855,75.0118075
1050_2,12,Tejasvi Nagar Bridge,15.435976000000002,75.01107833333333
1050_2,13,Saraswathipura,15.438922,75.01107775
1050_2,14,Rajathagiri,15.439661000000001,75.0120135
1050_2,15,Vijaya Bank-D,15.442408,75.012689
1050_2,16,Modern Hall,15.444540250000001,75.01296325
1050_2,17,Toll Naka - D,15.446940982389,75.01232067405317
1050_2,18,Hosa Yallapur Cross,15.45037325,75.01101975
1050_2,19,Nttf,15.4523115,75.0104
1050_2,20,Court Circle,15.456254999999999,75.00698
1050_2,21,Jubilee Circle,15.45894575,75.00781925
1050_2,22,Cbt-D,15.4606685,75.01141700000001
1051,1,Cbt-D,15.4606685,75.01141700000001
1051,2,Jubilee Circle,15.45894575,75.00781925
1051,3,Court Circle,15.456254999999999,75.00698
1051,4,Nttf,15.4523115,75.0104
1051,5,Hosa Yallapur Cross,15.45037325,75.01101975
1051,6,Modern Hall,15.444540250000001,75.01296325
1051,7,Saraswathipura,15.438922,75.01107775
1051_2,1,Saraswathipura,15.438922,75.01107775
1051_2,2,Modern Hall,15.444540250000001,75.01296325
1051_2,3,Nttf,15.4523115,75.0104
1051_2,4,Hosa Yallapur Cross,15.45037325,75.01101975
1051_2,5,Court Circle,15.456254999999999,75.00698
1051_2,6,Jubilee Circle,15.45894575,75.00781925
1051_2,7,Cbt-D,15.4606685,75.01141700000001
1053,1,Cbt-D,15.4606685,75.01141700000001
1053,2,Jubilee Circle,15.45894575,75.00781925
1053,3,Lic,15.456875499999999,75.00295650000001
1053,4,Kcd,15.45534,74.998474
1053,5,Nayadu Girini,15.453372,74.995731
1053,6,Saptapura,15.451581000000001,74.993536
1053,7,Jaya Nagar Cross,15.449917,74.9906925
1053,8,Sarwamangala Hospital,15.44922,74.98821075000001
1053,9,Parisara Bhavan,15.447995500000001,74.98509200000001
1053,10,Srinagar Cross,15.447415,74.982946
1053,11,Shivalaya,15.44655,74.9803685
1053,12,Ics College,15.445704,74.9780885
1053,13,Nehru Nagar Cross,15.4448185,74.9763125
1053,14,Neharu Nagar 1St Stop,15.447016,74.9748175
1053,15,Nehru Nagar,15.447841,74.973286
1053,16,Jss Public School,15.4514626152305,74.973112729477
1053_2,1,Jss Public School,15.4514626152305,74.973112729477
1053_2,2,Neharu Nagar,15.448029,74.973341
1053_2,3,Neharu Nagar 1St Stop,15.447016,74.9748175
1053_2,4,Nehru Nagar Cross,15.4448185,74.9763125
1053_2,5,Ics College,15.445704,74.9780885
1053_2,6,Shivalaya,15.44655,74.9803685
1053_2,7,Srinagar,15.447431,74.9830265
1053_2,8,Parisara Bhavan,15.447995500000001,74.98509200000001
1053_2,9,Sarwamangala Hospital,15.44922,74.98821075000001
1053_2,10,Jaya Nagar Cross,15.449917,74.9906925
1053_2,11,Saptapura,15.451581000000001,74.993536
1053_2,12,K C D,15.455365,74.9983735
1053_2,13,Lic,15.456875499999999,75.00295650000001
1053_2,14,Jubilee Circle,15.45894575,75.00781925
1053_2,15,Anjuman Circle,15.4603407729333,75.0099570147152
1053_2,16,Cbt-D,15.4606685,75.01141700000001
1054,1,Cbt-D,15.4606685,75.01141700000001
1054,2,Jubilee Circle,15.45894575,75.00781925
1054,3,Court Circle,15.456254999999999,75.00698
1054,4,Brindhavan,15.453275999999999,75.00725449999999
1054,5,Head Post Office,15.451592333333332,75.006593
1054,6,Dc Office,15.4512125,75.003258
1054,7,Uday Hostel,15.4504975,75.00112150000001
1054,8,Old Central School,15.409631810922676,75.06308915888033
1054,9,Kariyyamma Temple,15.445994500000001,74.9978055
1054,10,Ragavendra Nagar,15.444936,74.996099
1054,11,Barakotri,15.443325999999999,74.993989
1054,12,Barakotari Bridge,15.441604,74.9930855
1054,13,Nirmala Nagar,15.4407405,74.9919725
1054,14,Navodhaya Nagar,15.4396845,74.989709
1054,15,Extranal Department,15.438930500000001,74.98756800000001
1054,16,Ka Univercity,15.4379666070143,74.9862659418299
1054,17,Nijalingappa Hostel,15.4365345,74.9871835
1054,18,Bhala Balaga,15.434482,74.988733
1054,19,Nisarga,15.436926,74.990262
1054,20,Hanumanthaa Nagar Cross,15.4375555,74.9915885
1054,21,Hanumanth Nagar -D,15.4283235737081,74.996315837326
1054_2,1,Hanumanth Nagar -D,15.4283235737081,74.996315837326
1054_2,2,Hanumanthaa Nagar Cross,15.4375555,74.9915885
1054_2,3,Nisarga,15.436926,74.990262
1054_2,4,Bhala Balaga,15.434482,74.988733
1054_2,5,Nijalingappa Hostel,15.4365345,74.9871835
1054_2,6,Ka Univercity,15.4379666070143,74.9862659418299
1054_2,7,Extranal Department,15.438930500000001,74.98756800000001
1054_2,8,Navodhaya Nagar,15.4396845,74.989709
1054_2,9,Nirmala Nagar,15.4407405,74.9919725
1054_2,10,Barakotari Bridge,15.441604,74.9930855
1054_2,11,Barakotri,15.443325999999999,74.993989
1054_2,12,Ragavendra Nagar,15.444936,74.996099
1054_2,13,Kariyyamma Temple,15.445994500000001,74.9978055
1054_2,14,Old Central School,15.409631810922676,75.06308915888033
1054_2,15,Uday Hostel,15.4504975,75.00112150000001
1054_2,16,C B Nagar,15.450832,75.003572
1054_2,17,Headpost Office,15.451618,75.006374
1054_2,18,Brindhavan,15.453275999999999,75.00725449999999
1054_2,19,Court Circle,15.456254999999999,75.00698
1054_2,20,Jubilee Circle,15.45894575,75.00781925
1054_2,21,Cbt-D,15.4606685,75.01141700000001
1057,1,Cbt-D,15.4606685,75.01141700000001
1057,2,Jubilee Circle,15.45894575,75.00781925
1057,3,Court Circle,15.456254999999999,75.00698
1057,4,Nttf,15.4523115,75.0104
1057,5,Hosa Yallapur Cross,15.45037325,75.01101975
1057,6,Toll Naka - D,15.446940982389,75.01232067405317
1057,7,Modern Hall,15.444540250000001,75.01296325
1057,8,Vijaya Bank-D,15.442408,75.012689
1057,9,Rajathagiri,15.439661000000001,75.0120135
1057,10,Saraswathipura,15.438922,75.01107775
1057,11,Tejasvi Nagar Bridge,15.435976000000002,75.01107833333333
1057,12,Purohith Nagar,15.433855,75.0118075
1057,13,M I S,15.4957968941053,74.97219573584815
1057,14,Giri Nagar D,15.4271595,75.00810949999999
1057,15,Hattikola Cross,15.424591,75.00643
1057,16,Nugikeri Hanuman Temple Gate,15.4173705,75.0023785
1057,17,Hanchinamani College,15.411976,75.0005125
1057,18,Nugikeri Village,15.405226,75.00139200000001
1057,19,Yarikoppa Cross,15.399036500000001,75.002982
1057,20,Jogellapur Cross,15.398096500000001,75.0046335
1057,21,Jogellapur 1St Stop,15.397928499999999,75.008437
1057,22,Jogyallapur 2Nd Stop,15.398810000000001,75.0097775
1057,23,Jogellapur,15.3980995,75.01054450000001
1057_2,1,Jogellapur,15.3980995,75.01054450000001
1057_2,2,Jogyallapur 2Nd Stop,15.398810000000001,75.0097775
1057_2,3,Jogellapur 1St Stop,15.397928499999999,75.008437
1057_2,4,Jogellapur Cross,15.398096500000001,75.0046335
1057_2,5,Yarikoppa Cross,15.399036500000001,75.002982
1057_2,6,Nugikeri Village,15.405226,75.00139200000001
1057_2,7,Hanchinamani College,15.411976,75.0005125
1057_2,8,Nugikeri Hanuman Temple Gate,15.4173705,75.0023785
1057_2,9,Hattikol Cross,15.424521,75.006258
1057_2,10,Giri Nagar D,15.4271595,75.00810949999999
1057_2,11,M I S,15.4957968941053,74.97219573584815
1057_2,12,Purohith Nagar,15.433855,75.0118075
1057_2,13,Saraswathipura,15.438922,75.01107775
1057_2,14,Rajathagiri,15.439661000000001,75.0120135
1057_2,15,Modern Hall,15.444540250000001,75.01296325
1057_2,16,Toll Naka - D,15.446940982389,75.01232067405317
1057_2,17,Hosa Yallapur Cross,15.45037325,75.01101975
1057_2,18,Nttf,15.4523115,75.0104
1057_2,19,Court Circle,15.456254999999999,75.00698
1057_2,20,Jubilee Circle,15.45894575,75.00781925
1057_2,21,Cbt-D,15.4606685,75.01141700000001
1058,1,Cbt-D,15.4606685,75.01141700000001
1058,2,Jubilee Circle,15.45894575,75.00781925
1058,3,Court Circle,15.456254999999999,75.00698
1058,4,Nttf,15.4523115,75.0104
1058,5,Hosa Yallapur Cross,15.45037325,75.01101975
1058,6,Toll Naka - D,15.446940982389,75.01232067405317
1058,7,Modern Hall,15.444540250000001,75.01296325
1058,8,Vijaya Bank-D,15.442408,75.012689
1058,9,Rajathagiri,15.439661000000001,75.0120135
1058,10,Saraswathipura,15.438922,75.01107775
1058,11,Tejasvi Nagar Bridge,15.435976000000002,75.01107833333333
1058,12,Purohith Nagar,15.433855,75.0118075
1058,13,M I S,15.4957968941053,74.97219573584815
1058,14,Lohiya Nagar -D1,15.4208175690167,75.0088029280255
1058_2,1,Lohiya Nagar -D1,15.4208175690167,75.0088029280255
1058_2,2,M I S,15.4957968941053,74.97219573584815
1058_2,3,Purohith Nagar,15.433855,75.0118075
1058_2,4,Tejasvi Nagar Bridge,15.435976000000002,75.01107833333333
1058_2,5,Saraswathipura,15.438922,75.01107775
1058_2,6,Rajathagiri,15.439661000000001,75.0120135
1058_2,7,Vijaya Bank-D,15.442408,75.012689
1058_2,8,Modern Hall,15.444540250000001,75.01296325
1058_2,9,Toll Naka - D,15.446940982389,75.01232067405317
1058_2,10,Hosa Yallapur Cross,15.45037325,75.01101975
1058_2,11,Nttf,15.4523115,75.0104
1058_2,12,Court Circle,15.456254999999999,75.00698
1058_2,13,Jubilee Circle,15.45894575,75.00781925
1058_2,14,Cbt-D,15.4606685,75.01141700000001
1059,1,Cbt-D,15.4606685,75.01141700000001
1059,2,Jubilee Circle,15.45894575,75.00781925
1059,3,Court Circle,15.456254999999999,75.00698
1059,4,Yammikeri,15.448012,75.00504133333332
1059,5,Modern Hall,15.444540250000001,75.01296325
1059,6,Rajathagiri,15.439661000000001,75.0120135
1059,7,Saraswathipura,15.438922,75.01107775
1059,8,Tejasvi Nagar Bridge,15.435976000000002,75.01107833333333
1059,9,Tajesavi Nagar,15.4356785,75.01106300000001
1059,10,Tejasvi Nagar Bus Stop,15.4354735,75.0087405
1059,11,Jadava Nagar -D1,15.4329869554919,75.0020849704742
1059_2,1,Jadava Nagar -D1,15.4329869554919,75.0020849704742
1059_2,2,Tejasvi Nagar Bus Stop,15.4354735,75.0087405
1059_2,3,Tejasvi Nagar Bridge,15.435976000000002,75.01107833333333
1059_2,4,Saraswathipura,15.438922,75.01107775
1059_2,5,Rajathagiri,15.439661000000001,75.0120135
1059_2,6,Vijaya Bank-D,15.442408,75.012689
1059_2,7,Modern Hall,15.444540250000001,75.01296325
1059_2,8,Yammikeri,15.448012,75.00504133333332
1059_2,9,Court Circle,15.456254999999999,75.00698
1059_2,10,Jubilee Circle,15.45894575,75.00781925
1059_2,11,Cbt-D,15.4606685,75.01141700000001
106,1,Chavaragudda,15.270684,75.0707715
106,2,Ramapur Cross,15.2695995,75.07857200000001
106,3,Ramapur,15.259549,75.0759065
106,4,Ramapur Cross,15.2695995,75.07857200000001
106,5,Chennapur,15.272346500000001,75.087587
106,6,M/S (Milestone),15.287553851077849,75.0886147618602
106,7,Bridge Rc1,15.2957109497344,75.0908490569695
106,8,Shiva Gowdown,15.305246499999999,75.09559999999999
106,9,Anchitageri Govt School,15.308557,75.09502850000001
106,10,Anchitageri,15.311358,75.0948485
106,11,Wali,15.320832748716924,75.10826673315587
106,12,Kempegeri,15.3250065,75.114961
106,13,Karwar Road Bypass,15.328899,75.11873399999999
106,14,Grid Sh,15.331695,75.1206375
106,15,Indi Pump Sh,15.336580999999999,75.126196
106,16,Hosur Terminal,15.3570921772309,75.12880797876
106_2,1,Hosur Terminal,15.3570921772309,75.12880797876
106_2,2,Indi Pump Sh,15.336580999999999,75.126196
106_2,3,Grid Sh,15.331695,75.1206375
106_2,4,Karwar Road Bypass,15.328899,75.11873399999999
106_2,5,Kempegeri,15.3250065,75.114961
106_2,6,Wali,15.320832748716924,75.10826673315587
106_2,7,Anchitageri,15.311358,75.0948485
106_2,8,Anchitageri Govt School,15.308557,75.09502850000001
106_2,9,Shiva Gowdown,15.305246499999999,75.09559999999999
106_2,10,Bridge Rc2,15.2956246049155,75.0908741964655
106_2,11,M/S (Milestone),15.287553851077849,75.0886147618602
106_2,12,Chennapur,15.272346500000001,75.087587
106_2,13,Ramapura Cross,15.269597,75.078598
106_2,14,Ramapur,15.259549,75.0759065
106_2,15,Ramapur Cross,15.2695995,75.07857200000001
106_2,16,Chavaragudda,15.270684,75.0707715
1061,1,Cbt-D,15.4606685,75.01141700000001
1061,2,Jubilee Circle,15.45894575,75.00781925
1061,3,Court Circle,15.456254999999999,75.00698
1061,4,Nttf,15.4523115,75.0104
1061,5,Hosa Yallapur Cross,15.45037325,75.01101975
1061,6,Toll Naka - D,15.446940982389,75.01232067405317
1061,7,Modern Hall,15.444540250000001,75.01296325
1061,8,Suvarna Petrol Bunk,15.442373,75.015536
1061,9,Vidya Giri,15.44013,75.017589
1061,10,Gandhi Nagar Cross - D,15.4372,75.01961700000001
1061,11,Yalakki Shetter Colony,15.436132941869051,75.02176938649085
1061,12,Kmf - D,15.4338825,75.0236025
1061,13,Lakamanahalli Corridor,15.432593,75.02541049999999
1061,14,Navlur K E B,15.4314745,75.027285
1061,15,Ozone,15.430247999999999,75.0305755
1061,16,Navlur,15.428914500000001,75.0415075
1061,17,Dental Cross,15.42007155278445,75.0393727901783
1061,18,Vanashri Nagar Cross,15.417652,75.03652550000001
1061,19,Ashraya Colony,15.415932999999999,75.0353395
1061,20,Uday Giri Cross,15.410736,75.030878
1061,21,Iiit-D1,15.3926338001517,75.0255972246123
1061_2,1,Iiit-D1,15.3926338001517,75.0255972246123
1061_2,2,Uday Giri Cross,15.410736,75.030878
1061_2,3,Ashraya Colony,15.415932999999999,75.0353395
1061_2,4,Vanashri Nagar Cross,15.417652,75.03652550000001
1061_2,5,Dental Cross,15.42007155278445,75.0393727901783
1061_2,6,Navlur,15.428914500000001,75.0415075
1061_2,7,Ozone,15.430247999999999,75.0305755
1061_2,8,Navlur K E B,15.4314745,75.027285
1061_2,9,Lakamanahalli Corridor,15.432593,75.02541049999999
1061_2,10,Kmf - D,15.4338825,75.0236025
1061_2,11,Yalakki Shetter Colony,15.436132941869051,75.02176938649085
1061_2,12,Gandhi Nagar Cross - D,15.4372,75.01961700000001
1061_2,13,Vidya Giri,15.44013,75.017589
1061_2,14,Suvarna Petrol Bunk,15.442373,75.015536
1061_2,15,Modern Hall,15.444540250000001,75.01296325
1061_2,16,Toll Naka - D,15.446940982389,75.01232067405317
1061_2,17,Hosa Yallapur Cross,15.45037325,75.01101975
1061_2,18,Nttf,15.4523115,75.0104
1061_2,19,Court Circle,15.456254999999999,75.00698
1061_2,20,Jubilee Circle,15.45894575,75.00781925
1061_2,21,Cbt-D,15.4606685,75.01141700000001
1065,1,Cbt-D,15.4606685,75.01141700000001
1065,2,Jubilee Circle,15.45894575,75.00781925
1065,3,Court Circle,15.456254999999999,75.00698
1065,4,Nttf,15.4523115,75.0104
1065,5,Hosa Yallapur Cross,15.45037325,75.01101975
1065,6,Toll Naka - D,15.446940982389,75.01232067405317
1065,7,Modern Hall,15.444540250000001,75.01296325
1065,8,Suvarna Petrol Bunk,15.442373,75.015536
1065,9,Vidya Giri,15.44013,75.017589
1065,10,Gandhi Nagar Cross - D,15.4372,75.01961700000001
1065,11,Yalakki Shetter Colony,15.436132941869051,75.02176938649085
1065,12,Kmf - D,15.4338825,75.0236025
1065,13,Lakamanahalli Corridor,15.432593,75.02541049999999
1065,14,Navlur K E B,15.4314745,75.027285
1065,15,Ozone,15.430247999999999,75.0305755
1065,16,Navlur,15.428914500000001,75.0415075
1065,17,Sattur,15.408113,75.0448105
1065,18,Sdm Medical College,15.417109499999999,75.048833
1065,19,Navalur Railway Station,15.4145235,75.05549149999999
1065,20,K M F 1 - D,15.410093,75.060422
1065,21,Rayapur,15.4060195,75.066791
1065,22,Iskcon Temple,15.4052915,75.0688875
1065,23,K S F C,15.404317500000001,75.07099
1065,24,Rto Office,15.4009860428,75.0768215810204
1065,25,Income Tax,15.399124,75.07942550000001
1065,26,Cancer Hospital,15.395116333333334,75.08425199999999
1065,27,Bsr Circle,15.392511333333333,75.08153766666668
1065,28,Karnataka Circle,15.3905505,75.0796525
1065,29,Shivanand Nagar,15.388482499999999,75.07968149999999
1065,30,City Park Cross,15.3864595,75.079775
1065,31,Joshi Pharma,15.385652,75.079825
1065,32,M M Joshi Park,15.384649,75.0796215
1065,33,Kariyamma Temple-H,15.382396499999999,75.078817
1065,34,Gamanagatti,15.3805,75.0776575
1065_2,1,Gamanagatti,15.3805,75.0776575
1065_2,2,Kariyamma Temple-H,15.382396499999999,75.078817
1065_2,3,M M Joshi Park,15.384649,75.0796215
1065_2,4,Joshi Pharma,15.385652,75.079825
1065_2,5,City Park Cross,15.3864595,75.079775
1065_2,6,Shivanand Nagar,15.388482499999999,75.07968149999999
1065_2,7,Karnataka Circle,15.3905505,75.0796525
1065_2,8,Bsr Circle,15.392511333333333,75.08153766666668
1065_2,9,Cancer Hospital,15.395116333333334,75.08425199999999
1065_2,10,Navanagar Corridor,15.3960601038671,75.0840843651925
1065_2,11,Income Tax,15.399124,75.07942550000001
1065_2,12,Rto Office,15.4009860428,75.0768215810204
1065_2,13,Iskcon Temple,15.4052915,75.0688875
1065_2,14,Rayapur,15.4060195,75.066791
1065_2,15,K M F 1 - D2,15.409168,75.060733
1065_2,16,Navalur Railway Station,15.4145235,75.05549149999999
1065_2,17,Sdm Medical College,15.417109499999999,75.048833
1065_2,18,Sattur Cross,15.417904499999999,75.04446300000001
1065_2,19,Dental,15.418661,75.0412665
1065_2,20,Navalur Cross,15.42720845,75.03424239
1065_2,21,Navlur K E B,15.4314745,75.027285
1065_2,22,Lakamanahalli Corridor,15.432593,75.02541049999999
1065_2,23,Kmf - D,15.4338825,75.0236025
1065_2,24,Yalakki Shetter Colony,15.436132941869051,75.02176938649085
1065_2,25,Gandhi Nagar Cross - D,15.4372,75.01961700000001
1065_2,26,Vidya Giri,15.44013,75.017589
1065_2,27,Suvarna Petrol Bunk,15.442373,75.015536
1065_2,28,Modern Hall,15.444540250000001,75.01296325
1065_2,29,Toll Naka - D,15.446940982389,75.01232067405317
1065_2,30,Hosa Yallapur Cross,15.45037325,75.01101975
1065_2,31,Nttf,15.4523115,75.0104
1065_2,32,Court Circle,15.456254999999999,75.00698
1065_2,33,Jubilee Circle,15.45894575,75.00781925
1065_2,34,Cbt-D,15.4606685,75.01141700000001
1066,1,Bendre Nagar,15.470920666666666,74.980912
1066,2,Bgs School,15.470952666666667,74.98229366666668
1066,3,Gtc Cross Sd,15.473844,74.9832
1066,4,Gtc,15.474909,74.9855426
1066,5,Kvg Bank,15.4716115,74.9907525
1066,6,New Bus Stand-D,15.467312963922167,74.99356261227416
1066,7,New Sp Office,15.466617930796467,74.99543122362164
1066,8,Mental Hospital,15.464470333333333,74.99838466666667
1066,9,K C Park,15.46369,75.001007
1066,10,Old Sp Office,15.4628345,75.003431
1066,11,Corporation-D,15.4603805,75.00877600000001
1066,12,Dwr Sd,15.45985814417835,75.0105258745456
1068,1,Pavate Nagar,15.438239,74.9863935
1068,2,Working Womens Hostel,15.44398,74.984695
1068,3,Womens Hostel,15.445126,74.9829
1068,4,Srinagar,15.447431,74.9830265
1068,5,Parisara Bhavan,15.447995500000001,74.98509200000001
1068,6,Sarwamangala Hospital,15.44922,74.98821075000001
1068,7,Jaya Nagar Cross,15.449917,74.9906925
1068,8,Saptapura,15.451581000000001,74.993536
1068,9,K C D,15.455365,74.9983735
1068,10,Lic,15.456875499999999,75.00295650000001
1068,11,Jubilee Circle,15.45894575,75.00781925
1068,12,Anjuman Circle,15.4603407729333,75.0099570147152
1068,13,Dwr Sd,15.45985814417835,75.0105258745456
107,1,Devargudihal,15.324594000000001,75.0579205
107,2,Devargudihal Form,15.329216,75.0618595
107,3,Gariyan,15.3291525,75.0668555
107,4,Parsapur Plot,15.326525,75.074662
107,5,Parsapur,15.3259325,75.07685649999999
107,6,Vk Formouse,15.3257965,75.080625
107,7,Gangival Govt School,15.325690999999999,75.089724
107,8,Gangi Val,15.324622000000002,75.0928065
107,9,Raynal Darga,15.326852,75.09212266666667
107,10,Kambar Sali,15.330017666666668,75.09229066666667
107,11,Raynal,15.331472999999999,75.09287499999999
107,12,Kambar Sali,15.330017666666668,75.09229066666667
107,13,Raynal Darga,15.326852,75.09212266666667
107,14,Vani Plot,15.327005,75.1021475
107,15,Shimla Nagar,15.330931,75.11009849999999
107,16,Lakkyhall,15.3322645,75.114741
107,17,Shubhash Nagar,15.3326795,75.11753
107,18,Gudihal Cross,15.332724500000001,75.1215915
107,19,Indi Pump Sh,15.336580999999999,75.126196
107,20,Old Hubli Circle,15.336925333333333,75.13122766666667
107,21,New English School-H,15.339079869999999,75.13709849
107,22,Murusavira Matta Cross Sh,15.348655,75.13802
107,23,Obs Sh,15.350251965647585,75.1356732192144
107,24,Hosur Terminal,15.3570921772309,75.12880797876
107_2,1,Hosur Terminal,15.3570921772309,75.12880797876
107_2,2,Obs Sh,15.350251965647585,75.1356732192144
107_2,3,Murusavira Matta Cross Sh,15.348655,75.13802
107_2,4,New English School-H,15.339079869999999,75.13709849
107_2,5,Old Hubli Circle,15.336925333333333,75.13122766666667
107_2,6,Indi Pump Sh,15.336580999999999,75.126196
107_2,7,Gudihal Cross,15.332724500000001,75.1215915
107_2,8,Shubhash Nagar,15.3326795,75.11753
107_2,9,Lakkyhall,15.3322645,75.114741
107_2,10,Shimla Nagar,15.330931,75.11009849999999
107_2,11,Vani Plot,15.327005,75.1021475
107_2,12,Raynal Darga,15.326852,75.09212266666667
107_2,13,Kambar Sali,15.330017666666668,75.09229066666667
107_2,14,Raynal,15.331472999999999,75.09287499999999
107_2,15,Kambar Sali,15.330017666666668,75.09229066666667
107_2,16,Raynal Darga,15.326852,75.09212266666667
107_2,17,Gangi Val,15.324622000000002,75.0928065
107_2,18,Gangival Govt School,15.325690999999999,75.089724
107_2,19,Vk Formouse,15.3257965,75.080625
107_2,20,Parsapur,15.3259325,75.07685649999999
107_2,21,Parsapur Plot,15.326525,75.074662
107_2,22,Gariyan,15.3291525,75.0668555
107_2,23,Devargudihal Form,15.329216,75.0618595
107_2,24,Devargudihal,15.324594000000001,75.0579205
1072,1,Cbt-D,15.4606685,75.01141700000001
1072,2,Jubilee Circle,15.45894575,75.00781925
1072,3,Court Circle,15.456254999999999,75.00698
1072,4,Brindhavan,15.453275999999999,75.00725449999999
1072,5,Head Post Office,15.451592333333332,75.006593
1072,6,Yammikeri,15.448012,75.00504133333332
1072,7,Kaboor Road Cross,15.447713499999999,75.007487
1072,8,Water Tank D,15.4460695,75.006405
1072,9,Rayara Mata,15.443769,75.0062495
1072,10,Venkteshwara Temple,15.4423315,75.0091435
1072,11,Desai Colony,15.4402152945831,75.01020485850384
1072,12,Saraswathipura Cross,15.438742333333332,75.011025
1072,13,Saraswathipura,15.438922,75.01107775
1072,14,Tejasvi Nagar Bridge,15.435976000000002,75.01107833333333
1072,15,Purohith Nagar,15.433855,75.0118075
1072,16,Sdm Engg College,15.4313045,75.012247
1072,17,Someshwara Temple,15.426247,75.014162
1072,18,Bellad Nagar,15.4237424486107,75.01664146556496
1072_2,1,Bellad Nagar,15.4237424486107,75.01664146556496
1072_2,2,Someshwara Temple,15.426247,75.014162
1072_2,3,Sdm Engg College,15.4313045,75.012247
1072_2,4,Purohith Nagar,15.433855,75.0118075
1072_2,5,Tajesavi Nagar,15.4356785,75.01106300000001
1072_2,6,Saraswathipura,15.438922,75.01107775
1072_2,7,Saraswathipura Cross,15.438742333333332,75.011025
1072_2,8,Desai Colony,15.4402152945831,75.01020485850384
1072_2,9,Venkteshwara Temple,15.4423315,75.0091435
1072_2,10,Rayara Mata,15.443769,75.0062495
1072_2,11,Water Tank D,15.4460695,75.006405
1072_2,12,Kaboor Road Cross,15.447713499999999,75.007487
1072_2,13,Yammikeri,15.448012,75.00504133333332
1072_2,14,Head Post Office,15.451592333333332,75.006593
1072_2,15,Brindhavan,15.453275999999999,75.00725449999999
1072_2,16,Court Circle,15.456254999999999,75.00698
1072_2,17,Jubilee Circle,15.45894575,75.00781925
1072_2,18,Cbt-D,15.4606685,75.01141700000001
1073,1,Dwr Sd,15.45985814417835,75.0105258745456
1073,2,Shivaji Circle,15.46469075,75.01383675
1073,3,Hebballi Agasi,15.462154,75.0180105
1073,4,Mr Nagar,15.462304,75.022205
1073,5,Tulja Bavani Gudi,15.46251,75.026917
1073,6,Hebballi Form,15.516049833333334,74.96560983333335
1073,7,Govin Koppa Cross,15.463835,75.057041
1073,8,Mi Nalwadi School,15.464128500000001,75.062979
1073,9,Pattri Gida,15.464428999999999,75.0694295
1073,10,Gongadi Koppa Cross,15.46500475,75.08513875
1073,11,Somapur,15.4652145,75.0946305
1073,12,Mardgi Cross,15.4657445,75.1139445
1073,13,Hubballi Cross,15.465899499999999,75.12293249999999
1073,14,Shivalli,15.4662375,75.1407155
1073_2,1,Shivalli,15.4662375,75.1407155
1073_2,2,Hubballi Cross,15.465899499999999,75.12293249999999
1073_2,3,Mardgi Cross,15.4657445,75.1139445
1073_2,4,Somapur,15.4652145,75.0946305
1073_2,5,Gongadi Koppa Cross,15.46500475,75.08513875
1073_2,6,Pattri Gida,15.464428999999999,75.0694295
1073_2,7,Mi Nalwadi School,15.464128500000001,75.062979
1073_2,8,Govin Koppa Cross,15.463835,75.057041
1073_2,9,Hebballi Form,15.516049833333334,74.96560983333335
1073_2,10,Tulja Bavani Gudi,15.46251,75.026917
1073_2,11,Mr Nagar,15.462304,75.022205
1073_2,12,Hebballi Agasi,15.462154,75.0180105
1073_2,13,Shivaji Circle,15.46469075,75.01383675
1073_2,14,Raman Gouda Haspital,15.466287,75.008106
1073_2,15,Old Sp Office,15.4628345,75.003431
1073_2,16,Corporation-D,15.4603805,75.00877600000001
1073_2,17,Dwr Sd,15.45985814417835,75.0105258745456
1074,1,Cbt-D,15.4606685,75.01141700000001
1074,2,Shivaji Circle,15.46469075,75.01383675
1074,3,Depot Circle,15.467816,75.0178145
1074,4,Murga Matha Sd,15.4702005,75.0183395
1074,5,Mahanta Nagar,15.4724305,75.019305
1074,6,Kavalgeri Cross,15.476219,75.0210295
1074,7,Kavalgeri Mile Stone,15.476318500000001,75.0248325
1074,8,Harni Bore,15.4840385,75.0481255
1074,9,Gudusala,15.488012000000001,75.05354750000001
1074,10,Kavalgeri Halla,15.490221,75.057636
1074,11,Shettar Bangla 1St Stop,15.495089,75.0640435
1074,12,Shettar Bangla 2Nd Stop,15.497028499999999,75.0681675
1074,13,Kavalgeri,15.498726999999999,75.0738195
1074,14,Chandanmatti,15.5090845,75.0935345
1074,15,Ashram,15.509141,75.100258
1074,16,Kankur Govt School,15.5085735,75.1024265
1074,17,Kankur,15.508009,75.1036905
1074,18,Kankur Mile Stone,15.506037,75.11643699999999
1074,19,Talwai,15.50552,75.1193715
1074_2,1,Talwai,15.50552,75.1193715
1074_2,2,Kankur Mile Stone,15.506037,75.11643699999999
1074_2,3,Kankur,15.508009,75.1036905
1074_2,4,Ashram,15.509141,75.100258
1074_2,5,Chandanmatti,15.5090845,75.0935345
1074_2,6,Kavalgeri,15.498726999999999,75.0738195
1074_2,7,Shettar Bangla 2Nd Stop,15.497028499999999,75.0681675
1074_2,8,Shettar Bangla 1St Stop,15.495089,75.0640435
1074_2,9,Kavalgeri Halla,15.490221,75.057636
1074_2,10,Gudusala,15.488012000000001,75.05354750000001
1074_2,11,Harni Bore,15.4840385,75.0481255
1074_2,12,Kavalgeri Mile Stone,15.476318500000001,75.0248325
1074_2,13,Kavalgeri Cross,15.476219,75.0210295
1074_2,14,Mahanta Nagar,15.4724305,75.019305
1074_2,15,Murga Matha Sd,15.4702005,75.0183395
1074_2,16,Depot Circle Sd,15.467825999999999,75.01767050000001
1074_2,17,Shivaji Circle Sd,15.464889,75.014115
1074_2,18,Raman Gouda Haspital,15.466287,75.008106
1074_2,19,Old Sp Office,15.4628345,75.003431
1074_2,20,Corporation-D,15.4603805,75.00877600000001
1074_2,21,Cbt-D,15.4606685,75.01141700000001
1075,1,Dwr Sd,15.45985814417835,75.0105258745456
1075,2,Dharwad Akashwani,15.459020500000001,74.9976655
1075,3,Dasanakoppa,15.4558755,74.99330499999999
1075,4,Shivalaya,15.44655,74.9803685
1075,5,Nehru Nagar Cross,15.4448185,74.9763125
1075,6,Hallyal Railway Gate,15.4423455,74.973352
1075,7,Hoysala Nagar,15.438222,74.9695035
1075,8,Agro Nagar,15.428327,74.9643235
1075,9,Borewell,15.4246885,74.964749
1075,10,Mansur Cross,15.41935825,74.96448025000001
1075,11,Salakin Koppa,15.4157035,74.957171
1075,12,Anand Ashram,15.410335499999999,74.956047
1075,13,Baad Dhaba,15.405649,74.9508405
1075,14,Baad Cross,15.403112583765425,74.94860651311384
1075,15,Baad,15.4099285,74.9458475
1077,1,Belli Gatti,15.3688495,74.9762465
1077,2,Mile Stione Kachha Rode,15.376547,74.973771
1077,3,Managundi,15.384271,74.975029
1077,4,Pandav Nagar,15.3868085,74.97420249999999
1077,5,Managundi  1St Stop,15.3882245,74.9755805
1077,6,Form,15.394307000000001,74.976344
1077,7,Manasur Plot,15.404785,74.9743085
1077,8,Mansur,15.40663,74.9728585
1077,9,Mansur Govt School,15.409909,74.9708595
1077,10,Siddeshwar Matha,15.413601,74.96842799999999
1077,11,Sali Matha School,15.415235,74.96722700000001
1077,12,Mansur Cross,15.41935825,74.96448025000001
1077,13,Borewell,15.4246885,74.964749
1077,14,Agro Nagar,15.428327,74.9643235
1077,15,Hoysala Nagar,15.438222,74.9695035
1077,16,Hallyal Railway Gate,15.4423455,74.973352
1077,17,Nehru Nagar Cross,15.4448185,74.9763125
1077,18,Ics College,15.445704,74.9780885
1077,19,Shivalaya,15.44655,74.9803685
1077,20,Servomangala,15.449470999999999,74.988468
1077,21,Dasanakoppa,15.4558755,74.99330499999999
1077,22,Old Sp Office Sd,15.462823,75.0038435
1077,23,Corporation-D,15.4603805,75.00877600000001
1077,24,Dwr Sd,15.45985814417835,75.0105258745456
1077_2,1,Dwr Sd,15.45985814417835,75.0105258745456
1077_2,2,Oswal Sd,15.459392,75.007347
1077_2,3,Old Sp Office,15.4628345,75.003431
1077_2,4,Dasanakoppa,15.4558755,74.99330499999999
1077_2,5,Shivalaya,15.44655,74.9803685
1077_2,6,Nehru Nagar Cross,15.4448185,74.9763125
1077_2,7,Hallyal Railway Gate,15.4423455,74.973352
1077_2,8,Hoysala Nagar,15.438222,74.9695035
1077_2,9,Agro Nagar,15.428327,74.9643235
1077_2,10,Borewell,15.4246885,74.964749
1077_2,11,Mansur Cross,15.41935825,74.96448025000001
1077_2,12,Sali Matha School,15.415235,74.96722700000001
1077_2,13,Siddeshwar Matha,15.413601,74.96842799999999
1077_2,14,Mansur Govt School,15.409909,74.9708595
1077_2,15,Mansur,15.40663,74.9728585
1077_2,16,Manasur Plot,15.404785,74.9743085
1077_2,17,Form,15.394307000000001,74.976344
1077_2,18,Managundi Govt School,15.38973,74.97577
1077_2,19,Managundi  1St Stop,15.3882245,74.9755805
1077_2,20,Pandav Nagar,15.3868085,74.97420249999999
1077_2,21,Managundi,15.384271,74.975029
1077_2,22,Mile Stione Kachha Road,15.376404,74.973779
1077_2,23,Belli Gatti,15.3688495,74.9762465
1078,1,Cbt-D,15.4606685,75.01141700000001
1078,2,Jubilee Circle,15.45894575,75.00781925
1078,3,Court Circle,15.456254999999999,75.00698
1078,4,Nttf,15.4523115,75.0104
1078,5,Hosa Yallapur Cross,15.45037325,75.01101975
1078,6,Toll Naka - D,15.446940982389,75.01232067405317
1078,7,Modern Hall,15.444540250000001,75.01296325
1078,8,Rajathagiri,15.439661000000001,75.0120135
1078,9,Saraswathipura,15.438922,75.01107775
1078,10,Tejasvi Nagar Bridge,15.435976000000002,75.01107833333333
1078,11,Tajesavi Nagar,15.4356785,75.01106300000001
1078,12,Tejasvi Nagar Bus Stop,15.4354735,75.0087405
1078,13,Sangolli Rayanna Nagar 1St Cross,15.4331375,75.008411
1078,14,Sangolli Rayana Nagar,15.432239,75.006755
1078,15,Manjunatha Colony,15.443936,74.9914835
1078_2,1,Manjunatha Colony,15.443936,74.9914835
1078_2,2,Sangolli Rayana Nagar,15.432239,75.006755
1078_2,3,Sangolli Rayanna Nagar 1St Cross,15.4331375,75.008411
1078_2,4,Tejasvi Nagar Bus Stop,15.4354735,75.0087405
1078_2,5,Tejasvi Nagar Bridge,15.435976000000002,75.01107833333333
1078_2,6,Saraswathipura,15.438922,75.01107775
1078_2,7,Rajathagiri,15.439661000000001,75.0120135
1078_2,8,Vijaya Bank-D,15.442408,75.012689
1078_2,9,Modern Hall,15.444540250000001,75.01296325
1078_2,10,Toll Naka - D,15.446940982389,75.01232067405317
1078_2,11,Hosa Yallapur Cross,15.45037325,75.01101975
1078_2,12,Nttf,15.4523115,75.0104
1078_2,13,Court Circle,15.456254999999999,75.00698
1078_2,14,Jubilee Circle,15.45894575,75.00781925
1078_2,15,Cbt-D,15.4606685,75.01141700000001
1079,1,Agri College,15.4907075,74.983435
1079,2,Admission Office,15.489196,74.980019
1079,3,Agri University Gate,15.487123,74.97632300000001
1079,4,Yattin Gudda Cross,15.485588,74.97774749999999
1079,5,Dairy,15.483501,74.979516
1079,6,Pepsi Factory,15.477010666666667,74.98500166666666
1079,7,Gtc,15.474909,74.9855426
1079,8,J D Office,15.473995500000001,74.9890945
1079,9,Kvg Bank,15.4716115,74.9907525
1079,10,New Bus Stand-D,15.467312963922167,74.99356261227416
1079,11,New Sp Office,15.466617930796467,74.99543122362164
1079,12,Mental Hospital,15.464470333333333,74.99838466666667
1079,13,K C Park,15.46369,75.001007
1079,14,Old Dsp,15.462787500000001,75.0035225
1079,15,Jubilee Circle,15.45894575,75.00781925
1079,16,Dharwad,15.4607479497117,75.01177835951
1080,1,Belli Gatti,15.3688495,74.9762465
1080,2,Mile Stione Kachha Rode,15.376547,74.973771
1080,3,Managundi,15.384271,74.975029
1080,4,Pandav Nagar,15.3868085,74.97420249999999
1080,5,Managundi  1St Stop,15.3882245,74.9755805
1080,6,Form,15.394307000000001,74.976344
1080,7,Manasur Plot,15.404785,74.9743085
1080,8,Mansur,15.40663,74.9728585
1080,9,Mansur Govt School,15.409909,74.9708595
1080,10,Siddeshwar Matha,15.413601,74.96842799999999
1080,11,Sali Matha School,15.415235,74.96722700000001
1080,12,Mansur Cross,15.41935825,74.96448025000001
1080,13,Borewell,15.4246885,74.964749
1080,14,Agro Nagar,15.428327,74.9643235
1080,15,Hoysala Nagar,15.438222,74.9695035
1080,16,Hallyal Railway Gate,15.4423455,74.973352
1080,17,Nehru Nagar Cross,15.4448185,74.9763125
1080,18,Ics College,15.445704,74.9780885
1080,19,Shivalaya,15.44655,74.9803685
1080,20,Servomangala,15.449470999999999,74.988468
1080,21,Dasanakoppa,15.4558755,74.99330499999999
1080,22,Old Sp Office Sd,15.462823,75.0038435
1080,23,Corporation-D,15.4603805,75.00877600000001
1080,24,Dwr Sd,15.45985814417835,75.0105258745456
1081,1,Cbt-D,15.4606685,75.01141700000001
1081,2,Oswal Sd,15.459392,75.007347
1081,3,Old Dsp,15.462787500000001,75.0035225
1081,4,K C Park,15.46369,75.001007
1081,5,Mental Hospital,15.464470333333333,74.99838466666667
1081,6,New Bus Stand-D,15.467312963922167,74.99356261227416
1081,7,Police Head Quarters-D,15.472024000000001,74.986857
1081,8,Gtc,15.474909,74.9855426
1081,9,Patil Stop,15.475113499999999,74.980745
1081,10,Halla,15.448173,75.09090675
1081,11,Nursury,15.4826835,74.961125
1081,12,Malikarjun Gudi,15.484037,74.9601215
1081,13,Hire Malligwad,15.484862499999998,74.9580275
1081,14,Chikkamalligawad Cross,15.485194749143101,74.95715023190955
1081,15,K H B 1St Cross,15.48865441628635,74.9573860915115
1081,16,K H B 2Nd Cross,15.48897409972335,74.95739042976746
1081,17,K H B 3Rd Cross,15.48930662793895,74.9574124105838
1081,18,K H B Collony,15.4896434735242,74.9574077008718
1081_2,1,Khb Collony,15.4896585683234,74.9574326469726
1081_2,2,K H B 3Rd Cross,15.48930662793895,74.9574124105838
1081_2,3,K H B 2Nd Cross,15.48897409972335,74.95739042976746
1081_2,4,K H B 1St Cross,15.48865441628635,74.9573860915115
1081_2,5,Chikkamalligawad Cross,15.485194749143101,74.95715023190955
1081_2,6,Hire Malligwad,15.484862499999998,74.9580275
1081_2,7,Malikarjun Gudi,15.484037,74.9601215
1081_2,8,Nursury,15.4826835,74.961125
1081_2,9,Halla,15.448173,75.09090675
1081_2,10,Patil Stop,15.475113499999999,74.980745
1081_2,11,Gtc,15.474909,74.9855426
1081_2,12,Police Head Quarters-D,15.472024000000001,74.986857
1081_2,13,New Bus Stand-D,15.467312963922167,74.99356261227416
1081_2,14,New Sp Office,15.466617930796467,74.99543122362164
1081_2,15,Mental Hospital,15.464470333333333,74.99838466666667
1081_2,16,K C Park,15.46369,75.001007
1081_2,17,Old Sp Office,15.4628345,75.003431
1081_2,18,Kalabhawan,15.45895563189655,75.0075452826095
1081_2,19,Cbt-D,15.4606685,75.01141700000001
1083,1,Chandanmatti,15.5090845,75.0935345
1083,2,Kavalgeri,15.498726999999999,75.0738195
1083,3,Shettar Bangla 2Nd Stop,15.497028499999999,75.0681675
1083,4,Shettar Bangla 1St Stop,15.495089,75.0640435
1083,5,Kavalgeri Halla,15.490221,75.057636
1083,6,Gudusala,15.488012000000001,75.05354750000001
1083,7,Harni Bore,15.4840385,75.0481255
1083,8,Kavalgeri Mile Stone,15.476318500000001,75.0248325
1083,9,Kavalgeri Cross,15.476219,75.0210295
1083,10,Mis,15.47249972791569,74.96161523514184
1083,11,Mahanta Nagar,15.4724305,75.019305
1083,12,Murga Matha Sd,15.4702005,75.0183395
1083,13,Depot Circle Sd,15.467825999999999,75.01767050000001
1083,14,Shivaji Circle Sd,15.464889,75.014115
1083,15,Raman Gouda Haspital,15.466287,75.008106
1083,16,Old Sp Office,15.4628345,75.003431
1083,17,Corporation-D,15.4603805,75.00877600000001
1083,18,Cbt-D,15.4606685,75.01141700000001
1083_2,1,Dwr Sd,15.45985814417835,75.0105258745456
1083_2,2,Shivaji Circle,15.46469075,75.01383675
1083_2,3,Murga Matha Sd,15.4702005,75.0183395
1083_2,4,Mahanta Nagar,15.4724305,75.019305
1083_2,5,Mis,15.47249972791569,74.96161523514184
1083_2,6,Kavalgeri Cross,15.476219,75.0210295
1083_2,7,Kavalgeri Mile Stone,15.476318500000001,75.0248325
1083_2,8,Harni Bore,15.4840385,75.0481255
1083_2,9,Gudusala,15.488012000000001,75.05354750000001
1083_2,10,Kavalgeri Halla,15.490221,75.057636
1083_2,11,Shettar Bangla 1St Stop,15.495089,75.0640435
1083_2,12,Shettar Bangla 2Nd Stop,15.497028499999999,75.0681675
1083_2,13,Kavalgeri,15.498726999999999,75.0738195
1083_2,14,Chandanmatti,15.5090845,75.0935345
1084,1,Baad,15.4099285,74.9458475
1084,2,Baad Cross,15.403112583765425,74.94860651311384
1084,3,Baad Dhaba,15.405649,74.9508405
1084,4,Anand Ashram,15.410335499999999,74.956047
1084,5,Salakin Koppa,15.4157035,74.957171
1084,6,Mansur Cross,15.41935825,74.96448025000001
1084,7,Borewell,15.4246885,74.964749
1084,8,Agro Nagar,15.428327,74.9643235
1084,9,Hoysala Nagar,15.438222,74.9695035
1084,10,Hallyal Railway Gate,15.4423455,74.973352
1084,11,Nehru Nagar Cross,15.4448185,74.9763125
1084,12,Shivalaya,15.44655,74.9803685
1084,13,Servomangala,15.449470999999999,74.988468
1084,14,Dasanakoppa,15.4558755,74.99330499999999
1084,15,Dharwad Akashwani,15.459020500000001,74.9976655
1084,16,Old Sp Office Sd,15.462823,75.0038435
1084,17,Corporation-D,15.4603805,75.00877600000001
1084,18,Cbt-D,15.4606685,75.01141700000001
1087,1,Cbt-D,15.4606685,75.01141700000001
1087,2,Jubilee Circle,15.45894575,75.00781925
1087,3,Court Circle,15.456254999999999,75.00698
1087,4,Nttf,15.4523115,75.0104
1087,5,Hosa Yallapur Cross,15.45037325,75.01101975
1087,6,Toll Naka - D,15.446940982389,75.01232067405317
1087,7,Modern Hall,15.444540250000001,75.01296325
1087,8,Rajathagiri,15.439661000000001,75.0120135
1087,9,Saraswathipura,15.438922,75.01107775
1087,10,Tejasvi Nagar Bridge,15.435976000000002,75.01107833333333
1087,11,Tajesavi Nagar,15.4356785,75.01106300000001
1087,12,Tejasvi Nagar Bus Stop,15.4354735,75.0087405
1087,13,Sangolli Rayanna Nagar 1St Cross,15.4331375,75.008411
1087,14,Sangolli Rayana Nagar,15.432239,75.006755
1087,15,Chinmay Colony,15.430037805833901,75.00525508987201
1087_2,1,Chinmay Colony,15.430037805833901,75.00525508987201
1087_2,2,Sangolli Rayana Nagar,15.432239,75.006755
1087_2,3,Sangolli Rayanna Nagar 1St Cross,15.4331375,75.008411
1087_2,4,Tejasvi Nagar Bus Stop,15.4354735,75.0087405
1087_2,5,Tejasvi Nagar Bridge,15.435976000000002,75.01107833333333
1087_2,6,Saraswathipura,15.438922,75.01107775
1087_2,7,Rajathagiri,15.439661000000001,75.0120135
1087_2,8,Vijaya Bank-D,15.442408,75.012689
1087_2,9,Modern Hall,15.444540250000001,75.01296325
1087_2,10,Toll Naka - D,15.446940982389,75.01232067405317
1087_2,11,Hosa Yallapur Cross,15.45037325,75.01101975
1087_2,12,Nttf,15.4523115,75.0104
1087_2,13,Court Circle,15.456254999999999,75.00698
1087_2,14,Jubilee Circle,15.45894575,75.00781925
1087_2,15,Cbt-D,15.4606685,75.01141700000001
1088,1,Dwr Sd,15.45985814417835,75.0105258745456
1088,2,Jubilee Circle,15.45894575,75.00781925
1088,3,Court Circle  Sd,15.4559785574866,75.0070952484394
1088,4,Nttf,15.4523115,75.0104
1088,5,Toll Naka Sd,15.446589210288325,75.01217594886242
1088,6,Saraswathipura,15.438922,75.01107775
1088,7,Tajesavi Nagar,15.4356785,75.01106300000001
1088,8,Sdm Engg College,15.4313045,75.012247
1088,9,Giri Nagar D,15.4271595,75.00810949999999
1088,10,Kgt Hatti Kola,15.424586999999999,75.0063875
1088,11,Nuggikeri Gudi Cross,15.4175185,75.0024885
1088,12,Hachinmani College Sd,15.4117225,75.00046499999999
1088,13,Nuggikeri,15.4052395,75.001394
1088,14,Yerikoppa,15.3979755,75.0024705
1088,15,Masur Garden,15.388356,75.0034845
1088,16,Mangundi Cross,15.380305,75.00554600000001
1088,17,Eti Gatti Cross,15.37314825,75.0074
1088,18,Nayakana Hulikatti Cross,15.3726439041694,75.0073717925315
1088,19,Kanavihonnapur D1,15.3709552377509,75.0064579244127
1088,20,Kanive Honnapur 1St Stop,15.3670698021125,75.0103522501127
1088,21,Joshi Farm,15.3638569744952,75.017615117008
1088,22,Vajpey Nagar,15.360630223847526,75.02720168192003
1088,23,Tarihal Politechnic,15.3586135,75.03442100000001
1088,24,Tarihal,15.355622754322301,75.0369417331159
1088_2,1,Tarihal,15.355622754322301,75.0369417331159
1088_2,2,Tarihal Politechnic,15.3586135,75.03442100000001
1088_2,3,Vajpey Nagar,15.360630223847526,75.02720168192003
1088_2,4,Joshi Farm,15.3638569744952,75.017615117008
1088_2,5,Kanive Honnapur 1St Stop,15.3670698021125,75.0103522501127
1088_2,6,Kanavihonnapur D2,15.3709613819348,75.0064398647416
1088_2,7,Nayakana Hulikatti Cross,15.3726439041694,75.0073717925315
1088_2,8,Eti Gatti Cross,15.37314825,75.0074
1088_2,9,Mangundi Cross,15.380305,75.00554600000001
1088_2,10,Masur Garden,15.388356,75.0034845
1088_2,11,Yerikoppa,15.3979755,75.0024705
1088_2,12,Nuggikeri,15.4052395,75.001394
1088_2,13,Hachinmani College Sd,15.4117225,75.00046499999999
1088_2,14,Nuggikeri Gudi Cross,15.4175185,75.0024885
1088_2,15,Kgt Hatti Kola,15.424586999999999,75.0063875
1088_2,16,Giri Nagar D,15.4271595,75.00810949999999
1088_2,17,Sdm Engg College,15.4313045,75.012247
1088_2,18,Tajesavi Nagar,15.4356785,75.01106300000001
1088_2,19,Saraswathipura,15.438922,75.01107775
1088_2,20,Toll Naka Sd,15.446589210288325,75.01217594886242
1088_2,21,Nttf,15.4523115,75.0104
1088_2,22,Court Circle  Sd2,15.4559691734046,75.0068311191997
1088_2,23,Jubilee Circle,15.45894575,75.00781925
1088_2,24,Cbt-D,15.4606685,75.01141700000001
109,1,G Basavana Koppa,15.336440499999998,74.994903
109,2,G Basavana Koppa 1St Stop,15.337990999999999,74.99525299999999
109,3,Jodhalli Govt School,15.338927,74.999121
109,4,Gambyapur Cross,15.3409135,75.0014195
109,5,Jodalli,15.341646,75.003424
109,6,Jodhalli Cross,15.3427545,75.0087345
109,7,Jodalli Cross 1St Stop,15.344718,75.00832349999999
109,8,Jodhalli Matha,15.349311,75.008422
109,9,Awalakki Factory,15.357038,75.00721250000001
109,10,Kanive Honnapur N H,15.367756669558075,75.0067691780541
109,11,Kanive Honnapur Water Tank,15.3693835,75.0080525
109,12,Kanive Honnapur 1St Stop,15.3670698021125,75.0103522501127
109,13,Joshi Farm,15.3638569744952,75.017615117008
109,14,Sai Wood Works,15.361624500000001,75.0233585
109,15,Vajpey Nagar,15.360630223847526,75.02720168192003
109,16,Tarihal Politechnic,15.3586135,75.03442100000001
109,17,Tarihal -X,15.359244,75.045469
109,18,Vijaya Bank,15.3594075,75.047304
109,19,Steel Factory,15.359579499999999,75.0490875
109,20,Toll Gate,15.3597325,75.052089
109,21,Jagadish Nagar Cross,15.3559365,75.0574705
109,22,Infosys,15.3525335,75.062562
109,23,Deshpande Foundation,15.352754000000001,75.0676165
109,24,Durga Gudi,15.357231666666666,75.08218833333333
109,25,Gokul Cross,15.354122,75.079631
109,26,Airport,15.35598472333832,75.08580822603624
109,27,Kec,15.354208845640276,75.09142434264085
109,28,Neharu Nagar Water Tank,15.352369666666666,75.097318
109,29,Manjunatha Nagar Cross,15.35160868216956,75.10187980363615
109,30,Basaveshwara Nagar Cross,15.351390666666667,75.10335466666668
109,31,Akshay Park,15.350715666666666,75.10896733333333
109,32,New Bus Stand-H,15.3505045,75.116761
109,33,Rwh,15.350895000000001,75.1188075
109,34,Quarters,15.351182,75.1220395
109,35,Church Sh,15.348694,75.136512
109,36,Hosur Terminal,15.3570921772309,75.12880797876
109_2,1,Hosur Terminal,15.3570921772309,75.12880797876
109_2,2,M M Joshi,15.352953,75.130029
109_2,3,Quarters,15.351182,75.1220395
109_2,4,Rwh,15.350895000000001,75.1188075
109_2,5,New Bus Stand-H,15.3505045,75.116761
109_2,6,Akshay Park,15.350715666666666,75.10896733333333
109_2,7,Basaveshwara Nagar Cross,15.351390666666667,75.10335466666668
109_2,8,Manjunatha Nagar Cross,15.35160868216956,75.10187980363615
109_2,9,Neharu Nagar Water Tank,15.352369666666666,75.097318
109_2,10,Kec,15.354208845640276,75.09142434264085
109_2,11,Airport,15.35598472333832,75.08580822603624
109_2,12,Gokul Cross,15.354122,75.079631
109_2,13,Durga Gudi,15.357231666666666,75.08218833333333
109_2,14,Deshpande Foundation,15.352754000000001,75.0676165
109_2,15,Infosys,15.3525335,75.062562
109_2,16,Jagadish Nagar Cross,15.3559365,75.0574705
109_2,17,Toll Gate,15.3597325,75.052089
109_2,18,Steel Factory,15.359579499999999,75.0490875
109_2,19,Vijaya Bank,15.3594075,75.047304
109_2,20,Tarihal -X,15.359244,75.045469
109_2,21,Tarihal Politechnic,15.3586135,75.03442100000001
109_2,22,Vajpey Nagar,15.360630223847526,75.02720168192003
109_2,23,Sai Wood Works,15.361624500000001,75.0233585
109_2,24,Joshi Farm,15.3638569744952,75.017615117008
109_2,25,Kanive Honnapur 1St Stop,15.3670698021125,75.0103522501127
109_2,26,Kanive Honnapur Water Tank,15.3693835,75.0080525
109_2,27,Kanive Honnapur N H,15.367756669558075,75.0067691780541
109_2,28,Awalakki Factory,15.357038,75.00721250000001
109_2,29,Jodhalli Matha,15.349311,75.008422
109_2,30,Jodalli Cross 1St Stop,15.344718,75.00832349999999
109_2,31,Jodhalli Cross,15.3427545,75.0087345
109_2,32,Jodalli,15.341646,75.003424
109_2,33,Gambyapur Cross,15.3409135,75.0014195
109_2,34,Jodhalli Govt School,15.338927,74.999121
109_2,35,G Basavana Koppa 1St Stop,15.337990999999999,74.99525299999999
109_2,36,G Basavana Koppa,15.336440499999998,74.994903
1090,1,Agri College,15.4907075,74.983435
1090,2,Admission Office,15.489196,74.980019
1090,3,Agri University Gate,15.487123,74.97632300000001
1090,4,Yattin Gudda Cross,15.485588,74.97774749999999
1090,5,Dairy,15.483501,74.979516
1090,6,Pepsi Factory,15.477010666666667,74.98500166666666
1090,7,Gtc,15.474909,74.9855426
1090,8,J D Office,15.473995500000001,74.9890945
1090,9,Kvg Bank,15.4716115,74.9907525
1090,10,New Bus Stand-D,15.467312963922167,74.99356261227416
1090,11,New Sp Office,15.466617930796467,74.99543122362164
1090,12,Mental Hospital,15.464470333333333,74.99838466666667
1090,13,K C Park,15.46369,75.001007
1090,14,Old Sp Office,15.4628345,75.003431
1090,15,Jubilee Circle,15.45894575,75.00781925
1090,16,Cbt-D,15.4606685,75.01141700000001
1090_2,1,Cbt-D,15.4606685,75.01141700000001
1090_2,2,Jubilee Circle,15.45894575,75.00781925
1090_2,3,Old Sp Office,15.4628345,75.003431
1090_2,4,K C Park,15.46369,75.001007
1090_2,5,Mental Hospital,15.464470333333333,74.99838466666667
1090_2,6,New Sp Office,15.466617930796467,74.99543122362164
1090_2,7,New Bus Stand-D,15.467312963922167,74.99356261227416
1090_2,8,Kvg Bank,15.4716115,74.9907525
1090_2,9,J D Office,15.473995500000001,74.9890945
1090_2,10,Gtc,15.474909,74.9855426
1090_2,11,Pepsi Factory,15.477010666666667,74.98500166666666
1090_2,12,Dairy,15.483501,74.979516
1090_2,13,Yattin Gudda Cross,15.485588,74.97774749999999
1090_2,14,Agri University Gate,15.487123,74.97632300000001
1090_2,15,Admission Office,15.489196,74.980019
1090_2,16,Agri College,15.4907075,74.983435
11,1,Cbt,15.3444674193908,75.14520201344315
11,2,Chandrakala Talkies,15.349279164999999,75.145650835
11,3,Railway Station-H,15.352256816846449,75.1453905041761
11,4,Corporation-H,15.3514155,75.14188899999999
11,5,Court,15.35244235,75.139162625
11,6,Deshpande Nagar,15.356066776666665,75.13850422333333
11,7,Rotary School,15.358081556666667,75.13616177666667
11,8,Bailappanavar Nagar,15.361658,75.135269
11,9,Pai Hotel,15.363137,75.134859
11,10,Ganesh Temple/ Bridge,15.362004165,75.137006665
11,11,Kaveri,15.364276499999999,75.135463
11,12,Ashok Nagar,15.3653205,75.1365735
11,13,Vijaya Hotel,15.366191,75.13798249999999
11,14,Thirupathi Bajar,15.367727,75.13838999999999
11,15,Kempannavar Hall,15.3678055,75.13950750000001
11,16,Hostel-H,15.3701655825,75.1336789175
11,17,Sadhana Apartment,15.370549,75.141464
11,18,Rajaji Nagar,15.371763999999999,75.1414085
11,19,Bannigida,15.36244125,75.132926
11,20,Devang Pet,15.374724,75.1402195
11_2,1,Devang Pet,15.374724,75.1402195
11_2,2,Bannigida,15.36244125,75.132926
11_2,3,Rajaji Nagar,15.371763999999999,75.1414085
11_2,4,Hostel-H,15.3701655825,75.1336789175
11_2,5,Kempannavar Hall,15.3678055,75.13950750000001
11_2,6,Thirupathi Bajar,15.367727,75.13838999999999
11_2,7,Vijaya Hotel,15.366191,75.13798249999999
11_2,8,Ashok Nagar,15.3653205,75.1365735
11_2,9,Kaveri,15.364276499999999,75.135463
11_2,10,Ganesh Temple/ Bridge,15.362004165,75.137006665
11_2,11,Rotary School,15.358081556666667,75.13616177666667
11_2,12,Deshpande Nagar,15.356066776666665,75.13850422333333
11_2,13,Court,15.35244235,75.139162625
11_2,14,Corporation-H,15.3514155,75.14188899999999
11_2,15,Railway Station-H,15.352256816846449,75.1453905041761
11_2,16,Chandrakala Talkies,15.349279164999999,75.145650835
11_2,17,Cbt,15.3444674193908,75.14520201344315
111,1,Giriyal,15.26878,75.11264750000001
111,2,Katnur Cross,15.27241425,75.11396675
111,3,Katnur,15.270389999999999,75.11602049999999
111,4,Katnur Cross,15.27241425,75.11396675
111,5,Mavanur,15.283180000000002,75.118431
111,6,Katnur Matta,15.315501999999999,75.12773899999999
111,7,Halla Hg,15.3170900177147,75.1281229460609
111,8,Ms(Milestone),15.3191806585304,75.1288176996466
111,9,Renuka Colony,15.3203951471254,75.12946950815177
111,10,Giriyal Bridge,15.322481499999999,75.130847
111,11,Nekkar Nagar,15.3244015,75.1266585
111,12,Bridge,15.324110000000001,75.128724
111,13,Someshwara Nagar,15.3235005,75.1312415
111,14,Eshwar Nagar,15.326359,75.1317
111,15,Jannat Nagar,15.3291125,75.1319355
111,16,Junglee Pet,15.332587,75.13202849999999
111,17,Old Hubli,15.336402,75.131203
111,18,New English School-H,15.339079869999999,75.13709849
111,19,Murusavira Matta Cross Sh,15.348655,75.13802
111,20,Obs Sh,15.350251965647585,75.1356732192144
111,21,Hosur Terminal,15.3570921772309,75.12880797876
111_2,1,Hosur Terminal,15.3570921772309,75.12880797876
111_2,2,Obs Sh,15.350251965647585,75.1356732192144
111_2,3,Murusavira Matta Cross Sh,15.348655,75.13802
111_2,4,New English School Sh,15.3386415,75.1375455
111_2,5,Old Hubli,15.336402,75.131203
111_2,6,Junglee Pet,15.332587,75.13202849999999
111_2,7,Jannat Nagar,15.3291125,75.1319355
111_2,8,Eshwar Nagar,15.326359,75.1317
111_2,9,Someshwara Nagar,15.3235005,75.1312415
111_2,10,Bridge,15.324110000000001,75.128724
111_2,11,Nekkar Nagar,15.3244015,75.1266585
111_2,12,Giriyal Bridge,15.322481499999999,75.130847
111_2,13,Renuka Colony,15.3203951471254,75.12946950815177
111_2,14,Ms(Milestone),15.3191806585304,75.1288176996466
111_2,15,Halla Hg,15.3170900177147,75.1281229460609
111_2,16,Katnur Matta,15.315501999999999,75.12773899999999
111_2,17,Mavanur,15.283180000000002,75.118431
111_2,18,Katnur Cross,15.27241425,75.11396675
111_2,19,Katnur,15.270389999999999,75.11602049999999
111_2,20,Katnur Cross,15.27241425,75.11396675
111_2,21,Giriyal,15.26878,75.11264750000001
112,1,Hallyal,15.3179235,75.205941
112,2,Halliyal Horkeri Oni,15.3181585,75.20677950000001
112,3,Yallaman Gudi,15.3162865,75.20589000000001
112,4,Hallyal Road,15.3163935,75.20419150000001
112,5,Someshwar Samudhaya,15.3184505,75.203482
112,6,Basaweshwar Gudi,15.321086999999999,75.1825905
112,7,Railway Gate H,15.3251363993824,75.17343365918626
112,8,Keb,15.3266965,75.15848349999999
112,9,Soniya Gandhi Nagar Cross,15.327718,75.151937
112,10,Bidnal Govt School,15.3286065,75.14954
112,11,Basaweshwar Cross,15.329704,75.146119
112,12,Bidnal Cross Sh,15.329774,75.14363900000001
112,13,Bankapur Chouk Sh,15.335399500000001,75.1417405
112,14,New English School Sh,15.3386415,75.1375455
112,15,Murusavira Matta Cross Sh,15.348655,75.13802
112,16,Obs Sh,15.350251965647585,75.1356732192144
112,17,Hosur Terminal,15.3570921772309,75.12880797876
112_2,1,Hosur Terminal,15.3570921772309,75.12880797876
112_2,2,Obs Sh,15.350251965647585,75.1356732192144
112_2,3,Murusavira Matta Cross Sh,15.348655,75.13802
112_2,4,New English School Sh,15.3386415,75.1375455
112_2,5,Bankapur Chouk Sh,15.335399500000001,75.1417405
112_2,6,Bidnal Cross Sh,15.329774,75.14363900000001
112_2,7,Basaweshwar Cross,15.329704,75.146119
112_2,8,Bidnal Govt School,15.3286065,75.14954
112_2,9,Soniya Gandhi Nagar Cross,15.327718,75.151937
112_2,10,Keb,15.3266965,75.15848349999999
112_2,11,Railway Gate H,15.3251363993824,75.17343365918626
112_2,12,Basaweshwar Gudi,15.321086999999999,75.1825905
112_2,13,Someshwar Samudhaya,15.3184505,75.203482
112_2,14,Hallyal Road,15.3163935,75.20419150000001
112_2,15,Yallaman Gudi,15.3162865,75.20589000000001
112_2,16,Halliyal Horkeri Oni,15.3181585,75.20677950000001
112_2,17,Hallyal,15.3179235,75.205941
113,1,Hosur Terminal,15.3570921772309,75.12880797876
113,2,M M Joshi,15.352953,75.130029
113,3,Hanuman Temple-H,15.351641,75.128945
113,4,Quarters,15.351182,75.1220395
113,5,Rwh,15.350895000000001,75.1188075
113,6,New Bus Stand-H,15.3505045,75.116761
113,7,Akshay Park,15.350715666666666,75.10896733333333
113,8,Basaveshwara Nagar Cross,15.351390666666667,75.10335466666668
113,9,Manjunatha Nagar Cross,15.35160868216956,75.10187980363615
113,10,Neharu Nagar Water Tank,15.352369666666666,75.097318
113,11,Kec,15.354208845640276,75.09142434264085
113,12,Airport,15.35598472333832,75.08580822603624
113,13,Gokul Cross,15.354122,75.079631
113,14,Durga Gudi,15.357231666666666,75.08218833333333
113,15,Deshpande Foundation,15.352754000000001,75.0676165
113,16,Infosys,15.3525335,75.062562
113,17,Jagadish Nagar Cross,15.3559365,75.0574705
113,18,Toll Gate,15.3597325,75.052089
113,19,Steel Factory,15.359579499999999,75.0490875
113,20,Vijaya Bank,15.3594075,75.047304
113,21,Tarihal -X,15.359244,75.045469
113,22,Tarihal Politechnic,15.3586135,75.03442100000001
113,23,Vajpey Nagar,15.360630223847526,75.02720168192003
113,24,Sai Wood Works,15.361624500000001,75.0233585
113,25,Joshi Farm,15.3638569744952,75.017615117008
113,26,Kanive Honnapur 1St Stop,15.3670698021125,75.0103522501127
113,27,Kanive Honnapur Water Tank,15.3693835,75.0080525
113,28,Kanive Honnapur N H,15.367756669558075,75.0067691780541
113,29,Kanive Honnapur,15.371065999999999,75.00657899999999
113,30,Eti Gatti Cross,15.37314825,75.0074
113,31,Eti Gatti Nh Bridge/ Halla,15.3783818037063,75.0237592543713
113,32,Eti Gatti 1St Stop,15.378923499999999,75.027097
113,33,Ittigatti,15.3795575,75.028233
113_2,1,Ittigatti,15.3795575,75.028233
113_2,2,Eti Gatti 1St Stop,15.378923499999999,75.027097
113_2,3,Eti Gatti Nh Bridge/ Halla,15.3783818037063,75.0237592543713
113_2,4,Eti Gatti Cross,15.37314825,75.0074
113_2,5,Kanive Honnapur,15.371065999999999,75.00657899999999
113_2,6,Kanive Honnapur N H,15.367756669558075,75.0067691780541
113_2,7,Kanive Honnapur Water Tank,15.3693835,75.0080525
113_2,8,Kanive Honnapur 1St Stop,15.3670698021125,75.0103522501127
113_2,9,Joshi Farm,15.3638569744952,75.017615117008
113_2,10,Sai Wood Works,15.361624500000001,75.0233585
113_2,11,Vajpey Nagar,15.360630223847526,75.02720168192003
113_2,12,Tarihal Politechnic,15.3586135,75.03442100000001
113_2,13,Tarihal -X,15.359244,75.045469
113_2,14,Vijaya Bank,15.3594075,75.047304
113_2,15,Steel Factory,15.359579499999999,75.0490875
113_2,16,Toll Gate,15.3597325,75.052089
113_2,17,Jagadish Nagar Cross,15.3559365,75.0574705
113_2,18,Infosys,15.3525335,75.062562
113_2,19,Deshpande Foundation,15.352754000000001,75.0676165
113_2,20,Durga Gudi,15.357231666666666,75.08218833333333
113_2,21,Gokul Cross,15.354122,75.079631
113_2,22,Airport,15.35598472333832,75.08580822603624
113_2,23,Kec,15.354208845640276,75.09142434264085
113_2,24,Neharu Nagar Water Tank,15.352369666666666,75.097318
113_2,25,Manjunatha Nagar Cross,15.35160868216956,75.10187980363615
113_2,26,Basaveshwara Nagar Cross,15.351390666666667,75.10335466666668
113_2,27,Akshay Park,15.350715666666666,75.10896733333333
113_2,28,New Bus Stand-H,15.3505045,75.116761
113_2,29,Rwh,15.350895000000001,75.1188075
113_2,30,Quarters,15.351182,75.1220395
113_2,31,M M Joshi,15.352953,75.130029
113_2,32,Hosur Terminal,15.3570921772309,75.12880797876
114,1,Kardikoppa,15.2364925,75.09799
114,2,Inam Virapur,15.246786,75.10392999999999
114,3,Bommasamudra,15.2367905,75.117603
114,4,Bommasamudra  Cross,15.253637999999999,75.1227715
114,5,Belgali,15.256297,75.1263555
114,6,Belgali Govt School,15.256342499999999,75.128763
114,7,Monkey Factory,15.264365999999999,75.13856849999999
114,8,Noolvi Cross,15.268582714285714,75.15226557142857
114,9,Adrgunchi Cross,15.281645348047,75.14734297007577
114,10,Shantinath Goshal,15.286413249999999,75.14050449999999
114,11,Budurshingi,15.290190744806134,75.14702836140124
114,12,Shantinath Goshal,15.286413249999999,75.14050449999999
114,13,Budarsingi,15.288644000000001,75.14552900000001
114,14,Kundagol Cross,15.295943,75.1464805
114,15,Gabbur Sh,15.317306,75.1440665
114,16,Bidnal Cross Sh,15.329774,75.14363900000001
114,17,New English School Sh,15.3386415,75.1375455
114,18,Obs Sh,15.350251965647585,75.1356732192144
114,19,Hosur Terminal,15.3570921772309,75.12880797876
114_2,1,Hosur Terminal,15.3570921772309,75.12880797876
114_2,2,Obs Sh,15.350251965647585,75.1356732192144
114_2,3,Murusavira Matta Cross Sh,15.348655,75.13802
114_2,4,New English School Sh,15.3386415,75.1375455
114_2,5,Bankapur Chouk Sh,15.335399500000001,75.1417405
114_2,6,Bidnal Cross Sh,15.329774,75.14363900000001
114_2,7,Gabbur Sh,15.317306,75.1440665
114_2,8,Kundagol Cross,15.295943,75.1464805
114_2,9,Budarsingi,15.288644000000001,75.14552900000001
114_2,10,Shantinath Goshal,15.286413249999999,75.14050449999999
114_2,11,Budurshingi,15.290190744806134,75.14702836140124
114_2,12,Shantinath Goshal,15.286413249999999,75.14050449999999
114_2,13,Adrgunchi Cross,15.281645348047,75.14734297007577
114_2,14,Noolvi Cross,15.268582714285714,75.15226557142857
114_2,15,Monkey Factory,15.264365999999999,75.13856849999999
114_2,16,Belgali Govt School,15.256342499999999,75.128763
114_2,17,Belgali,15.256297,75.1263555
114_2,18,Bommasamudra  Cross,15.253637999999999,75.1227715
114_2,19,Bommasamudra,15.2367905,75.117603
114_2,20,Inam Virapur,15.246786,75.10392999999999
114_2,21,Kardikoppa,15.2364925,75.09799
116,1,Kuruvina Koppa,15.2943245,75.024629
116,2,Kuruvina Koppa 1St Stop,15.292602,75.024384
116,3,Kuruvina Koppa Cross,15.2807315,75.02667199999999
116,4,Addadari Cross,15.28308,75.0324845
116,5,Cement Factory,15.2851265,75.041409
116,6,Oil Mill,15.287286,75.045705
116,7,Bhudhanagudda Cross,15.288479,75.05302599999999
116,8,Murudeshwara Factory,15.2865275,75.05405
116,9,Chalmatti Cross,15.281726999999998,75.05862133333333
116,10,Water World,15.2874705,75.0651015
116,11,Dr Banglow,15.2894115,75.06585050000001
116,12,Dhabha,15.2950245,75.07076900000001
116,13,Nursary,15.2963335,75.0724945
116,14,Gopalbhag,15.3070515,75.08889099999999
116,15,Anchitageri,15.311358,75.0948485
116,16,Wali,15.320832748716924,75.10826673315587
116,17,Kempegeri,15.3250065,75.114961
116,18,Karwar Road Bypass,15.328899,75.11873399999999
116,19,Grid Sh,15.331695,75.1206375
116,20,Indi Pump Sh,15.336580999999999,75.126196
116,21,Hosur Terminal,15.3570921772309,75.12880797876
116_2,1,Hosur Terminal,15.3570921772309,75.12880797876
116_2,2,Indi Pump Sh,15.336580999999999,75.126196
116_2,3,Grid Sh,15.331695,75.1206375
116_2,4,Karwar Road Bypass,15.328899,75.11873399999999
116_2,5,Kempegeri,15.3250065,75.114961
116_2,6,Wali,15.320832748716924,75.10826673315587
116_2,7,Anchitageri,15.311358,75.0948485
116_2,8,Gopalbhag,15.3070515,75.08889099999999
116_2,9,Nursary,15.2963335,75.0724945
116_2,10,Dhabha,15.2950245,75.07076900000001
116_2,11,Dr Banglow,15.2894115,75.06585050000001
116_2,12,Water World,15.2874705,75.0651015
116_2,13,Chalmatti Cross,15.281726999999998,75.05862133333333
116_2,14,Murudeshwara Factory,15.2865275,75.05405
116_2,15,Bhudhanagudda Cross,15.288479,75.05302599999999
116_2,16,Oil Mill,15.287286,75.045705
116_2,17,Cement Factory,15.2851265,75.041409
116_2,18,Addadari Cross,15.28308,75.0324845
116_2,19,Kuruvina Koppa Cross,15.2807315,75.02667199999999
116_2,20,Kuruvina Koppa 1St Stop,15.292602,75.024384
116_2,21,Kuruvina Koppa,15.2943245,75.024629
117,1,Kusgal,15.398178999999999,75.210397
117,2,Ms,15.39413,75.21159
117,3,Kusgal Maruthi Nagar,15.390912,75.209797
117,4,Kusgal Siddharuda Matta,15.379963499999999,75.1944465
117,5,Ram Honda,15.378467,75.1916945
117,6,Durga Colony / Neeli Bangle,15.375891969689,75.1870149928382
117,7,Oxford College,15.367183582409801,75.16689893132124
117,8,Srinivas Garden,15.366199,75.1639215
117,9,Shabiri Nagar Cross Sh,15.364848,75.159729
117,10,Madhura Colony Sh,15.363309000000001,75.155224
117,11,Keshwapur Sh,15.360063,75.1473375
117,12,Court Circle Sh,15.352425499999999,75.139278
117,13,Obs Sh,15.350251965647585,75.1356732192144
117,14,Hosur Terminal,15.3570921772309,75.12880797876
117_2,1,Hosur Terminal,15.3570921772309,75.12880797876
117_2,2,Obs Sh,15.350251965647585,75.1356732192144
117_2,3,Court Circle Sh,15.352425499999999,75.139278
117_2,4,Keshwapur Sh,15.360063,75.1473375
117_2,5,Madhura Colony Sh,15.363309000000001,75.155224
117_2,6,Shabiri Nagar Cross Sh,15.364848,75.159729
117_2,7,Srinivas Garden,15.366199,75.1639215
117_2,8,Oxford College,15.367183582409801,75.16689893132124
117_2,9,Durga Colony / Neeli Bangle,15.375891969689,75.1870149928382
117_2,10,Ram Honda,15.378467,75.1916945
117_2,11,Kusgal Siddharuda Matta,15.379963499999999,75.1944465
117_2,12,Kusgal Maruthi Nagar,15.390912,75.209797
117_2,13,Ms,15.39413,75.21159
117_2,14,Kusgal,15.398178999999999,75.210397
118,1,Hosur Terminal,15.3570921772309,75.12880797876
118,2,Obs Sh,15.350251965647585,75.1356732192144
118,3,Railway Station Sh,15.3532835,75.146837
118,4,Vinobha Nagar,15.352791000000002,75.15764433333334
118,5,R G S Sh,15.352498,75.1639395
118,6,D L S Sh,15.35374,75.16896399999999
118,7,Railway Gate,15.39869525,75.08628425
118,8,Ontti Hanumantha Temple,15.3579215,75.1855505
118,9,Bypass/Bridge,15.3609704825584,75.2035592002185
118,10,I T C Gowdown,15.36245517274665,75.21510424193764
118,11,Brige,15.362995,75.21935400000001
118,12,Haliyal Park,15.363833,75.227406
118,13,Kanchgar Keri,15.3645305,75.2341115
118,14,Nalanada College / Sisu V.1,15.3652190160622,75.2387677945183
118,15,Hope School,15.365822,75.245688
118,16,Bandivad Dabha,15.3654645,75.2515635
118,17,Math Road,15.3651845,75.255188
118,18,Bandivad Cross,15.364349821610299,75.26546698811664
118,19,Bandivad,15.356322,75.2662435
118,20,Mantur,15.350591999999999,75.265721
118_2,1,Mantur,15.350591999999999,75.265721
118_2,2,Bandivad,15.356322,75.2662435
118_2,3,Bandivad Cross,15.364349821610299,75.26546698811664
118_2,4,Math Road,15.3651845,75.255188
118_2,5,Bandivad Dabha,15.3654645,75.2515635
118_2,6,Hope School,15.365822,75.245688
118_2,7,Nalanada College / Sisu V.2,15.3650608294885,75.2387808000799
118_2,8,Kanchgar Keri,15.3645305,75.2341115
118_2,9,Haliyal Park,15.363833,75.227406
118_2,10,Brige,15.362995,75.21935400000001
118_2,11,I T C Gowdown,15.36245517274665,75.21510424193764
118_2,12,Bypass/Bridge,15.3609704825584,75.2035592002185
118_2,13,Ontti Hanumantha Temple,15.3579215,75.1855505
118_2,14,Railway Gate,15.39869525,75.08628425
118_2,15,D L S Sh,15.35374,75.16896399999999
118_2,16,R G S Sh,15.352498,75.1639395
118_2,17,Vinobha Nagar,15.352791000000002,75.15764433333334
118_2,18,Railway Station Sh,15.3532835,75.146837
118_2,19,Obs Sh,15.350251965647585,75.1356732192144
118_2,20,Hosur Terminal,15.3570921772309,75.12880797876
119,1,Hosur Terminal,15.3570921772309,75.12880797876
119,2,Indi Pump Sh,15.336580999999999,75.126196
119,3,Grid Sh,15.331695,75.1206375
119,4,Karwar Road Bypass,15.328899,75.11873399999999
119,5,Kempegeri,15.3250065,75.114961
119,6,Wali,15.320832748716924,75.10826673315587
119,7,Anchitageri,15.311358,75.0948485
119,8,Gopalbhag,15.3070515,75.08889099999999
119,9,Nursary,15.2963335,75.0724945
119,10,Dhabha,15.2950245,75.07076900000001
119,11,Dr Banglow,15.2894115,75.06585050000001
119,12,Water World,15.2874705,75.0651015
119,13,Chalmatti Cross,15.281726999999998,75.05862133333333
119,14,Misrikoti Cross,15.275915333333332,75.055223
119,15,Chalamatti Factory,15.271332999999998,75.0555745
119,16,A V M Granite,15.262832,75.056291
119,17,Durga,15.2609785,75.056302
119,18,Muk Basavanna Gudi,15.257357,75.0568375
119,19,Misrikot,15.2537515,75.057425
119,20,Sangolli Rayanna Circle,15.249469000000001,75.0568955
119,21,Kamadenu Cross,15.2467895,75.05703299999999
119,22,Misrikoti Market,15.246554,75.05852250000001
119,23,Misrikoti,15.245458,75.05844450000001
119_2,1,Misrikoti,15.245458,75.05844450000001
119_2,2,Misrikoti Market,15.246554,75.05852250000001
119_2,3,Kamadenu Cross,15.2467895,75.05703299999999
119_2,4,Sangolli Rayanna Circle,15.249469000000001,75.0568955
119_2,5,Misrikot,15.2537515,75.057425
119_2,6,Muk Basavanna Gudi,15.257357,75.0568375
119_2,7,Durga,15.2609785,75.056302
119_2,8,A V M Granite,15.262832,75.056291
119_2,9,Chalamatti Factory,15.271332999999998,75.0555745
119_2,10,Misrikoti Cross,15.275915333333332,75.055223
119_2,11,Chalmatti Cross,15.281726999999998,75.05862133333333
119_2,12,Water World,15.2874705,75.0651015
119_2,13,Dr Banglow,15.2894115,75.06585050000001
119_2,14,Dhabha,15.2950245,75.07076900000001
119_2,15,Nursary,15.2963335,75.0724945
119_2,16,Gopalbhag,15.3070515,75.08889099999999
119_2,17,Anchitageri,15.311358,75.0948485
119_2,18,Wali,15.320832748716924,75.10826673315587
119_2,19,Kempegeri,15.3250065,75.114961
119_2,20,Karwar Road Bypass,15.328899,75.11873399999999
119_2,21,Grid Sh,15.331695,75.1206375
119_2,22,Indi Pump Sh,15.336580999999999,75.126196
119_2,23,Hosur Terminal,15.3570921772309,75.12880797876
12,1,Railway Station-H,15.352256816846449,75.1453905041761
12,2,Corporation-H,15.3514155,75.14188899999999
12,3,Hubli Obs (Inside),15.3506932154367,75.13637812934971
12,4,Glass House,15.352517,75.133526
12,5,Hosur,15.354019,75.130184
12,6,Bannigida,15.36244125,75.132926
12,7,Quarters,15.351182,75.1220395
12,8,Rwh,15.350895000000001,75.1188075
12,9,New Bus Stand-H,15.3505045,75.116761
12,10,1St Gate,15.3506565,75.11479
12,11,2Nd Gate,15.350479,75.111707
12,12,Akshay Park,15.350715666666666,75.10896733333333
12,13,Oriental School,15.345773000000001,75.11140950000001
12,14,Hemareddy Mallamma Colony,15.3450980603618,75.113462531477
12,15,Murdeshwara Factory,15.341352,75.1183445
12,16,Bankers Colony,15.338588999999999,75.1203905
12,17,Ganesh Nagar,15.336658,75.12134950000001
12,18,Siddarudh Mata Cross,15.337141335,75.11975699999999
12,19,Siddharud Mata,15.3352215,75.120312
12_2,1,Siddharud Mata,15.3352215,75.120312
12_2,2,Siddarudh Mata Cross,15.337141335,75.11975699999999
12_2,3,Ganesh Nagar,15.336658,75.12134950000001
12_2,4,Bankers Colony,15.338588999999999,75.1203905
12_2,5,Murdeshwara Factory,15.341352,75.1183445
12_2,6,Hemareddy Mallamma Colony,15.3450980603618,75.113462531477
12_2,7,Oriental School,15.345773000000001,75.11140950000001
12_2,8,Akshay Park,15.350715666666666,75.10896733333333
12_2,9,2Nd Gate,15.350479,75.111707
12_2,10,1St Gate,15.3506565,75.11479
12_2,11,New Bus Stand-H,15.3505045,75.116761
12_2,12,Rwh,15.350895000000001,75.1188075
12_2,13,Quarters,15.351182,75.1220395
12_2,14,Bannigida,15.36244125,75.132926
12_2,15,Hosur,15.354019,75.130184
12_2,16,Hubli Obs (Outside),15.351252,75.13632
12_2,17,Corporation-H,15.3514155,75.14188899999999
12_2,18,Railway Station-H,15.352256816846449,75.1453905041761
120,1,Hosur Terminal,15.3570921772309,75.12880797876
120,2,Obs Sh,15.350251965647585,75.1356732192144
120,3,New English School Sh,15.3386415,75.1375455
120,4,Bankapur Chouk Sh,15.335399500000001,75.1417405
120,5,Bidnal Cross Sh,15.329774,75.14363900000001
120,6,Gabbur Sh,15.317306,75.1440665
120,7,Kundagol Cross,15.295943,75.1464805
120,8,Kotgunsi,15.291972999999999,75.15141750000001
120,9,Adhurgunchi Doddappana Gudi,15.28525,75.15392349999999
120,10,Adhurgunchi,15.281863999999999,75.154369
120,11,Adhurgunchi Plot,15.2806865,75.1567975
120,12,Adhurgunchi College,15.277642,75.156795
120,13,Noolvi Arogya Kendra,15.272106,75.16071199999999
120,14,Noolvi Cross,15.268582714285714,75.15226557142857
120,15,Noolvi,15.271438,75.1653625
120_2,1,Noolvi,15.271438,75.1653625
120_2,2,Noolvi Cross,15.268582714285714,75.15226557142857
120_2,3,Noolvi Arogya Kendra,15.272106,75.16071199999999
120_2,4,Adhurgunchi College,15.277642,75.156795
120_2,5,Adhurgunchi Plot,15.2806865,75.1567975
120_2,6,Adhurgunchi,15.281863999999999,75.154369
120_2,7,Adhurgunchi Doddappana Gudi,15.28525,75.15392349999999
120_2,8,Kotgunsi,15.291972999999999,75.15141750000001
120_2,9,Kundagol Cross,15.295943,75.1464805
120_2,10,Gabbur Sh,15.317306,75.1440665
120_2,11,Bidnal Cross Sh,15.329774,75.14363900000001
120_2,12,New English School Sh,15.3386415,75.1375455
120_2,13,Obs Sh,15.350251965647585,75.1356732192144
120_2,14,Hosur Terminal,15.3570921772309,75.12880797876
1201,1,Dwr Sd,15.45985814417835,75.0105258745456
1201,2,Shivaji Circle,15.46469075,75.01383675
1201,3,Depot Circle Sd,15.467825999999999,75.01767050000001
1201,4,Murga Matha Sd,15.4702005,75.0183395
1201,5,Mahanta Nagar,15.4724305,75.019305
1201,6,Mis,15.47249972791569,74.96161523514184
1201,7,Kavalgeri Cross,15.476219,75.0210295
1201,8,Kavalgeri Mile Stone,15.476318500000001,75.0248325
1201,9,Harni Bore,15.4840385,75.0481255
1201,10,Gudusala,15.488012000000001,75.05354750000001
1201,11,Kavalgeri Halla,15.490221,75.057636
1201,12,Shettar Bangla 1St Stop,15.495089,75.0640435
1201,13,Shettar Bangla 2Nd Stop,15.497028499999999,75.0681675
1201,14,Kavalgeri,15.498726999999999,75.0738195
1201,15,Chandanmatti,15.5090845,75.0935345
1201_2,1,Chandanmatti,15.5090845,75.0935345
1201_2,2,Kavalgeri,15.498726999999999,75.0738195
1201_2,3,Shettar Bangla 2Nd Stop,15.497028499999999,75.0681675
1201_2,4,Shettar Bangla 1St Stop,15.495089,75.0640435
1201_2,5,Kavalgeri Halla,15.490221,75.057636
1201_2,6,Gudusala,15.488012000000001,75.05354750000001
1201_2,7,Harni Bore,15.4840385,75.0481255
1201_2,8,Kavalgeri Mile Stone,15.476318500000001,75.0248325
1201_2,9,Kavalgeri Cross,15.476219,75.0210295
1201_2,10,Mis,15.47249972791569,74.96161523514184
1201_2,11,Mahanta Nagar,15.4724305,75.019305
1201_2,12,Murga Matha Sd,15.4702005,75.0183395
1201_2,13,Depot Circle Sd,15.467825999999999,75.01767050000001
1201_2,14,Shivaji Circle Sd,15.464889,75.014115
1201_2,15,Raman Gouda Haspital,15.466287,75.008106
1201_2,16,Old Sp Office,15.4628345,75.003431
1201_2,17,Corporation-D,15.4603805,75.00877600000001
1201_2,18,Dwr Sd,15.45985814417835,75.0105258745456
1202,1,Baad,15.4099285,74.9458475
1202,2,Baad Cross,15.403112583765425,74.94860651311384
1202,3,Baad Dhaba,15.405649,74.9508405
1202,4,Anand Ashram,15.410335499999999,74.956047
1202,5,Salakin Koppa,15.4157035,74.957171
1202,6,Mansur Cross,15.41935825,74.96448025000001
1202,7,Borewell,15.4246885,74.964749
1202,8,Agro Nagar,15.428327,74.9643235
1202,9,Hoysala Nagar,15.438222,74.9695035
1202,10,Hallyal Railway Gate,15.4423455,74.973352
1202,11,Nehru Nagar Cross,15.4448185,74.9763125
1202,12,Ics College,15.445704,74.9780885
1202,13,Shivalaya,15.44655,74.9803685
1202,14,Servomangala,15.449470999999999,74.988468
1202,15,Dasanakoppa,15.4558755,74.99330499999999
1202,16,Dharwad Akashwani,15.459020500000001,74.9976655
1202,17,Old Sp Office Sd,15.462823,75.0038435
1202,18,Corporation-D,15.4603805,75.00877600000001
1202,19,Dwr Sd,15.45985814417835,75.0105258745456
1202_2,1,Dwr Sd,15.45985814417835,75.0105258745456
1202_2,2,Oswal Sd,15.459392,75.007347
1202_2,3,Dharwad Akashwani,15.459020500000001,74.9976655
1202_2,4,Dasanakoppa,15.4558755,74.99330499999999
1202_2,5,Shivalaya,15.44655,74.9803685
1202_2,6,Nehru Nagar Cross,15.4448185,74.9763125
1202_2,7,Hallyal Railway Gate,15.4423455,74.973352
1202_2,8,Hoysala Nagar,15.438222,74.9695035
1202_2,9,Agro Nagar,15.428327,74.9643235
1202_2,10,Borewell,15.4246885,74.964749
1202_2,11,Mansur Cross,15.41935825,74.96448025000001
1202_2,12,Salakin Koppa,15.4157035,74.957171
1202_2,13,Anand Ashram,15.410335499999999,74.956047
1202_2,14,Baad Dhaba,15.405649,74.9508405
1202_2,15,Baad Cross,15.403112583765425,74.94860651311384
1202_2,16,Baad,15.4099285,74.9458475
1203,1,Dwr Sd,15.45985814417835,75.0105258745456
1203,2,Shivaji Circle,15.46469075,75.01383675
1203,3,Depot Circle Sd,15.467825999999999,75.01767050000001
1203,4,Murga Matha Sd,15.4702005,75.0183395
1203,5,Mahanta Nagar,15.4724305,75.019305
1203,6,Kavalgeri Cross,15.476219,75.0210295
1203,7,Kavalgeri Mile Stone,15.476318500000001,75.0248325
1203,8,Harni Bore,15.4840385,75.0481255
1203,9,Gudusala,15.488012000000001,75.05354750000001
1203,10,Kavalgeri Halla,15.490221,75.057636
1203,11,Shettar Bangla 1St Stop,15.495089,75.0640435
1203,12,Shettar Bangla 2Nd Stop,15.497028499999999,75.0681675
1203,13,Kavalgeri,15.498726999999999,75.0738195
1203,14,Chandanmatti,15.5090845,75.0935345
1203,15,Ashram,15.509141,75.100258
1203,16,Kankur Govt School,15.5085735,75.1024265
1203,17,Kankur,15.508009,75.1036905
1203,18,Kankur Mile Stone,15.506037,75.11643699999999
1203,19,Talwai,15.50552,75.1193715
1203_2,1,Talwai,15.50552,75.1193715
1203_2,2,Kankur Mile Stone,15.506037,75.11643699999999
1203_2,3,Kankur,15.508009,75.1036905
1203_2,4,Kankur Govt School,15.5085735,75.1024265
1203_2,5,Ashram,15.509141,75.100258
1203_2,6,Chandanmatti,15.5090845,75.0935345
1203_2,7,Kavalgeri,15.498726999999999,75.0738195
1203_2,8,Shettar Bangla 2Nd Stop,15.497028499999999,75.0681675
1203_2,9,Shettar Bangla 1St Stop,15.495089,75.0640435
1203_2,10,Kavalgeri Halla,15.490221,75.057636
1203_2,11,Gudusala,15.488012000000001,75.05354750000001
1203_2,12,Harni Bore,15.4840385,75.0481255
1203_2,13,Kavalgeri Mile Stone,15.476318500000001,75.0248325
1203_2,14,Kavalgeri Cross,15.476219,75.0210295
1203_2,15,Mahanta Nagar,15.4724305,75.019305
1203_2,16,Murga Matha Sd,15.4702005,75.0183395
1203_2,17,Depot Circle Sd,15.467825999999999,75.01767050000001
1203_2,18,Shivaji Circle Sd,15.464889,75.014115
1203_2,19,Raman Gouda Haspital,15.466287,75.008106
1203_2,20,Old Sp Office,15.4628345,75.003431
1203_2,21,Corporation-D,15.4603805,75.00877600000001
1203_2,22,Dwr Sd,15.45985814417835,75.0105258745456
1204,1,Dwr Sd,15.45985814417835,75.0105258745456
1204,2,Oswal Sd,15.459392,75.007347
1204,3,Old Sp Office,15.4628345,75.003431
1204,4,Dharwad Akashwani,15.459020500000001,74.9976655
1204,5,Dasanakoppa,15.4558755,74.99330499999999
1204,6,Shivalaya,15.44655,74.9803685
1204,7,Nehru Nagar Cross,15.4448185,74.9763125
1204,8,Hallyal Railway Gate,15.4423455,74.973352
1204,9,Hoysala Nagar,15.438222,74.9695035
1204,10,Agro Nagar,15.428327,74.9643235
1204,11,Borewell,15.4246885,74.964749
1204,12,Mansur Cross,15.41935825,74.96448025000001
1204,13,Sali Matha School,15.415235,74.96722700000001
1204,14,Siddeshwar Matha,15.413601,74.96842799999999
1204,15,Mansur Govt School,15.409909,74.9708595
1204,16,Mansur,15.40663,74.9728585
1204,17,Manasur Plot,15.404785,74.9743085
1204,18,Form,15.394307000000001,74.976344
1204,19,Managundi Govt School,15.38973,74.97577
1204,20,Managundi  1St Stop,15.3882245,74.9755805
1204,21,Pandav Nagar,15.3868085,74.97420249999999
1204,22,Managundi,15.384271,74.975029
1204,23,Mile Stione Kachha Road,15.376404,74.973779
1204,24,Belli Gatti,15.3688495,74.9762465
1204_2,1,Belli Gatti,15.3688495,74.9762465
1204_2,2,Mile Stione Kachha Rode,15.376547,74.973771
1204_2,3,Managundi,15.384271,74.975029
1204_2,4,Pandav Nagar,15.3868085,74.97420249999999
1204_2,5,Managundi  1St Stop,15.3882245,74.9755805
1204_2,6,Form,15.394307000000001,74.976344
1204_2,7,Manasur Plot,15.404785,74.9743085
1204_2,8,Mansur,15.40663,74.9728585
1204_2,9,Mansur Govt School,15.409909,74.9708595
1204_2,10,Siddeshwar Matha,15.413601,74.96842799999999
1204_2,11,Sali Matha School,15.415235,74.96722700000001
1204_2,12,Mansur Cross,15.41935825,74.96448025000001
1204_2,13,Borewell,15.4246885,74.964749
1204_2,14,Agro Nagar,15.428327,74.9643235
1204_2,15,Hoysala Nagar,15.438222,74.9695035
1204_2,16,Hallyal Railway Gate,15.4423455,74.973352
1204_2,17,Nehru Nagar Cross,15.4448185,74.9763125
1204_2,18,Ics College,15.445704,74.9780885
1204_2,19,Shivalaya,15.44655,74.9803685
1204_2,20,Servomangala,15.449470999999999,74.988468
1204_2,21,Dasanakoppa,15.4558755,74.99330499999999
1204_2,22,Dharwad Akashwani,15.459020500000001,74.9976655
1204_2,23,Old Sp Office Sd,15.462823,75.0038435
1204_2,24,Corporation-D,15.4603805,75.00877600000001
1204_2,25,Dwr Sd,15.45985814417835,75.0105258745456
1205,1,Dwr Sd,15.45985814417835,75.0105258745456
1205,2,Jubilee Circle Sd,15.4590695,75.00814550000001
1205,3,Court Circle Sd,15.456125499999999,75.006937
1205,4,Nttf,15.4523115,75.0104
1205,5,Toll Naka Sd,15.446589210288325,75.01217594886242
1205,6,Saraswathipura,15.438922,75.01107775
1205,7,Tajesavi Nagar,15.4356785,75.01106300000001
1205,8,Sdm Engg College,15.4313045,75.012247
1205,9,Giri Nagar D,15.4271595,75.00810949999999
1205,10,Kgt Hatti Kola,15.424586999999999,75.0063875
1205,11,Nuggikeri Gudi Cross,15.4175185,75.0024885
1205,12,Hachinmani College Sd,15.4117225,75.00046499999999
1205,13,Nuggikeri,15.4052395,75.001394
1205,14,Yerikoppa,15.3979755,75.0024705
1205,15,Masur Garden,15.388356,75.0034845
1205,16,Mangundi Cross,15.380305,75.00554600000001
1205,17,Eti Gatti Cross,15.37314825,75.0074
1205,18,Nayakan Hulli Katti,15.3689255,74.996132
1205,19,Kanive Honnapur,15.371065999999999,75.00657899999999
1205,20,Kanive Honnapur N H,15.367756669558075,75.0067691780541
1205,21,Kanive Honnapur Water Tank,15.3693835,75.0080525
1205,22,Kanive Honnapur 1St Stop,15.3670698021125,75.0103522501127
1205,23,Joshi Farm,15.3638569744952,75.017615117008
1205,24,Sai Wood Works,15.361624500000001,75.0233585
1205,25,Vajpey Nagar,15.360630223847526,75.02720168192003
1205,26,Tarihal Politechnic,15.3586135,75.03442100000001
1205,27,Tarihal Sh,15.354324,75.035666
1205_2,1,Tarihal Sh,15.354324,75.035666
1205_2,2,Tarihal Politechnic,15.3586135,75.03442100000001
1205_2,3,Vajpey Nagar,15.360630223847526,75.02720168192003
1205_2,4,Sai Wood Works,15.361624500000001,75.0233585
1205_2,5,Joshi Farm,15.3638569744952,75.017615117008
1205_2,6,Kanive Honnapur 1St Stop,15.3670698021125,75.0103522501127
1205_2,7,Kanive Honnapur Water Tank,15.3693835,75.0080525
1205_2,8,Kanive Honnapur N H,15.367756669558075,75.0067691780541
1205_2,9,Kanive Honnapur,15.371065999999999,75.00657899999999
1205_2,10,Nayakan Hulli Katti,15.3689255,74.996132
1205_2,11,Eti Gatti Cross,15.37314825,75.0074
1205_2,12,Mangundi Cross,15.380305,75.00554600000001
1205_2,13,Masur Garden,15.388356,75.0034845
1205_2,14,Yerikoppa,15.3979755,75.0024705
1205_2,15,Nuggikeri,15.4052395,75.001394
1205_2,16,Hachinmani College Sd,15.4117225,75.00046499999999
1205_2,17,Nugikeri Hanuman Temple Gate,15.4173705,75.0023785
1205_2,18,Kgt Hatti Kola,15.424586999999999,75.0063875
1205_2,19,Giri Nagar D,15.4271595,75.00810949999999
1205_2,20,Sdm Engg College,15.4313045,75.012247
1205_2,21,Tajesavi Nagar,15.4356785,75.01106300000001
1205_2,22,Saraswathipura,15.438922,75.01107775
1205_2,23,Toll Naka Sd,15.446589210288325,75.01217594886242
1205_2,24,Nttf,15.4523115,75.0104
1205_2,25,Court Circle Sd,15.456125499999999,75.006937
1205_2,26,Jubilee Circle Sd,15.4590695,75.00814550000001
1205_2,27,Dwr Sd,15.45985814417835,75.0105258745456
1206,1,Belur,15.530695999999999,74.9126455
1206,2,Kariyamma Temple Sd,15.528412,74.909109
1206,3,Belur Cross,15.5278475,74.9075095
1206,4,Prajavani,15.506511,74.92058750000001
1206,5,Belur Indistrial/Prajavani,15.517916,74.921922
1206,6,Walmi,15.517189271720149,74.92408242178945
1206,7,Tata Motors Nh,15.516098,74.9311745
1206,8,Garag Cross,15.5124975,74.9411595
1206,9,Mummigatti,15.509275500000001,74.94608600000001
1206,10,K E B (Power Grid),15.499924499999999,74.9559755
1206,11,Narendra Cross,15.495273333333335,74.96720033333334
1206,12,Agri University Gate,15.487123,74.97632300000001
1206,13,Dairy,15.483501,74.979516
1206,14,Pepsi Factory,15.477010666666667,74.98500166666666
1206,15,Gtc,15.474909,74.9855426
1206,16,Mg Bank,15.4715775,74.99080599999999
1206,17,New Bus Stand-D,15.467312963922167,74.99356261227416
1206,18,New Sp Office,15.466617930796467,74.99543122362164
1206,19,Mental Hospital,15.464470333333333,74.99838466666667
1206,20,K C Park,15.46369,75.001007
1206,21,Old Sp Office,15.4628345,75.003431
1206,22,Corporation-D,15.4603805,75.00877600000001
1206,23,Dwr Sd,15.45985814417835,75.0105258745456
1206_2,1,Dwr Sd,15.45985814417835,75.0105258745456
1206_2,2,Oswal Sd,15.459392,75.007347
1206_2,3,Old Sp Office,15.4628345,75.003431
1206_2,4,K C Park,15.46369,75.001007
1206_2,5,Mental Hospital,15.464470333333333,74.99838466666667
1206_2,6,New Sp Office,15.466617930796467,74.99543122362164
1206_2,7,New Bus Stand-D,15.467312963922167,74.99356261227416
1206_2,8,Mg Bank,15.4715775,74.99080599999999
1206_2,9,Gtc,15.474909,74.9855426
1206_2,10,Pepsi Factory,15.477010666666667,74.98500166666666
1206_2,11,Dairy,15.483501,74.979516
1206_2,12,Agri University Gate,15.487123,74.97632300000001
1206_2,13,Airtech,15.4917725,74.97106400000001
1206_2,14,Narendra Cross Nh,15.493936,74.9684335
1206_2,15,K E B (Power Grid),15.499924499999999,74.9559755
1206_2,16,Mummy Gatti Hospital,15.507166,74.947641
1206_2,17,Mummigatti,15.509275500000001,74.94608600000001
1206_2,18,Garag Cross,15.5124975,74.9411595
1206_2,19,Tata Motors Nh,15.516098,74.9311745
1206_2,20,Walmi,15.517189271720149,74.92408242178945
1206_2,21,Belur Indistrial/Prajavani,15.517916,74.921922
1206_2,22,Prajavani,15.506511,74.92058750000001
1206_2,23,Gouse Factory,15.521526999999999,74.912561
1206_2,24,Belur Cross,15.5278475,74.9075095
1206_2,25,Kariyamma Temple Sd,15.528412,74.909109
1206_2,26,Belur,15.530695999999999,74.9126455
1207,1,Dwr Sd,15.45985814417835,75.0105258745456
1207,2,Oswal Sd,15.459392,75.007347
1207,3,Old Sp Office,15.4628345,75.003431
1207,4,K C Park,15.46369,75.001007
1207,5,Mental Hospital,15.464470333333333,74.99838466666667
1207,6,New Sp Office,15.466617930796467,74.99543122362164
1207,7,New Bus Stand-D,15.467312963922167,74.99356261227416
1207,8,Mg Bank,15.4715775,74.99080599999999
1207,9,Gtc,15.474909,74.9855426
1207,10,Pepsi Factory,15.477010666666667,74.98500166666666
1207,11,Dairy,15.483501,74.979516
1207,12,Agri University Gate,15.487123,74.97632300000001
1207,13,Airtech,15.4917725,74.97106400000001
1207,14,Narendra Cross Nh,15.493936,74.9684335
1207,15,K E B (Power Grid),15.499924499999999,74.9559755
1207,16,Mummy Gatti Hospital,15.507166,74.947641
1207,17,Mummigatti,15.509275500000001,74.94608600000001
1207,18,Garag Cross,15.5124975,74.9411595
1207,19,Telcone,15.517642891816,74.9394667041168
1207,20,Rss,15.520228,74.93817250000001
1207,21,Garag Road Tata Motors,15.525135500000001,74.937953
1207,22,Tata Marcopolo,15.5318755,74.936173
1207,23,Niral Katti Cross,15.5399605,74.934952
1207,24,Niral Katti,15.554076,74.919674
1207,25,Factory,15.5420185,74.92536799999999
1207,26,Mm Industrial,15.5478625,74.9344385
1207,27,Raja Wisky,15.5497825,74.9342015
1207,28,Garag School,15.5591865,74.933472
1207,29,M I S,15.4957968941053,74.97219573584815
1207,30,Garag Police Station,15.5696525,74.9295635
1207,31,Garag,15.574841,74.930085
1207_2,1,Garag,15.574841,74.930085
1207_2,2,Garag Police Station,15.5696525,74.9295635
1207_2,3,M I S,15.4957968941053,74.97219573584815
1207_2,4,Garag School,15.5591865,74.933472
1207_2,5,Raja Wisky,15.5497825,74.9342015
1207_2,6,Mm Industrial,15.5478625,74.9344385
1207_2,7,Niral Katti Cross,15.5399605,74.934952
1207_2,8,Factory,15.5420185,74.92536799999999
1207_2,9,Niral Katti,15.554076,74.919674
1207_2,10,Tata Marcopolo,15.5318755,74.936173
1207_2,11,Garag Road Tata Motors,15.525135500000001,74.937953
1207_2,12,Rss,15.520228,74.93817250000001
1207_2,13,Telcone,15.517642891816,74.9394667041168
1207_2,14,Garag Cross,15.5124975,74.9411595
1207_2,15,Mummigatti,15.509275500000001,74.94608600000001
1207_2,16,K E B (Power Grid),15.499924499999999,74.9559755
1207_2,17,Narendra Cross Nh,15.493936,74.9684335
1207_2,18,Airtech,15.4917725,74.97106400000001
1207_2,19,Agri University Gate,15.487123,74.97632300000001
1207_2,20,Dairy,15.483501,74.979516
1207_2,21,Pepsi Factory,15.477010666666667,74.98500166666666
1207_2,22,Gtc,15.474909,74.9855426
1207_2,23,Mg Bank,15.4715775,74.99080599999999
1207_2,24,New Bus Stand-D,15.467312963922167,74.99356261227416
1207_2,25,New Sp Office,15.466617930796467,74.99543122362164
1207_2,26,Mental Hospital,15.464470333333333,74.99838466666667
1207_2,27,K C Park,15.46369,75.001007
1207_2,28,Old Sp Office,15.4628345,75.003431
1207_2,29,Corporation-D,15.4603805,75.00877600000001
1207_2,30,Dwr Sd,15.45985814417835,75.0105258745456
1208,1,Dwr Sd,15.45985814417835,75.0105258745456
1208,2,Oswal Sd,15.459392,75.007347
1208,3,Old Sp Office,15.4628345,75.003431
1208,4,K C Park,15.46369,75.001007
1208,5,Mental Hospital,15.464470333333333,74.99838466666667
1208,6,New Sp Office,15.466617930796467,74.99543122362164
1208,7,New Bus Stand-D,15.467312963922167,74.99356261227416
1208,8,Gtc,15.474909,74.9855426
1208,9,Pepsi Factory,15.477010666666667,74.98500166666666
1208,10,Dairy,15.483501,74.979516
1208,11,Agri University Gate,15.487123,74.97632300000001
1208,12,Airtech,15.4917725,74.97106400000001
1208,13,Narendra Cross,15.495273333333335,74.96720033333334
1208,14,Dnl School,15.4980435,74.9686275
1208,15,Cottan Mill,15.50011,74.9706275
1208,16,Narendr,15.5043,74.9745255
1208,17,Narendra Mata,15.5066175,74.976822
1208,18,Desai Cross Sd,15.508614999999999,74.97842650000001
1208,19,Narendr Watar  Tank,15.510266,74.9770255
1208,20,Chinnigeri Cross,15.5109355,74.97584599999999
1208,21,Vittal Gudi,15.5115355,74.9742985
1208,22,Narendr Polt,15.5117525,74.9715075
1208_2,1,Narendr Polt,15.5117525,74.9715075
1208_2,2,Vittal Gudi,15.5115355,74.9742985
1208_2,3,Chinnigeri Cross,15.5109355,74.97584599999999
1208_2,4,Narendr Watar  Tank,15.510266,74.9770255
1208_2,5,Desai Cross Sd,15.508614999999999,74.97842650000001
1208_2,6,Narendra Mata,15.5066175,74.976822
1208_2,7,Narendr,15.5043,74.9745255
1208_2,8,Cottan Mill,15.50011,74.9706275
1208_2,9,Dnl School,15.4980435,74.9686275
1208_2,10,Narendra Cross,15.495273333333335,74.96720033333334
1208_2,11,Airtech,15.4917725,74.97106400000001
1208_2,12,Agri University Gate,15.487123,74.97632300000001
1208_2,13,Dairy,15.483501,74.979516
1208_2,14,Pepsi Factory,15.477010666666667,74.98500166666666
1208_2,15,Gtc,15.474909,74.9855426
1208_2,16,New Bus Stand-D,15.467312963922167,74.99356261227416
1208_2,17,New Sp Office,15.466617930796467,74.99543122362164
1208_2,18,Mental Hospital,15.464470333333333,74.99838466666667
1208_2,19,K C Park,15.46369,75.001007
1208_2,20,Old Sp Office,15.4628345,75.003431
1208_2,21,Corporation-D,15.4603805,75.00877600000001
1208_2,22,Dwr Sd,15.45985814417835,75.0105258745456
1209,1,Dever Hubballi,15.397697,74.924162
1209,2,Dever Hubballi Matha,15.3964215,74.9281465
1209,3,Dever Hubballi Cross,15.393605,74.9391435
1209,4,Nigadi,15.393745,74.9415315
1209,5,Benkan Katti,15.395563,74.94335749999999
1209,6,Baad Cross,15.403112583765425,74.94860651311384
1209,7,Baad Dhaba,15.405649,74.9508405
1209,8,Anand Ashram,15.410335499999999,74.956047
1209,9,Salakin Koppa Cross,15.41204835,74.95966475
1209,10,Mansur Cross,15.41935825,74.96448025000001
1209,11,Borewell,15.4246885,74.964749
1209,12,Agro Nagar,15.428327,74.9643235
1209,13,Hoysala Nagar,15.438222,74.9695035
1209,14,Hallyal Railway Gate,15.4423455,74.973352
1209,15,Nehru Nagar Cross,15.4448185,74.9763125
1209,16,Ics College,15.445704,74.9780885
1209,17,Shivalaya,15.44655,74.9803685
1209,18,Servomangala,15.449470999999999,74.988468
1209,19,Dasanakoppa,15.4558755,74.99330499999999
1209,20,Dharwad Akashwani,15.459020500000001,74.9976655
1209,21,Old Sp Office Sd,15.462823,75.0038435
1209,22,Corporation-D,15.4603805,75.00877600000001
1209,23,Dwr Sd,15.45985814417835,75.0105258745456
1209_2,1,Dwr Sd,15.45985814417835,75.0105258745456
1209_2,2,Oswal Sd,15.459392,75.007347
1209_2,3,Old Sp Office,15.4628345,75.003431
1209_2,4,Dharwad Akashwani,15.459020500000001,74.9976655
1209_2,5,Dasanakoppa,15.4558755,74.99330499999999
1209_2,6,Shivalaya,15.44655,74.9803685
1209_2,7,Nehru Nagar Cross,15.4448185,74.9763125
1209_2,8,Hallyal Railway Gate,15.4423455,74.973352
1209_2,9,Hoysala Nagar,15.438222,74.9695035
1209_2,10,Agro Nagar,15.428327,74.9643235
1209_2,11,Borewell,15.4246885,74.964749
1209_2,12,Mansur Cross,15.41935825,74.96448025000001
1209_2,13,Salakin Koppa Cross,15.41204835,74.95966475
1209_2,14,Anand Ashram,15.410335499999999,74.956047
1209_2,15,Baad Dhaba,15.405649,74.9508405
1209_2,16,Baad Cross,15.403112583765425,74.94860651311384
1209_2,17,Benkan Katti,15.395563,74.94335749999999
1209_2,18,Nigadi,15.393745,74.9415315
1209_2,19,Dever Hubballi Cross,15.393605,74.9391435
1209_2,20,Dever Hubballi Matha,15.3964215,74.9281465
1209_2,21,Dever Hubballi,15.397697,74.924162
1210,1,Dwr Sd,15.45985814417835,75.0105258745456
1210,2,Oswal Sd,15.459392,75.007347
1210,3,Old Sp Office,15.4628345,75.003431
1210,4,K C Park,15.46369,75.001007
1210,5,Mental Hospital,15.464470333333333,74.99838466666667
1210,6,New Sp Office,15.466617930796467,74.99543122362164
1210,7,New Bus Stand-D,15.467312963922167,74.99356261227416
1210,8,Police Head Quarters-D,15.472024000000001,74.986857
1210,9,Gtc,15.474909,74.9855426
1210,10,Patil Stop,15.475113499999999,74.980745
1210,11,Halla,15.448173,75.09090675
1210,12,Gtc Matha,15.478204,74.971096
1210,13,Pandu Nagar,15.479669999999999,74.96792500000001
1210,14,Nursury,15.4826835,74.961125
1210,15,Malikarjun Gudi,15.484037,74.9601215
1210,16,Hire Malligwad,15.484862499999998,74.9580275
1210,17,Hire Malligwad Bavi,15.4849645,74.95620600000001
1210,18,Chikkamalligawad,15.483912,74.9547925
1210_2,1,Chikkamalligawad,15.483912,74.9547925
1210_2,2,Hire Malligwad Bavi,15.4849645,74.95620600000001
1210_2,3,Hire Malligwad,15.484862499999998,74.9580275
1210_2,4,Malikarjun Gudi,15.484037,74.9601215
1210_2,5,Nursury,15.4826835,74.961125
1210_2,6,Pandu Nagar,15.479669999999999,74.96792500000001
1210_2,7,Halla,15.448173,75.09090675
1210_2,8,Patil Stop,15.475113499999999,74.980745
1210_2,9,Gtc,15.474909,74.9855426
1210_2,10,Police Head Quarters-D,15.472024000000001,74.986857
1210_2,11,New Bus Stand-D,15.467312963922167,74.99356261227416
1210_2,12,New Sp Office,15.466617930796467,74.99543122362164
1210_2,13,Mental Hospital,15.464470333333333,74.99838466666667
1210_2,14,K C Park,15.46369,75.001007
1210_2,15,Old Sp Office,15.4628345,75.003431
1210_2,16,Corporation-D,15.4603805,75.00877600000001
1210_2,17,Dwr Sd,15.45985814417835,75.0105258745456
1211,1,Kyarkoppa,15.440954,74.932186
1211,2,Kyarkoppa Hunumantha Temple,15.439871,74.935472
1211,3,Kyarkoppa 1St Stop,15.438425,74.93627933333333
1211,4,Kyarkoppa Basavana Gudi,15.4363295,74.9380075
1211,5,Kyarkoppa Ashram,15.435576999999999,74.940801
1211,6,Mallur Cross,15.435648,74.94315499999999
1211,7,Peral Thota,15.4396995,74.949105
1211,8,Jawar Navodaya,15.440418,74.9510875
1211,9,Anand Nagar Kyarkoppa,15.4411115,74.954147
1211,10,Mishra Pedha,15.441438,74.956391
1211,11,Maharaj Bangle,15.442063000000001,74.96125699999999
1211,12,Kyarkoppa Railway Gate,15.443248,74.96774049999999
1211,13,Tapowana,15.4446575,74.9707855
1211,14,Hallyal Railway Gate,15.4423455,74.973352
1211,15,Nehru Nagar Cross,15.4448185,74.9763125
1211,16,Shivalaya,15.44655,74.9803685
1211,17,Dasanakoppa,15.4558755,74.99330499999999
1211,18,Dharwad Akashwani,15.459020500000001,74.9976655
1211,19,Old Sp Office Sd,15.462823,75.0038435
1211,20,Corporation-D,15.4603805,75.00877600000001
1211,21,Dwr Sd,15.45985814417835,75.0105258745456
1211_2,1,Dwr Sd,15.45985814417835,75.0105258745456
1211_2,2,Oswal Sd,15.459392,75.007347
1211_2,3,Old Sp Office Sd,15.462823,75.0038435
1211_2,4,Dharwad Akashwani,15.459020500000001,74.9976655
1211_2,5,Dasanakoppa,15.4558755,74.99330499999999
1211_2,6,Bharathi Nagar 1St Stop,15.452979,74.991093
1211_2,7,Sarwamangala Hospital,15.44922,74.98821075000001
1211_2,8,Shivalaya,15.44655,74.9803685
1211_2,9,Nehru Nagar Cross,15.4448185,74.9763125
1211_2,10,Hallyal Railway Gate,15.4423455,74.973352
1211_2,11,Tapowana,15.4446575,74.9707855
1211_2,12,Kyarkoppa Railway Gate,15.443248,74.96774049999999
1211_2,13,Maharaj Bangle,15.442063000000001,74.96125699999999
1211_2,14,Mishra Pedha,15.441438,74.956391
1211_2,15,Anand Nagar Kyarkoppa,15.4411115,74.954147
1211_2,16,Jawar Navodaya,15.440418,74.9510875
1211_2,17,Peral Thota,15.4396995,74.949105
1211_2,18,Mallur Cross,15.435648,74.94315499999999
1211_2,19,Kyarkoppa Ashram,15.435576999999999,74.940801
1211_2,20,Kyarkoppa Basavana Gudi,15.4363295,74.9380075
1211_2,21,Kyarkoppa 1St Stop,15.438425,74.93627933333333
1211_2,22,Kyarkoppa Hunumantha Temple,15.439871,74.935472
1211_2,23,Kyarkoppa,15.440954,74.932186
1212,1,Dwr Sd,15.45985814417835,75.0105258745456
1212,2,Oswal Sd,15.459392,75.007347
1212,3,Old Sp Office,15.4628345,75.003431
1212,4,Dharwad Akashwani,15.459020500000001,74.9976655
1212,5,Dasanakoppa,15.4558755,74.99330499999999
1212,6,Shivalaya,15.44655,74.9803685
1212,7,Nehru Nagar Cross,15.4448185,74.9763125
1212,8,Hallyal Railway Gate,15.4423455,74.973352
1212,9,Hoysala Nagar,15.438222,74.9695035
1212,10,Agro Nagar,15.428327,74.9643235
1212,11,Borewell,15.4246885,74.964749
1212,12,Mansur Cross,15.41935825,74.96448025000001
1212,13,Salakin Koppa Cross,15.41204835,74.95966475
1212,14,Salakin Koppa 1St Stop,15.415063,74.9577505
1212,15,Salakin Koppa,15.4157035,74.957171
1212_2,1,Salakin Koppa,15.4157035,74.957171
1212_2,2,Salakin Koppa 1St Stop,15.415063,74.9577505
1212_2,3,Salakin Koppa Cross,15.41204835,74.95966475
1212_2,4,Mansur Cross,15.41935825,74.96448025000001
1212_2,5,Borewell,15.4246885,74.964749
1212_2,6,Agro Nagar,15.428327,74.9643235
1212_2,7,Hoysala Nagar,15.438222,74.9695035
1212_2,8,Hallyal Railway Gate,15.4423455,74.973352
1212_2,9,Nehru Nagar Cross,15.4448185,74.9763125
1212_2,10,Ics College,15.445704,74.9780885
1212_2,11,Shivalaya,15.44655,74.9803685
1212_2,12,Servomangala,15.449470999999999,74.988468
1212_2,13,Dasanakoppa,15.4558755,74.99330499999999
1212_2,14,Dharwad Akashwani,15.459020500000001,74.9976655
1212_2,15,Old Sp Office Sd,15.462823,75.0038435
1212_2,16,Corporation-D,15.4603805,75.00877600000001
1212_2,17,Dwr Sd,15.45985814417835,75.0105258745456
1213,1,Dwr Sd,15.45985814417835,75.0105258745456
1213,2,Jubilee Circle Sd,15.4590695,75.00814550000001
1213,3,Court Circle Sd,15.456125499999999,75.006937
1213,4,Nttf,15.4523115,75.0104
1213,5,Toll Naka Sd,15.446589210288325,75.01217594886242
1213,6,Saraswathipura,15.438922,75.01107775
1213,7,Tajesavi Nagar,15.4356785,75.01106300000001
1213,8,Sdm Engg College,15.4313045,75.012247
1213,9,Giri Nagar D,15.4271595,75.00810949999999
1213,10,Kgt Hatti Kola,15.424586999999999,75.0063875
1213,11,Nuggikeri Gudi Cross,15.4175185,75.0024885
1213,12,Hachinmani College Sd,15.4117225,75.00046499999999
1213,13,Nuggikeri,15.4052395,75.001394
1213,14,Yerikoppa,15.3979755,75.0024705
1213,15,Masur Garden,15.388356,75.0034845
1213,16,Mangundi Cross,15.380305,75.00554600000001
1213,17,Hulliikatti Cross,15.3803638710853,74.999641264742
1213,18,Eti Gatti Cross,15.37314825,75.0074
1213,19,Kanive Honnapur,15.371065999999999,75.00657899999999
1213,20,Mis,15.47249972791569,74.96161523514184
1213,21,Eti Gatti Nh Bridge,15.378357000000001,75.0237585
1213,22,Eti Gatti 1St Stop,15.378923499999999,75.027097
1213,23,Ittigatti,15.3795575,75.028233
1213_2,1,Ittigatti,15.3795575,75.028233
1213_2,2,Eti Gatti 1St Stop,15.378923499999999,75.027097
1213_2,3,Eti Gatti Nh Bridge,15.378357000000001,75.0237585
1213_2,4,Mis,15.47249972791569,74.96161523514184
1213_2,5,Eti Gatti Cross,15.37314825,75.0074
1213_2,6,Kanive Honnapur,15.371065999999999,75.00657899999999
1213_2,7,Mangundi Cross,15.380305,75.00554600000001
1213_2,8,Hulliikatti Cross,15.3803638710853,74.999641264742
1213_2,9,Masur Garden,15.388356,75.0034845
1213_2,10,Yerikoppa,15.3979755,75.0024705
1213_2,11,Nuggikeri,15.4052395,75.001394
1213_2,12,Hachinmani College Sd,15.4117225,75.00046499999999
1213_2,13,Nugikeri Hanuman Temple Gate,15.4173705,75.0023785
1213_2,14,Kgt Hatti Kola,15.424586999999999,75.0063875
1213_2,15,Giri Nagar D,15.4271595,75.00810949999999
1213_2,16,Sdm Engg College,15.4313045,75.012247
1213_2,17,Tajesavi Nagar,15.4356785,75.01106300000001
1213_2,18,Saraswathipura,15.438922,75.01107775
1213_2,19,Toll Naka Sd,15.446589210288325,75.01217594886242
1213_2,20,Nttf,15.4523115,75.0104
1213_2,21,Court Circle Sd,15.456125499999999,75.006937
1213_2,22,Jubilee Circle Sd,15.4590695,75.00814550000001
1213_2,23,Dwr Sd,15.45985814417835,75.0105258745456
1214,1,Dwr Sd,15.45985814417835,75.0105258745456
1214,2,Oswal Sd,15.459392,75.007347
1214,3,Old Dsp,15.462787500000001,75.0035225
1214,4,Usukin Adda,15.467334000000001,75.012193
1214,5,Kamlapur,15.471343000000001,75.01154650000001
1214,6,Kamlapur School,15.474197,75.0114825
1214,7,Pathra Appajan Mata,15.487404999999999,75.00912600000001
1214,8,Hadi Basavnna Gudi,15.494327,75.00730949999999
1214,9,Bridge Sd,15.4970625,75.0063945
1214,10,Adivappvan Bavi,15.501148,75.00587150000001
1214,11,Sindhi Gida,15.509633000000001,75.003783
1214,12,Dasan Koppa Cross Sd,15.521677,74.999345
1214,13,Lakmapur,15.531276,74.9972335
1214,14,Yadwad,15.559601,74.9969695
1214,15,Shibar Gatti Cross,15.5643115,74.99654
1214,16,Mis,15.47249972791569,74.96161523514184
1214,17,Shibar Gatti,15.5704195,74.98458
1214_2,1,Shibar Gatti,15.5704195,74.98458
1214_2,2,Mis,15.47249972791569,74.96161523514184
1214_2,3,Shibar Gatti Cross,15.5643115,74.99654
1214_2,4,Yadwad,15.559601,74.9969695
1214_2,5,Lakmapur,15.531276,74.9972335
1214_2,6,Dasan Koppa Cross Sd,15.521677,74.999345
1214_2,7,Sindhi Gida,15.509633000000001,75.003783
1214_2,8,Adivappvan Bavi,15.501148,75.00587150000001
1214_2,9,Bridge Sd,15.4970625,75.0063945
1214_2,10,Hadi Basavnna Gudi,15.494327,75.00730949999999
1214_2,11,Pathra Appajan Mata,15.487404999999999,75.00912600000001
1214_2,12,Kamlapur School,15.474197,75.0114825
1214_2,13,Kamlapur,15.471343000000001,75.01154650000001
1214_2,14,Usukin Adda,15.467334000000001,75.012193
1214_2,15,Raman Gouda Haspital,15.466287,75.008106
1214_2,16,Old Sp Office,15.4628345,75.003431
1214_2,17,Corporation-D,15.4603805,75.00877600000001
1214_2,18,Dwr Sd,15.45985814417835,75.0105258745456
1215,1,Dwr Sd,15.45985814417835,75.0105258745456
1215,2,Oswal Sd,15.459392,75.007347
1215,3,Old Sp Office,15.4628345,75.003431
1215,4,Dharwad Akashwani,15.459020500000001,74.9976655
1215,5,Dasanakoppa,15.4558755,74.99330499999999
1215,6,Shivalaya,15.44655,74.9803685
1215,7,Nehru Nagar Cross,15.4448185,74.9763125
1215,8,Hallyal Railway Gate,15.4423455,74.973352
1215,9,Hoysala Nagar,15.438222,74.9695035
1215,10,Agro Nagar,15.428327,74.9643235
1215,11,Borewell,15.4246885,74.964749
1215,12,Mansur Cross,15.41935825,74.96448025000001
1215,13,Salakin Koppa,15.4157035,74.957171
1215,14,Anand Ashram,15.410335499999999,74.956047
1215,15,Baad Dhaba,15.405649,74.9508405
1215,16,Baad Cross,15.403112583765425,74.94860651311384
1215,17,Benkan Katti,15.395563,74.94335749999999
1215,18,Nigadi,15.393745,74.9415315
1215,19,Ambali Koppa Cross,15.386118627484299,74.93743248958397
1215,20,Koli Form,15.3849605,74.93687299999999
1215,21,Mavingida Cross,15.3823205,74.93700150000001
1215,22,Mile Stone Kachha Road,15.3751695,74.9415745
1215,23,Ambali Koppa,15.3562505,74.944428
1215,24,Domberakoppa,15.345526706436,74.9372383798669
1215_2,1,Domberakoppa,15.345526706436,74.9372383798669
1215_2,2,Ambali Koppa,15.3562505,74.944428
1215_2,3,Mile Stone Kachha Road,15.3751695,74.9415745
1215_2,4,Mavingida Cross,15.3823205,74.93700150000001
1215_2,5,Koli Form,15.3849605,74.93687299999999
1215_2,6,Ambali Koppa Cross,15.386118627484299,74.93743248958397
1215_2,7,Nigadi,15.393745,74.9415315
1215_2,8,Benkan Katti,15.395563,74.94335749999999
1215_2,9,Baad Cross,15.403112583765425,74.94860651311384
1215_2,10,Baad Dhaba,15.405649,74.9508405
1215_2,11,Anand Ashram,15.410335499999999,74.956047
1215_2,12,Salakin Koppa,15.4157035,74.957171
1215_2,13,Mansur Cross,15.41935825,74.96448025000001
1215_2,14,Borewell,15.4246885,74.964749
1215_2,15,Agro Nagar,15.428327,74.9643235
1215_2,16,Hoysala Nagar,15.438222,74.9695035
1215_2,17,Hallyal Railway Gate,15.4423455,74.973352
1215_2,18,Nehru Nagar Cross,15.4448185,74.9763125
1215_2,19,Ics College,15.445704,74.9780885
1215_2,20,Shivalaya,15.44655,74.9803685
1215_2,21,Servomangala,15.449470999999999,74.988468
1215_2,22,Dasanakoppa,15.4558755,74.99330499999999
1215_2,23,Dharwad Akashwani,15.459020500000001,74.9976655
1215_2,24,Old Sp Office Sd,15.462823,75.0038435
1215_2,25,Corporation-D,15.4603805,75.00877600000001
1215_2,26,Dwr Sd,15.45985814417835,75.0105258745456
1218,1,Dwr Sd,15.45985814417835,75.0105258745456
1218,2,Oswal Sd,15.459392,75.007347
1218,3,Old Sp Office,15.4628345,75.003431
1218,4,Dharwad Akashwani,15.459020500000001,74.9976655
1218,5,Dasanakoppa,15.4558755,74.99330499999999
1218,6,Shivalaya,15.44655,74.9803685
1218,7,Nehru Nagar Cross,15.4448185,74.9763125
1218,8,Hallyal Railway Gate,15.4423455,74.973352
1218,9,Hoysala Nagar,15.438222,74.9695035
1218,10,Agro Nagar,15.428327,74.9643235
1218,11,Borewell,15.4246885,74.964749
1218,12,Mansur Cross,15.41935825,74.96448025000001
1218,13,Salakin Koppa,15.4157035,74.957171
1218,14,Anand Ashram,15.410335499999999,74.956047
1218,15,Baad Dhaba,15.405649,74.9508405
1218,16,Baad Cross,15.403112583765425,74.94860651311384
1218,17,Benkan Katti,15.395563,74.94335749999999
1218,18,Nigadi,15.393745,74.9415315
1218,19,Dever Hubballi Cross,15.393605,74.9391435
1218,20,Dever Hubballi Matha,15.3964215,74.9281465
1218,21,Dever Hubballi,15.397697,74.924162
1218,22,Mile Stone Halla,15.392926,74.9136575
1218,23,Mis,15.47249972791569,74.96161523514184
1218,24,Lal Gatti,15.3951265,74.900628
1218,25,Devgeri,15.3997695,74.896869
1218_2,1,Devgeri,15.3997695,74.896869
1218_2,2,Lal Gatti 2Nd Stop,15.397666,74.898079
1218_2,3,Lal Gatti 1St Stop,15.395867,74.898962
1218_2,4,Lal Gatti,15.3951265,74.900628
1218_2,5,Mis,15.47249972791569,74.96161523514184
1218_2,6,Mile Stone Halla,15.392926,74.9136575
1218_2,7,Dever Hubballi,15.397697,74.924162
1218_2,8,Dever Hubballi Matha,15.3964215,74.9281465
1218_2,9,Dever Hubballi Cross,15.393605,74.9391435
1218_2,10,Nigadi,15.393745,74.9415315
1218_2,11,Benkan Katti,15.395563,74.94335749999999
1218_2,12,Baad Cross,15.403112583765425,74.94860651311384
1218_2,13,Baad Dhaba,15.405649,74.9508405
1218_2,14,Anand Ashram,15.410335499999999,74.956047
1218_2,15,Salakin Koppa,15.4157035,74.957171
1218_2,16,Mansur Cross,15.41935825,74.96448025000001
1218_2,17,Borewell,15.4246885,74.964749
1218_2,18,Agro Nagar,15.428327,74.9643235
1218_2,19,Hoysala Nagar,15.438222,74.9695035
1218_2,20,Hallyal Railway Gate,15.4423455,74.973352
1218_2,21,Nehru Nagar Cross,15.4448185,74.9763125
1218_2,22,Ics College,15.445704,74.9780885
1218_2,23,Shivalaya,15.44655,74.9803685
1218_2,24,Servomangala,15.449470999999999,74.988468
1218_2,25,Dasanakoppa,15.4558755,74.99330499999999
1218_2,26,Dharwad Akashwani,15.459020500000001,74.9976655
1218_2,27,Old Sp Office Sd,15.462823,75.0038435
1218_2,28,Corporation-D,15.4603805,75.00877600000001
1218_2,29,Dwr Sd,15.45985814417835,75.0105258745456
1219,1,Yadwad,15.559601,74.9969695
1219,2,Lakmapur,15.531276,74.9972335
1219,3,Dasankoppa,15.5216753847584,74.9993376239252
1219,4,Sindhi Gida,15.509633000000001,75.003783
1219,5,Adivappvan Bavi,15.501148,75.00587150000001
1219,6,Bridge Sd,15.4970625,75.0063945
1219,7,Hadi Basavnna Gudi,15.494327,75.00730949999999
1219,8,Pathra Appajan Mata,15.487404999999999,75.00912600000001
1219,9,Kamlapur School,15.474197,75.0114825
1219,10,Kamlapur,15.471343000000001,75.01154650000001
1219,11,Usukin Adda,15.467334000000001,75.012193
1219,12,Raman Gouda Haspital,15.466287,75.008106
1219,13,Old Sp Office,15.4628345,75.003431
1219,14,Corporation-D,15.4603805,75.00877600000001
1219,15,Dwr Sd,15.45985814417835,75.0105258745456
1219_2,1,Dwr Sd,15.45985814417835,75.0105258745456
1219_2,2,Oswal Sd,15.459392,75.007347
1219_2,3,Old Sp Office Sd,15.462823,75.0038435
1219_2,4,Usukin Adda,15.467334000000001,75.012193
1219_2,5,Kamlapur,15.471343000000001,75.01154650000001
1219_2,6,Kamlapur School,15.474197,75.0114825
1219_2,7,Pathra Appajan Mata,15.487404999999999,75.00912600000001
1219_2,8,Hadi Basavnna Gudi,15.494327,75.00730949999999
1219_2,9,Bridge Sd,15.4970625,75.0063945
1219_2,10,Adivappvan Bavi,15.501148,75.00587150000001
1219_2,11,Sindhi Gida,15.509633000000001,75.003783
1219_2,12,Dasankoppa,15.5216753847584,74.9993376239252
1219_2,13,Lakmapur,15.531276,74.9972335
1219_2,14,Yadwad Cross,15.557329,74.992728
1219_2,15,Yadwad School,15.560423,74.997281
1219_2,16,Yadwad,15.559601,74.9969695
122,1,Mantur,15.350591999999999,75.265721
122,2,Bandivad,15.356322,75.2662435
122,3,Shiruguppi Mill,15.3626675,75.278946
122,4,Shiruguppi,15.358743,75.2778945
122_2,1,Shiruguppi,15.358743,75.2778945
122_2,2,Shiruguppi Mill,15.3626675,75.278946
122_2,3,Bandivad Cross,15.364349821610299,75.26546698811664
122_2,4,Bandivad,15.356322,75.2662435
122_2,5,Mantur,15.350591999999999,75.265721
1220,1,Dwr Sd,15.45985814417835,75.0105258745456
1220,2,Oswal Sd,15.459392,75.007347
1220,3,Old Sp Office,15.4628345,75.003431
1220,4,K C Park,15.46369,75.001007
1220,5,Mental Hospital,15.464470333333333,74.99838466666667
1220,6,New Sp Office,15.466617930796467,74.99543122362164
1220,7,New Bus Stand-D,15.467312963922167,74.99356261227416
1220,8,Mg Bank,15.4715775,74.99080599999999
1220,9,Gtc,15.474909,74.9855426
1220,10,Pepsi Factory,15.477010666666667,74.98500166666666
1220,11,Dairy,15.483501,74.979516
1220,12,Agri University Gate,15.487123,74.97632300000001
1220,13,Airtech,15.4917725,74.97106400000001
1220,14,Narendra Cross,15.495273333333335,74.96720033333334
1220,15,Dnl School,15.4980435,74.9686275
1220,16,Cottan Mill,15.50011,74.9706275
1220,17,Narendr,15.5043,74.9745255
1220,18,Narendra Mata,15.5066175,74.976822
1220,19,Mis,15.47249972791569,74.96161523514184
1220,20,Desai Cross Sd,15.508614999999999,74.97842650000001
1220,21,Narendr Watar  Tank,15.510266,74.9770255
1220,22,Chinnigeri Cross,15.5109355,74.97584599999999
1220,23,Ajjappana Mani,15.5146065,74.974503
1220,24,Basavan Gudi,15.5268860771727,74.9658099119626
1220,25,Mangalagatti,15.5430155,74.962002
1220,26,Magalgatti Basavanna Gudi,15.5452215,74.9640505
1220,27,Mulmuttal,15.555049499999999,74.97805650000001
1221,1,Dwr Sd,15.45985814417835,75.0105258745456
1221,2,Oswal Sd,15.459392,75.007347
1221,3,Old Sp Office,15.4628345,75.003431
1221,4,K C Park,15.46369,75.001007
1221,5,Mental Hospital,15.464470333333333,74.99838466666667
1221,6,German Hospital,15.464104333333333,74.99517266666668
1221,7,Sadhankeri,15.462976333333332,74.98642266666667
1221,8,Sampige Nagar,15.463796749188749,74.97989343402119
1221,9,Paper Mill,15.463518508119801,74.97519911226846
1221,10,Kamaleshwara Temple,15.4624495,74.97056599999999
1221,11,Kelgeri Hp Pump,15.460099,74.962205
1221,12,Railway Gate Sd,15.458858,74.948171
1221,13,Toll Gate Sd,15.4570115,74.9386015
1221,14,Kamlapur Koli Form,15.4558185,74.933457
1221,15,Daddhi Kamlapur,15.4567225,74.927506
1221,16,Damber Factory,15.451937999999998,74.9205325
1221,17,Mugad Cross,15.450475,74.91525250000001
1221,18,Mugad  Plot,15.448652,74.913712
1221,19,Mugad 1St Stop,15.444334,74.9128905
1221,20,Mugad 2Nd Stop,15.4439045,74.909606
1221,21,Harijan Keri,15.441628,74.908342
1221,22,Mugad,15.441319,74.912022
1221_2,1,Mugad,15.441319,74.912022
1221_2,2,Harijan Keri,15.441628,74.908342
1221_2,3,Mugad 2Nd Stop,15.4439045,74.909606
1221_2,4,Mugad 1St Stop,15.444334,74.9128905
1221_2,5,Mugad  Plot,15.448652,74.913712
1221_2,6,Mugad Cross,15.450475,74.91525250000001
1221_2,7,Damber Factory,15.451937999999998,74.9205325
1221_2,8,Daddhi Kamlapur,15.4567225,74.927506
1221_2,9,Kamlapur Koli Form,15.4558185,74.933457
1221_2,10,Toll Gate Sd,15.4570115,74.9386015
1221_2,11,Railway Gate Sd,15.458858,74.948171
1221_2,12,Kelageri Anjaneya Nagar,15.460178,74.962609
1221_2,13,Kamaleshwara Temple,15.4624495,74.97056599999999
1221_2,14,Paper Mill,15.463518508119801,74.97519911226846
1221_2,15,Sampige Nagar,15.463796749188749,74.97989343402119
1221_2,16,Sadhankeri,15.462976333333332,74.98642266666667
1221_2,17,German Hospital,15.464104333333333,74.99517266666668
1221_2,18,Mental Hospital,15.464470333333333,74.99838466666667
1221_2,19,K C Park,15.46369,75.001007
1221_2,20,Old Sp Office,15.4628345,75.003431
1221_2,21,Corporation-D,15.4603805,75.00877600000001
1221_2,22,Dwr Sd,15.45985814417835,75.0105258745456
1222,1,Dummawad,15.315910500000001,75.00851750000001
1222,2,Dummad Water Tank,15.319152,75.008706
1222,3,Neer Sagar,15.3293013928966,75.0087057285788
1222,4,Jodhalli Cross,15.3427545,75.0087345
1222,5,Jodalli,15.341646,75.003424
1222,6,Jodalli Cross 1St Stop,15.344718,75.00832349999999
1222,7,Jodhalli Matha,15.349311,75.008422
1222,8,Awalakki Factory,15.357038,75.00721250000001
1222,9,Kanive Honnapur N H,15.367756669558075,75.0067691780541
1222,10,Kanive Honnapur,15.371065999999999,75.00657899999999
1222,11,Nayakan Hulli Katti,15.3689255,74.996132
1222,12,Eti Gatti Cross,15.37314825,75.0074
1222,13,Mangundi Cross,15.380305,75.00554600000001
1222,14,Masur Garden,15.388356,75.0034845
1222,15,Yerikoppa,15.3979755,75.0024705
1222,16,Nuggikeri,15.4052395,75.001394
1222,17,Hachinmani College Sd,15.4117225,75.00046499999999
1222,18,Nugikeri Hanuman Temple Gate,15.4173705,75.0023785
1222,19,Kgt Hatti Kola,15.424586999999999,75.0063875
1222,20,Giri Nagar D,15.4271595,75.00810949999999
1222,21,Sdm Engg College,15.4313045,75.012247
1222,22,Tajesavi Nagar,15.4356785,75.01106300000001
1222,23,Saraswathipura,15.438922,75.01107775
1222,24,Toll Naka Sd,15.446589210288325,75.01217594886242
1222,25,Nttf,15.4523115,75.0104
1222,26,Court Circle Sd,15.456125499999999,75.006937
1222,27,Jubilee Circle Sd,15.4590695,75.00814550000001
1222,28,Dwr Sd,15.45985814417835,75.0105258745456
1222_2,1,Dwr Sd,15.45985814417835,75.0105258745456
1222_2,2,Jubilee Circle Sd,15.4590695,75.00814550000001
1222_2,3,Court Circle Sd,15.456125499999999,75.006937
1222_2,4,Nttf,15.4523115,75.0104
1222_2,5,Toll Naka Sd,15.446589210288325,75.01217594886242
1222_2,6,Saraswathipura,15.438922,75.01107775
1222_2,7,Tajesavi Nagar,15.4356785,75.01106300000001
1222_2,8,Sdm Engg College,15.4313045,75.012247
1222_2,9,Giri Nagar D,15.4271595,75.00810949999999
1222_2,10,Kgt Hatti Kola,15.424586999999999,75.0063875
1222_2,11,Nuggikeri Gudi Cross,15.4175185,75.0024885
1222_2,12,Hachinmani College Sd,15.4117225,75.00046499999999
1222_2,13,Nuggikeri,15.4052395,75.001394
1222_2,14,Yerikoppa,15.3979755,75.0024705
1222_2,15,Masur Garden,15.388356,75.0034845
1222_2,16,Mangundi Cross,15.380305,75.00554600000001
1222_2,17,Eti Gatti Cross,15.37314825,75.0074
1222_2,18,Nayakan Hulli Katti,15.3689255,74.996132
1222_2,19,Kanive Honnapur,15.371065999999999,75.00657899999999
1222_2,20,Kanive Honnapur N H,15.367756669558075,75.0067691780541
1222_2,21,Awalakki Factory,15.357038,75.00721250000001
1222_2,22,Jodhalli Matha,15.349311,75.008422
1222_2,23,Jodalli,15.341646,75.003424
1222_2,24,Jodhalli Cross,15.3427545,75.0087345
1222_2,25,Neer Sagar,15.3293013928966,75.0087057285788
1222_2,26,Dummad Water Tank,15.319152,75.008706
1222_2,27,Dummawad,15.315910500000001,75.00851750000001
1223,1,Dwr Sd,15.45985814417835,75.0105258745456
1223,2,Oswal Sd,15.459392,75.007347
1223,3,Old Sp Office,15.4628345,75.003431
1223,4,Dharwad Akashwani,15.459020500000001,74.9976655
1223,5,Dasanakoppa,15.4558755,74.99330499999999
1223,6,Shivalaya,15.44655,74.9803685
1223,7,Nehru Nagar Cross,15.4448185,74.9763125
1223,8,Hallyal Railway Gate,15.4423455,74.973352
1223,9,Hoysala Nagar,15.438222,74.9695035
1223,10,Agro Nagar,15.428327,74.9643235
1223,11,Borewell,15.4246885,74.964749
1223,12,Mansur Cross,15.41935825,74.96448025000001
1223,13,Sali Matha School,15.415235,74.96722700000001
1223,14,Siddeshwar Matha,15.413601,74.96842799999999
1223,15,Mansur Govt School,15.409909,74.9708595
1223,16,Mansur,15.40663,74.9728585
1223,17,Manasur Plot,15.404785,74.9743085
1223,18,Form,15.394307000000001,74.976344
1223,19,Managundi Govt School,15.38973,74.97577
1223,20,Managundi  1St Stop,15.3882245,74.9755805
1223,21,Pandav Nagar,15.3868085,74.97420249999999
1223,22,Managundi,15.384271,74.975029
1223,23,Mile Stione Kachha Road,15.376404,74.973779
1223,24,Belli Gatti,15.3688495,74.9762465
1223,25,Mis,15.47249972791569,74.96161523514184
1223,26,Bgt High School,15.3657481038275,74.9773892286181
1223_2,1,Bgt High School,15.3657481038275,74.9773892286181
1223_2,2,Mis,15.47249972791569,74.96161523514184
1223_2,3,Belli Gatti,15.3688495,74.9762465
1223_2,4,Mile Stione Kachha Rode,15.376547,74.973771
1223_2,5,Managundi,15.384271,74.975029
1223_2,6,Pandav Nagar,15.3868085,74.97420249999999
1223_2,7,Managundi  1St Stop,15.3882245,74.9755805
1223_2,8,Form,15.394307000000001,74.976344
1223_2,9,Manasur Plot,15.404785,74.9743085
1223_2,10,Mansur,15.40663,74.9728585
1223_2,11,Mansur Govt School,15.409909,74.9708595
1223_2,12,Siddeshwar Matha,15.413601,74.96842799999999
1223_2,13,Sali Matha School,15.415235,74.96722700000001
1223_2,14,Mansur Cross,15.41935825,74.96448025000001
1223_2,15,Borewell,15.4246885,74.964749
1223_2,16,Agro Nagar,15.428327,74.9643235
1223_2,17,Hoysala Nagar,15.438222,74.9695035
1223_2,18,Hallyal Railway Gate,15.4423455,74.973352
1223_2,19,Nehru Nagar Cross,15.4448185,74.9763125
1223_2,20,Ics College,15.445704,74.9780885
1223_2,21,Shivalaya,15.44655,74.9803685
1223_2,22,Servomangala,15.449470999999999,74.988468
1223_2,23,Dasanakoppa,15.4558755,74.99330499999999
1223_2,24,Dharwad Akashwani,15.459020500000001,74.9976655
1223_2,25,Old Sp Office Sd,15.462823,75.0038435
1223_2,26,Corporation-D,15.4603805,75.00877600000001
1223_2,27,Dwr Sd,15.45985814417835,75.0105258745456
1224,1,Dwr Sd,15.45985814417835,75.0105258745456
1224,2,Oswal Sd,15.459392,75.007347
1224,3,Old Sp Office,15.4628345,75.003431
1224,4,Dharwad Akashwani,15.459020500000001,74.9976655
1224,5,Dasanakoppa,15.4558755,74.99330499999999
1224,6,Shivalaya,15.44655,74.9803685
1224,7,Nehru Nagar Cross,15.4448185,74.9763125
1224,8,Hallyal Railway Gate,15.4423455,74.973352
1224,9,Hoysala Nagar,15.438222,74.9695035
1224,10,Agro Nagar,15.428327,74.9643235
1224,11,Borewell,15.4246885,74.964749
1224,12,Mansur Cross,15.41935825,74.96448025000001
1224,13,Salakin Koppa,15.4157035,74.957171
1224,14,Anand Ashram,15.410335499999999,74.956047
1224,15,Baad Dhaba,15.405649,74.9508405
1224,16,Baad Cross,15.403112583765425,74.94860651311384
1224,17,Benkan Katti,15.395563,74.94335749999999
1224,18,Nigadi,15.393745,74.9415315
1224,19,Ambali Koppa Cross,15.386118627484299,74.93743248958397
1224,20,Koli Form,15.3849605,74.93687299999999
1224,21,Mavingida Cross,15.3823205,74.93700150000001
1224,22,Mile Stone Kachha Road,15.3751695,74.9415745
1224,23,Ambali Koppa,15.3562505,74.944428
1224_2,1,Ambali Koppa,15.3562505,74.944428
1224_2,2,Mile Stone Kachha Road,15.3751695,74.9415745
1224_2,3,Mavingida Cross,15.3823205,74.93700150000001
1224_2,4,Koli Form,15.3849605,74.93687299999999
1224_2,5,Ambali Koppa Cross,15.386118627484299,74.93743248958397
1224_2,6,Nigadi,15.393745,74.9415315
1224_2,7,Benkan Katti,15.395563,74.94335749999999
1224_2,8,Baad Cross,15.403112583765425,74.94860651311384
1224_2,9,Baad Dhaba,15.405649,74.9508405
1224_2,10,Anand Ashram,15.410335499999999,74.956047
1224_2,11,Salakin Koppa,15.4157035,74.957171
1224_2,12,Mansur Cross,15.41935825,74.96448025000001
1224_2,13,Borewell,15.4246885,74.964749
1224_2,14,Agro Nagar,15.428327,74.9643235
1224_2,15,Hoysala Nagar,15.438222,74.9695035
1224_2,16,Hallyal Railway Gate,15.4423455,74.973352
1224_2,17,Nehru Nagar Cross,15.4448185,74.9763125
1224_2,18,Ics College,15.445704,74.9780885
1224_2,19,Shivalaya,15.44655,74.9803685
1224_2,20,Servomangala,15.449470999999999,74.988468
1224_2,21,Dasanakoppa,15.4558755,74.99330499999999
1224_2,22,Dharwad Akashwani,15.459020500000001,74.9976655
1224_2,23,Old Sp Office Sd,15.462823,75.0038435
1224_2,24,Corporation-D,15.4603805,75.00877600000001
1224_2,25,Dwr Sd,15.45985814417835,75.0105258745456
1225,1,Dwr Sd,15.45985814417835,75.0105258745456
1225,2,Oswal Sd,15.459392,75.007347
1225,3,Old Sp Office,15.4628345,75.003431
1225,4,Dharwad Akashwani,15.459020500000001,74.9976655
1225,5,Dasanakoppa Cross,15.455907666666667,74.99328266666667
1225,6,Shivalaya,15.44655,74.9803685
1225,7,Nehru Nagar Cross,15.4448185,74.9763125
1225,8,Hallyal Railway Gate,15.4423455,74.973352
1225,9,Hoysala Nagar,15.438222,74.9695035
1225,10,Agro Nagar,15.428327,74.9643235
1225,11,Borewell,15.4246885,74.964749
1225,12,Mansur Cross,15.41935825,74.96448025000001
1225,13,Salakin Koppa,15.4157035,74.957171
1225,14,Anand Ashram,15.410335499999999,74.956047
1225,15,Baad Dhaba,15.405649,74.9508405
1225,16,Baad Cross,15.403112583765425,74.94860651311384
1225,17,Benkan Katti,15.395563,74.94335749999999
1225,18,Nigadi,15.393745,74.9415315
1225,19,Mile Stone Bridge,15.3835835,74.9291525
1225,20,Kariyammana Gudi,15.380135,74.9268645
1225,21,Murkatti Koli Form,15.376718,74.9215035
1225,22,Murkatti Cross,15.373311999999999,74.9135875
1225,23,Murkatti Bore,15.3809495,74.903198
1225,24,Mis,15.47249972791569,74.96161523514184
1225,25,Murkatti,15.380635999999999,74.901087
1225_2,1,Murkatti,15.380635999999999,74.901087
1225_2,2,Mis,15.47249972791569,74.96161523514184
1225_2,3,Murkatti Bore,15.3809495,74.903198
1225_2,4,Murkatti Cross,15.373311999999999,74.9135875
1225_2,5,Murkatti Koli Form,15.376718,74.9215035
1225_2,6,Kariyammana Gudi,15.380135,74.9268645
1225_2,7,Mile Stone Bridge,15.3835835,74.9291525
1225_2,8,Ambali Koppa Cross,15.386118627484299,74.93743248958397
1225_2,9,Nigadi,15.393745,74.9415315
1225_2,10,Benkan Katti,15.395563,74.94335749999999
1225_2,11,Baad Cross,15.403112583765425,74.94860651311384
1225_2,12,Baad Dhaba,15.405649,74.9508405
1225_2,13,Anand Ashram,15.410335499999999,74.956047
1225_2,14,Salakin Koppa,15.4157035,74.957171
1225_2,15,Mansur Cross,15.41935825,74.96448025000001
1225_2,16,Borewell,15.4246885,74.964749
1225_2,17,Agro Nagar,15.428327,74.9643235
1225_2,18,Hoysala Nagar,15.438222,74.9695035
1225_2,19,Hallyal Railway Gate,15.4423455,74.973352
1225_2,20,Nehru Nagar Cross,15.4448185,74.9763125
1225_2,21,Ics College,15.445704,74.9780885
1225_2,22,Shivalaya,15.44655,74.9803685
1225_2,23,Servomangala,15.449470999999999,74.988468
1225_2,24,Dasanakoppa Cross,15.455907666666667,74.99328266666667
1225_2,25,Dharwad Akashwani,15.459020500000001,74.9976655
1225_2,26,Old Sp Office Sd,15.462823,75.0038435
1225_2,27,Corporation-D,15.4603805,75.00877600000001
1225_2,28,Dwr Sd,15.45985814417835,75.0105258745456
1226,1,Dwr Sd,15.45985814417835,75.0105258745456
1226,2,Oswal Sd,15.459392,75.007347
1226,3,Old Sp Office,15.4628345,75.003431
1226,4,Dharwad Akashwani,15.459020500000001,74.9976655
1226,5,Dasanakoppa,15.4558755,74.99330499999999
1226,6,Shivalaya,15.44655,74.9803685
1226,7,Nehru Nagar Cross,15.4448185,74.9763125
1226,8,Hallyal Railway Gate,15.4423455,74.973352
1226,9,Hoysala Nagar,15.438222,74.9695035
1226,10,Agro Nagar,15.428327,74.9643235
1226,11,Borewell,15.4246885,74.964749
1226,12,Mansur Cross,15.41935825,74.96448025000001
1226,13,Sali Matha School,15.415235,74.96722700000001
1226,14,Siddeshwar Matha,15.413601,74.96842799999999
1226,15,Mansur Govt School,15.409909,74.9708595
1226,16,Mansur,15.40663,74.9728585
1226,17,Manasur Plot,15.404785,74.9743085
1226,18,Form,15.394307000000001,74.976344
1226,19,Managundi Govt School,15.38973,74.97577
1226,20,Managundi  1St Stop,15.3882245,74.9755805
1226,21,Pandav Nagar,15.3868085,74.97420249999999
1226,22,Managundi,15.384271,74.975029
1226_2,1,Managundi,15.384271,74.975029
1226_2,2,Pandav Nagar,15.3868085,74.97420249999999
1226_2,3,Managundi  1St Stop,15.3882245,74.9755805
1226_2,4,Managundi Govt School,15.38973,74.97577
1226_2,5,Form,15.394307000000001,74.976344
1226_2,6,Manasur Plot,15.404785,74.9743085
1226_2,7,Mansur,15.40663,74.9728585
1226_2,8,Mansur Govt School,15.409909,74.9708595
1226_2,9,Siddeshwar Matha,15.413601,74.96842799999999
1226_2,10,Sali Matha School,15.415235,74.96722700000001
1226_2,11,Mansur Cross,15.41935825,74.96448025000001
1226_2,12,Borewell,15.4246885,74.964749
1226_2,13,Agro Nagar,15.428327,74.9643235
1226_2,14,Hoysala Nagar,15.438222,74.9695035
1226_2,15,Hallyal Railway Gate,15.4423455,74.973352
1226_2,16,Nehru Nagar Cross,15.4448185,74.9763125
1226_2,17,Shivalaya,15.44655,74.9803685
1226_2,18,Dasanakoppa,15.4558755,74.99330499999999
1226_2,19,Dharwad Akashwani,15.459020500000001,74.9976655
1226_2,20,Old Sp Office Sd,15.462823,75.0038435
1226_2,21,Corporation-D,15.4603805,75.00877600000001
1226_2,22,Dwr Sd,15.45985814417835,75.0105258745456
1227,1,Dwr Sd,15.45985814417835,75.0105258745456
1227,2,Oswal Sd,15.459392,75.007347
1227,3,Old Sp Office,15.4628345,75.003431
1227,4,K C Park,15.46369,75.001007
1227,5,Mental Hospital,15.464470333333333,74.99838466666667
1227,6,New Sp Office,15.466617930796467,74.99543122362164
1227,7,New Bus Stand-D,15.467312963922167,74.99356261227416
1227,8,Mg Bank,15.4715775,74.99080599999999
1227,9,Gtc,15.474909,74.9855426
1227,10,Pepsi Factory,15.477010666666667,74.98500166666666
1227,11,Dairy,15.483501,74.979516
1227,12,Agri University Gate,15.487123,74.97632300000001
1227,13,Airtech,15.4917725,74.97106400000001
1227,14,Narendra Cross Nh,15.493936,74.9684335
1227,15,K E B (Power Grid),15.499924499999999,74.9559755
1227,16,Mummy Gatti Hospital,15.507166,74.947641
1227,17,Mummigatti,15.509275500000001,74.94608600000001
1227,18,Garag Cross,15.5124975,74.9411595
1227,19,Telcone,15.517642891816,74.9394667041168
1227,20,Rss,15.520228,74.93817250000001
1227,21,Garag Road Tata Motors,15.525135500000001,74.937953
1227,22,Tata Marcopolo,15.5318755,74.936173
1227,23,Niral Katti Cross,15.5399605,74.934952
1227,24,Hebballi Form,15.516049833333334,74.96560983333335
1227,25,Factory,15.5420185,74.92536799999999
1227,26,Hebballi Form,15.516049833333334,74.96560983333335
1227,27,Niral Katti 1St Stop,15.552596999999999,74.919755
1227,28,Niral Katti,15.554076,74.919674
1227_2,1,Niral Katti,15.554076,74.919674
1227_2,2,Niral Katti 1St Stop,15.552596999999999,74.919755
1227_2,3,Hebballi Form,15.516049833333334,74.96560983333335
1227_2,4,Factory,15.5420185,74.92536799999999
1227_2,5,Hebballi Form,15.516049833333334,74.96560983333335
1227_2,6,Niral Katti Cross,15.5399605,74.934952
1227_2,7,Tata Marcopolo,15.5318755,74.936173
1227_2,8,Garag Road Tata Motors,15.525135500000001,74.937953
1227_2,9,Rss,15.520228,74.93817250000001
1227_2,10,Telcone,15.517642891816,74.9394667041168
1227_2,11,Garag Cross,15.5124975,74.9411595
1227_2,12,Mummigatti,15.509275500000001,74.94608600000001
1227_2,13,K E B (Power Grid),15.499924499999999,74.9559755
1227_2,14,Narendra Cross Nh,15.493936,74.9684335
1227_2,15,Airtech,15.4917725,74.97106400000001
1227_2,16,Agri University Gate,15.487123,74.97632300000001
1227_2,17,Dairy,15.483501,74.979516
1227_2,18,Pepsi Factory,15.477010666666667,74.98500166666666
1227_2,19,Gtc,15.474909,74.9855426
1227_2,20,Mg Bank,15.4715775,74.99080599999999
1227_2,21,New Bus Stand-D,15.467312963922167,74.99356261227416
1227_2,22,New Sp Office,15.466617930796467,74.99543122362164
1227_2,23,Mental Hospital,15.464470333333333,74.99838466666667
1227_2,24,K C Park,15.46369,75.001007
1227_2,25,Old Sp Office,15.4628345,75.003431
1227_2,26,Corporation-D,15.4603805,75.00877600000001
1227_2,27,Dwr Sd,15.45985814417835,75.0105258745456
1228,1,Dwr Sd,15.45985814417835,75.0105258745456
1228,2,Oswal Sd,15.459392,75.007347
1228,3,Old Sp Office,15.4628345,75.003431
1228,4,Dharwad Akashwani,15.459020500000001,74.9976655
1228,5,Dasanakoppa,15.4558755,74.99330499999999
1228,6,Shivalaya,15.44655,74.9803685
1228,7,Nehru Nagar Cross,15.4448185,74.9763125
1228,8,Hallyal Railway Gate,15.4423455,74.973352
1228,9,Hoysala Nagar,15.438222,74.9695035
1228,10,Agro Nagar,15.428327,74.9643235
1228,11,Borewell,15.4246885,74.964749
1228,12,Mansur Cross,15.41935825,74.96448025000001
1228,13,Sali Matha School,15.415235,74.96722700000001
1228,14,Siddeshwar Matha,15.413601,74.96842799999999
1228,15,Mansur Govt School,15.409909,74.9708595
1228,16,Mansur,15.40663,74.9728585
1228_2,1,Mansur,15.40663,74.9728585
1228_2,2,Mansur Govt School,15.409909,74.9708595
1228_2,3,Siddeshwar Matha,15.413601,74.96842799999999
1228_2,4,Sali Matha School,15.415235,74.96722700000001
1228_2,5,Mansur Cross,15.41935825,74.96448025000001
1228_2,6,Borewell,15.4246885,74.964749
1228_2,7,Agro Nagar,15.428327,74.9643235
1228_2,8,Hoysala Nagar,15.438222,74.9695035
1228_2,9,Hallyal Railway Gate,15.4423455,74.973352
1228_2,10,Nehru Nagar Cross,15.4448185,74.9763125
1228_2,11,Shivalaya,15.44655,74.9803685
1228_2,12,Dasanakoppa,15.4558755,74.99330499999999
1228_2,13,Dharwad Akashwani,15.459020500000001,74.9976655
1228_2,14,Old Sp Office Sd,15.462823,75.0038435
1228_2,15,Corporation-D,15.4603805,75.00877600000001
1228_2,16,Dwr Sd,15.45985814417835,75.0105258745456
1229,1,Dwr Sd,15.45985814417835,75.0105258745456
1229,2,Oswal Sd,15.459392,75.007347
1229,3,Old Sp Office,15.4628345,75.003431
1229,4,K C Park,15.46369,75.001007
1229,5,Mental Hospital,15.464470333333333,74.99838466666667
1229,6,German Hospital,15.464104333333333,74.99517266666668
1229,7,Sadhankeri,15.462976333333332,74.98642266666667
1229,8,Sampige Nagar,15.463796749188749,74.97989343402119
1229,9,Paper Mill,15.463518508119801,74.97519911226846
1229,10,Kamaleshwara Temple,15.4624495,74.97056599999999
1229,11,Kelgeri Hp Pump,15.460099,74.962205
1229,12,Railway Gate Sd,15.458858,74.948171
1229,13,Toll Gate Sd,15.4570115,74.9386015
1229,14,Kamlapur Koli Form,15.4558185,74.933457
1229,15,Daddhi Kamlapur,15.4567225,74.927506
1229,16,Damber Factory,15.451937999999998,74.9205325
1229,17,Mugad Cross,15.450475,74.91525250000001
1229,18,Mugad,15.441319,74.912022
1229,19,Mandihal 1St Stop,15.449028,74.9075
1229,20,Mandihal Railway Gate,15.4476243252661,74.9065634408188
1229,21,Mandihal,15.449788,74.9039885
1229,22,Mandihal 2Nd Stop,15.452259999999999,74.903905
1229,23,Waddar Colony 1St Stop,15.4645215,74.89637450000001
1229,24,Kallin Khani,15.467881,74.8937495
1229,25,Nagalavi 1St Stop,15.476365999999999,74.88723999999999
1229,26,Nagalavi,15.4787475,74.88873849999999
1229_2,1,Nagalavi,15.4787475,74.88873849999999
1229_2,2,Nagalavi 1St Stop,15.476365999999999,74.88723999999999
1229_2,3,Kallin Khani,15.467881,74.8937495
1229_2,4,Waddar Colony 2Nd Stop,15.464391,74.896349
1229_2,5,Waddar Colony,15.462026,74.888148
1229_2,6,Waddar Colony 1St Stop,15.4645215,74.89637450000001
1229_2,7,Mandihal 2Nd Stop,15.452259999999999,74.903905
1229_2,8,Mandihal,15.449788,74.9039885
1229_2,9,Mandihal Railway Gate,15.4476243252661,74.9065634408188
1229_2,10,Mandihal 1St Stop,15.449028,74.9075
1229_2,11,Mugad Cross,15.450475,74.91525250000001
1229_2,12,Mugad,15.441319,74.912022
1229_2,13,Damber Factory,15.451937999999998,74.9205325
1229_2,14,Daddhi Kamlapur,15.4567225,74.927506
1229_2,15,Kamlapur Koli Form,15.4558185,74.933457
1229_2,16,Toll Gate Sd,15.4570115,74.9386015
1229_2,17,Railway Gate Sd,15.458858,74.948171
1229_2,18,Kelageri Anjaneya Nagar,15.460178,74.962609
1229_2,19,Kamaleshwara Temple,15.4624495,74.97056599999999
1229_2,20,Paper Mill,15.463518508119801,74.97519911226846
1229_2,21,Sampige Nagar,15.463796749188749,74.97989343402119
1229_2,22,Sadhankeri,15.462976333333332,74.98642266666667
1229_2,23,German Hospital,15.464104333333333,74.99517266666668
1229_2,24,Mental Hospital,15.464470333333333,74.99838466666667
1229_2,25,K C Park,15.46369,75.001007
1229_2,26,Old Sp Office,15.4628345,75.003431
1229_2,27,Corporation-D,15.4603805,75.00877600000001
1229_2,28,Dwr Sd,15.45985814417835,75.0105258745456
123,1,Shiruguppi,15.358743,75.2778945
123,2,Shiruguppi Bank,15.360906,75.28061249999999
123,3,Shiruguppi Mill,15.3626675,75.278946
123,4,Bandivad Cross,15.364349821610299,75.26546698811664
123,5,Math Road,15.3651845,75.255188
123,6,Bandivad Dabha,15.3654645,75.2515635
123,7,Hope School,15.365822,75.245688
123,8,Nalanada College / Sisu V.2,15.3650608294885,75.2387808000799
123,9,Kanchgar Keri,15.3645305,75.2341115
123,10,Haliyal Park,15.363833,75.227406
123,11,Brige,15.362995,75.21935400000001
123,12,I T C Gowdown,15.36245517274665,75.21510424193764
123,13,Bypass/Bridge,15.3609704825584,75.2035592002185
123,14,Ontti Hanumantha Temple,15.3579215,75.1855505
123,15,Railway Gate,15.39869525,75.08628425
123,16,D L S Sh,15.35374,75.16896399999999
123,17,R G S Sh,15.352498,75.1639395
123,18,Vinobha Nagar,15.352791000000002,75.15764433333334
123,19,Railway Station Sh,15.3532835,75.146837
123,20,Obs Sh,15.350251965647585,75.1356732192144
123,21,Hosur Terminal,15.3570921772309,75.12880797876
123_2,1,Hosur Terminal,15.3570921772309,75.12880797876
123_2,2,Obs Sh,15.350251965647585,75.1356732192144
123_2,3,Railway Station Sh,15.3532835,75.146837
123_2,4,Vinobha Nagar,15.352791000000002,75.15764433333334
123_2,5,R G S Sh,15.352498,75.1639395
123_2,6,D L S Sh,15.35374,75.16896399999999
123_2,7,Railway Gate,15.39869525,75.08628425
123_2,8,Ontti Hanumantha Temple,15.3579215,75.1855505
123_2,9,Bypass/Bridge,15.3609704825584,75.2035592002185
123_2,10,I T C Gowdown,15.36245517274665,75.21510424193764
123_2,11,Brige,15.362995,75.21935400000001
123_2,12,Haliyal Park,15.363833,75.227406
123_2,13,Kanchgar Keri,15.3645305,75.2341115
123_2,14,Nalanada College / Sisu V.1,15.3652190160622,75.2387677945183
123_2,15,Hope School,15.365822,75.245688
123_2,16,Bandivad Dabha,15.3654645,75.2515635
123_2,17,Math Road,15.3651845,75.255188
123_2,18,Bandivad Cross,15.364349821610299,75.26546698811664
123_2,19,Shiruguppi Mill,15.3626675,75.278946
123_2,20,Shiruguppi Bank,15.360906,75.28061249999999
123_2,21,Shiruguppi,15.358743,75.2778945
1231,1,Dwr Sd,15.45985814417835,75.0105258745456
1231,2,Oswal Sd,15.459392,75.007347
1231,3,Old Sp Office,15.4628345,75.003431
1231,4,Dharwad Akashwani,15.459020500000001,74.9976655
1231,5,Dasanakoppa,15.4558755,74.99330499999999
1231,6,Shivalaya,15.44655,74.9803685
1231,7,Nehru Nagar Cross,15.4448185,74.9763125
1231,8,Hallyal Railway Gate,15.4423455,74.973352
1231,9,Tapowana,15.4446575,74.9707855
1231,10,Kyarkoppa Railway Gate,15.443248,74.96774049999999
1231,11,Maharaj Bangle,15.442063000000001,74.96125699999999
1231,12,Mishra Pedha,15.441438,74.956391
1231,13,Anand Nagar Kyarkoppa,15.4411115,74.954147
1231,14,Jawar Navodaya,15.440418,74.9510875
1231,15,Peral Thota,15.4396995,74.949105
1231,16,Mallur Cross,15.435648,74.94315499999999
1231,17,Kyarkoppa Ashram,15.435576999999999,74.940801
1231,18,Kyarkoppa Basavana Gudi,15.4363295,74.9380075
1231,19,Kyarkoppa 1St Stop,15.438425,74.93627933333333
1231,20,Kyarkoppa,15.440954,74.932186
1231,21,Kalker Bridge Mile Stone,15.433474,74.923645
1231,22,Shed House Mile Stone,15.423469,74.91540950000001
1231,23,Kalkeri,15.415128,74.881698
1231_2,1,Kalkeri,15.415128,74.881698
1231_2,2,Shed House Mile Stone,15.423469,74.91540950000001
1231_2,3,Kalker Bridge Mile Stone,15.433474,74.923645
1231_2,4,Kyarkoppa,15.440954,74.932186
1231_2,5,Kyarkoppa 1St Stop,15.438425,74.93627933333333
1231_2,6,Kyarkoppa Basavana Gudi,15.4363295,74.9380075
1231_2,7,Kyarkoppa Ashram,15.435576999999999,74.940801
1231_2,8,Mallur Cross,15.435648,74.94315499999999
1231_2,9,Peral Thota,15.4396995,74.949105
1231_2,10,Jawar Navodaya,15.440418,74.9510875
1231_2,11,Anand Nagar Kyarkoppa,15.4411115,74.954147
1231_2,12,Mishra Pedha,15.441438,74.956391
1231_2,13,Maharaj Bangle,15.442063000000001,74.96125699999999
1231_2,14,Kyarkoppa Railway Gate,15.443248,74.96774049999999
1231_2,15,Tapowana,15.4446575,74.9707855
1231_2,16,Hallyal Railway Gate,15.4423455,74.973352
1231_2,17,Nehru Nagar Cross,15.4448185,74.9763125
1231_2,18,Shivalaya,15.44655,74.9803685
1231_2,19,Dasanakoppa Cross,15.455907666666667,74.99328266666667
1231_2,20,Dharwad Akashwani,15.459020500000001,74.9976655
1231_2,21,Old Sp Office Sd,15.462823,75.0038435
1231_2,22,Corporation-D,15.4603805,75.00877600000001
1231_2,23,Dwr Sd,15.45985814417835,75.0105258745456
1232,1,Dwr Sd,15.45985814417835,75.0105258745456
1232,2,Shivaji Circle,15.46469075,75.01383675
1232,3,Depot Circle,15.467816,75.0178145
1232,4,Murga Matha Sd,15.4702005,75.0183395
1232,5,Mahanta Nagar,15.4724305,75.019305
1232,6,Kavalgeri Cross,15.476219,75.0210295
1232,7,Chenna Keshawa Nagar,15.481670999999999,75.02336249999999
1232,8,Durgamman Gudi,15.488315,75.0267755
1232,9,Sdtr.Keb,15.492446,75.028589
1232,10,Simi X,15.4956728259549,75.0298611512735
1232,11,Peer Gani,15.498106,75.031068
1232,12,Sheelar Maddi,15.5072765,75.03615500000001
1232,13,Marewad Cross,15.5304155,75.05121249999999
1232,14,Malaprabha Water Tank,15.534383,75.0556445
1232,15,Amminbhavi Cross,15.5371405,75.05886100000001
1232,16,Amminbhavi 1St Stop,15.5387275,75.057552
1232,17,Gram Panchayti,15.5398995,75.057088
1232,18,Marewad,15.541349499999999,75.056317
1232,19,Amminbhavi,15.543353,75.0555875
1232_2,1,Amminbhavi,15.543353,75.0555875
1232_2,2,Marewad,15.541349499999999,75.056317
1232_2,3,Gram Panchayti,15.5398995,75.057088
1232_2,4,Amminbhavi 1St Stop,15.5387275,75.057552
1232_2,5,Amminbhavi Cross,15.5371405,75.05886100000001
1232_2,6,Malaprabha Water Tank,15.534383,75.0556445
1232_2,7,Marewad Cross,15.5304155,75.05121249999999
1232_2,8,Sheelar Maddi,15.5072765,75.03615500000001
1232_2,9,Peer Gani,15.498106,75.031068
1232_2,10,Simi X,15.4956728259549,75.0298611512735
1232_2,11,Sdtr.Keb,15.492446,75.028589
1232_2,12,Durgamman Gudi,15.488315,75.0267755
1232_2,13,Chenna Keshawa Nagar,15.481670999999999,75.02336249999999
1232_2,14,Kavalgeri Cross,15.476219,75.0210295
1232_2,15,Mahanta Nagar,15.4724305,75.019305
1232_2,16,Murga Matha Sd,15.4702005,75.0183395
1232_2,17,Depot Circle Sd,15.467825999999999,75.01767050000001
1232_2,18,Shivaji Circle Sd,15.464889,75.014115
1232_2,19,Raman Gouda Haspital,15.466287,75.008106
1232_2,20,Old Sp Office,15.4628345,75.003431
1232_2,21,Corporation-D,15.4603805,75.00877600000001
1232_2,22,Dwr Sd,15.45985814417835,75.0105258745456
1233,1,Dwr Sd,15.45985814417835,75.0105258745456
1233,2,Oswal Sd,15.459392,75.007347
1233,3,Old Sp Office,15.4628345,75.003431
1233,4,K C Park,15.46369,75.001007
1233,5,Mental Hospital,15.464470333333333,74.99838466666667
1233,6,New Sp Office,15.466617930796467,74.99543122362164
1233,7,New Bus Stand-D,15.467312963922167,74.99356261227416
1233,8,Mg Bank,15.4715775,74.99080599999999
1233,9,Gtc,15.474909,74.9855426
1233,10,Pepsi Factory,15.477010666666667,74.98500166666666
1233,11,Dairy,15.483501,74.979516
1233,12,Agri University Gate,15.487123,74.97632300000001
1233,13,Airtech,15.4917725,74.97106400000001
1233,14,Narendra Cross,15.495273333333335,74.96720033333334
1233,15,Dnl School,15.4980435,74.9686275
1233,16,Cottan Mill,15.50011,74.9706275
1233,17,Narendr,15.5043,74.9745255
1233,18,Narendra Mata,15.5066175,74.976822
1233,19,Mis,15.47249972791569,74.96161523514184
1233,20,Desai Cross Sd,15.508614999999999,74.97842650000001
1233,21,Narendr Watar  Tank,15.510266,74.9770255
1233,22,Chinnigeri Cross,15.5109355,74.97584599999999
1233,23,Ajjappana Mani,15.5146065,74.974503
1233,24,Basvanna Gudi Cross,15.5268205,74.9658485
1233,25,Basavan Gudi,15.5268860771727,74.9658099119626
1233,26,Mangalagatti,15.5430155,74.962002
1233,27,Magalgatti Basavanna Gudi,15.5452215,74.9640505
1233,28,Maveen Gida,15.5531215,74.962944
1233,29,Mis,15.47249972791569,74.96161523514184
1233,30,Kurub Gatti 1St Stop,15.567177,74.964159
1233,31,Welding Machine,15.5693145,74.963611
1233,32,Kurub Gatti,15.568531,74.9655165
1233_2,1,Kurub Gatti,15.568531,74.9655165
1233_2,2,Welding Machine,15.5693145,74.963611
1233_2,3,Kurub Gatti 1 St Stop,15.567267,74.964199
1233_2,4,Mis,15.47249972791569,74.96161523514184
1233_2,5,Maveen Gida,15.5531215,74.962944
1233_2,6,Magalgatti Basavanna Gudi,15.5452215,74.9640505
1233_2,7,Mangalagatti,15.5430155,74.962002
1233_2,8,Basavan Gudi,15.5268860771727,74.9658099119626
1233_2,9,Basvanna Gudi Cross,15.5268205,74.9658485
1233_2,10,Ajjappana Mani,15.5146065,74.974503
1233_2,11,Chinnigeri Cross,15.5109355,74.97584599999999
1233_2,12,Narendr Polt,15.5117525,74.9715075
1233_2,13,Narendr Watar  Tank,15.510266,74.9770255
1233_2,14,Desai Cross Sd,15.508614999999999,74.97842650000001
1233_2,15,Mis,15.47249972791569,74.96161523514184
1233_2,16,Narendra Mata,15.5066175,74.976822
1233_2,17,Narendr,15.5043,74.9745255
1233_2,18,Cottan Mill,15.50011,74.9706275
1233_2,19,Dnl School,15.4980435,74.9686275
1233_2,20,Narendra Cross,15.495273333333335,74.96720033333334
1233_2,21,Airtech,15.4917725,74.97106400000001
1233_2,22,Agri University Gate,15.487123,74.97632300000001
1233_2,23,Dairy,15.483501,74.979516
1233_2,24,Pepsi Factory,15.477010666666667,74.98500166666666
1233_2,25,Gtc,15.474909,74.9855426
1233_2,26,New Bus Stand-D,15.467312963922167,74.99356261227416
1233_2,27,New Sp Office,15.466617930796467,74.99543122362164
1233_2,28,Mental Hospital,15.464470333333333,74.99838466666667
1233_2,29,K C Park,15.46369,75.001007
1233_2,30,Old Sp Office,15.4628345,75.003431
1233_2,31,Corporation-D,15.4603805,75.00877600000001
1233_2,32,Dwr Sd,15.45985814417835,75.0105258745456
1234,1,Dwr Sd,15.45985814417835,75.0105258745456
1234,2,Shivaji Circle,15.46469075,75.01383675
1234,3,Hebblli Agashi,15.462154,75.017903
1234,4,Mr Nagar,15.462304,75.022205
1234,5,Tulja Bavani Gudi,15.46251,75.026917
1234,6,Durga Colony Sd,15.4626165,75.029121
1234,7,Hebballi Form,15.516049833333334,74.96560983333335
1234,8,Govin Koppa Cross,15.463835,75.057041
1234,9,Mi Nalwadi School,15.464128500000001,75.062979
1234,10,Pattri Gida,15.464428999999999,75.0694295
1234,11,Gongadi Koppa Cross,15.46500475,75.08513875
1234,12,Gongadi Koppa 1St Stop,15.474620999999999,75.08282349999999
1234,13,Gongadi Koppa,15.474716,75.088402
1234_2,1,Gongadi Koppa,15.474716,75.088402
1234_2,2,Gongadi Koppa 1St Stop,15.474620999999999,75.08282349999999
1234_2,3,Gongadi Koppa Cross,15.46500475,75.08513875
1234_2,4,Pattri Gida,15.464428999999999,75.0694295
1234_2,5,Mi Nalwadi School,15.464128500000001,75.062979
1234_2,6,Govin Koppa Cross,15.463835,75.057041
1234_2,7,Hebballi Form,15.516049833333334,74.96560983333335
1234_2,8,Durga Colony Sd,15.4626165,75.029121
1234_2,9,Tulja Bavani Gudi,15.46251,75.026917
1234_2,10,Mr Nagar,15.462304,75.022205
1234_2,11,Hebballi Agasi,15.462154,75.0180105
1234_2,12,Shivaji Circle,15.46469075,75.01383675
1234_2,13,Raman Gouda Haspital,15.466287,75.008106
1234_2,14,Old Sp Office,15.4628345,75.003431
1234_2,15,Corporation-D,15.4603805,75.00877600000001
1234_2,16,Dwr Sd,15.45985814417835,75.0105258745456
1235,1,Kotur,15.5411725,74.9030665
1235,2,Mis,15.47249972791569,74.96161523514184
1235,3,Belur,15.530695999999999,74.9126455
1235,4,Gouse Factory,15.521526999999999,74.912561
1235,5,Prajavani,15.506511,74.92058750000001
1235,6,Belur Indistrial/Prajavani,15.517916,74.921922
1235,7,Walmi,15.517189271720149,74.92408242178945
1235,8,High Court Nh,15.516579499999999,74.9272915
1235,9,Tata Motors Nh,15.516098,74.9311745
1235,10,Garag Cross,15.5124975,74.9411595
1235,11,Mummigatti,15.509275500000001,74.94608600000001
1235,12,K E B (Power Grid),15.499924499999999,74.9559755
1235,13,Narendra Cross Nh,15.493936,74.9684335
1235,14,Airtech,15.4917725,74.97106400000001
1235,15,Agri University Gate,15.487123,74.97632300000001
1235,16,Dairy,15.483501,74.979516
1235,17,Pepsi Factory,15.477010666666667,74.98500166666666
1235,18,Gtc,15.474909,74.9855426
1235,19,Mg Bank,15.4715775,74.99080599999999
1235,20,New Bus Stand-D,15.467312963922167,74.99356261227416
1235,21,New Sp Office,15.466617930796467,74.99543122362164
1235,22,Mental Hospital,15.464470333333333,74.99838466666667
1235,23,K C Park,15.46369,75.001007
1235,24,Old Sp Office,15.4628345,75.003431
1235,25,Corporation-D,15.4603805,75.00877600000001
1235,26,Dwr Sd,15.45985814417835,75.0105258745456
1235_2,1,Dwr Sd,15.45985814417835,75.0105258745456
1235_2,2,Oswal Sd,15.459392,75.007347
1235_2,3,Old Sp Office,15.4628345,75.003431
1235_2,4,K C Park,15.46369,75.001007
1235_2,5,Mental Hospital,15.464470333333333,74.99838466666667
1235_2,6,New Sp Office,15.466617930796467,74.99543122362164
1235_2,7,New Bus Stand-D,15.467312963922167,74.99356261227416
1235_2,8,Mg Bank,15.4715775,74.99080599999999
1235_2,9,Gtc,15.474909,74.9855426
1235_2,10,Pepsi Factory,15.477010666666667,74.98500166666666
1235_2,11,Dairy,15.483501,74.979516
1235_2,12,Agri University Gate,15.487123,74.97632300000001
1235_2,13,Airtech,15.4917725,74.97106400000001
1235_2,14,Narendra Cross Nh,15.493936,74.9684335
1235_2,15,K E B (Power Grid),15.499924499999999,74.9559755
1235_2,16,Mummy Gatti Hospital,15.507166,74.947641
1235_2,17,Mummigatti,15.509275500000001,74.94608600000001
1235_2,18,Garag Cross,15.5124975,74.9411595
1235_2,19,Tata Motors Nh,15.516098,74.9311745
1235_2,20,High Court Nh,15.516579499999999,74.9272915
1235_2,21,Walmi,15.517189271720149,74.92408242178945
1235_2,22,Belur Indistrial/Prajavani,15.517916,74.921922
1235_2,23,Prajavani,15.506511,74.92058750000001
1235_2,24,Gouse Factory,15.521526999999999,74.912561
1235_2,25,Belur,15.530695999999999,74.9126455
1235_2,26,Mis,15.47249972791569,74.96161523514184
1235_2,27,Kotur,15.5411725,74.9030665
1236,1,Dwr Sd,15.45985814417835,75.0105258745456
1236,2,Jubilee Circle Sd,15.4590695,75.00814550000001
1236,3,Court Circle Sd,15.456125499999999,75.006937
1236,4,Nttf,15.4523115,75.0104
1236,5,Toll Naka Sd,15.446589210288325,75.01217594886242
1236,6,Saraswathipura,15.438922,75.01107775
1236,7,Tajesavi Nagar,15.4356785,75.01106300000001
1236,8,Sdm Engg College,15.4313045,75.012247
1236,9,Giri Nagar D,15.4271595,75.00810949999999
1236,10,Kgt Hatti Kola,15.424586999999999,75.0063875
1236,11,Nuggikeri Gudi Cross,15.4175185,75.0024885
1236,12,Hachinmani College Sd,15.4117225,75.00046499999999
1236,13,Nuggikeri,15.4052395,75.001394
1236,14,Yerikoppa,15.3979755,75.0024705
1236,15,Masur Garden,15.388356,75.0034845
1236,16,Mangundi Cross,15.380305,75.00554600000001
1236,17,Hulliikatti Cross,15.3803638710853,74.999641264742
1236,18,Nayakan Hulli Katti,15.3689255,74.996132
1236_2,1,Nayakan Hulli Katti,15.3689255,74.996132
1236_2,2,Hulliikatti Cross,15.3803638710853,74.999641264742
1236_2,3,Mangundi Cross,15.380305,75.00554600000001
1236_2,4,Masur Garden,15.388356,75.0034845
1236_2,5,Yerikoppa,15.3979755,75.0024705
1236_2,6,Nuggikeri,15.4052395,75.001394
1236_2,7,Hachinmani College Sd,15.4117225,75.00046499999999
1236_2,8,Nugikeri Hanuman Temple Gate,15.4173705,75.0023785
1236_2,9,Kgt Hatti Kola,15.424586999999999,75.0063875
1236_2,10,Giri Nagar D,15.4271595,75.00810949999999
1236_2,11,Sdm Engg College,15.4313045,75.012247
1236_2,12,Tajesavi Nagar,15.4356785,75.01106300000001
1236_2,13,Saraswathipura,15.438922,75.01107775
1236_2,14,Toll Naka Sd,15.446589210288325,75.01217594886242
1236_2,15,Nttf,15.4523115,75.0104
1236_2,16,Court Circle Sd,15.456125499999999,75.006937
1236_2,17,Jubilee Circle Sd,15.4590695,75.00814550000001
1236_2,18,Dwr Sd,15.45985814417835,75.0105258745456
1237,1,Dwr Sd,15.45985814417835,75.0105258745456
1237,2,Oswal Sd,15.459392,75.007347
1237,3,Old Sp Office,15.4628345,75.003431
1237,4,K C Park,15.46369,75.001007
1237,5,Mental Hospital,15.464470333333333,74.99838466666667
1237,6,New Sp Office,15.466617930796467,74.99543122362164
1237,7,New Bus Stand-D,15.467312963922167,74.99356261227416
1237,8,Mg Bank,15.4715775,74.99080599999999
1237,9,Gtc,15.474909,74.9855426
1237,10,Pepsi Factory,15.477010666666667,74.98500166666666
1237,11,Dairy,15.483501,74.979516
1237,12,Agri University Gate,15.487123,74.97632300000001
1237,13,Airtech,15.4917725,74.97106400000001
1237,14,Narendra Cross,15.495273333333335,74.96720033333334
1237,15,Dnl School,15.4980435,74.9686275
1237,16,Cottan Mill,15.50011,74.9706275
1237,17,Narendr,15.5043,74.9745255
1237,18,Narendra Mata,15.5066175,74.976822
1237,19,Mis,15.47249972791569,74.96161523514184
1237,20,Desai Cross Sd,15.508614999999999,74.97842650000001
1237,21,Narendr Watar  Tank,15.510266,74.9770255
1237,22,Chinnigeri Cross,15.5109355,74.97584599999999
1237,23,Ajjappana Mani,15.5146065,74.974503
1237,24,Basavan Gudi,15.5268860771727,74.9658099119626
1237,25,Mangalagatti,15.5430155,74.962002
1237_2,1,Mangalagatti,15.5430155,74.962002
1237_2,2,Basavan Gudi,15.5268860771727,74.9658099119626
1237_2,3,Ajjappana Mani,15.5146065,74.974503
1237_2,4,Chinnigeri Cross,15.5109355,74.97584599999999
1237_2,5,Narendr Watar  Tank,15.510266,74.9770255
1237_2,6,Desai Cross Sd,15.508614999999999,74.97842650000001
1237_2,7,Mis,15.47249972791569,74.96161523514184
1237_2,8,Narendra Mata,15.5066175,74.976822
1237_2,9,Narendr,15.5043,74.9745255
1237_2,10,Cottan Mill,15.50011,74.9706275
1237_2,11,Dnl School,15.4980435,74.9686275
1237_2,12,Narendra Cross,15.495273333333335,74.96720033333334
1237_2,13,Airtech,15.4917725,74.97106400000001
1237_2,14,Agri University Gate,15.487123,74.97632300000001
1237_2,15,Dairy,15.483501,74.979516
1237_2,16,Pepsi Factory,15.477010666666667,74.98500166666666
1237_2,17,Gtc,15.474909,74.9855426
1237_2,18,Mg Bank,15.4715775,74.99080599999999
1237_2,19,New Bus Stand-D,15.467312963922167,74.99356261227416
1237_2,20,New Sp Office,15.466617930796467,74.99543122362164
1237_2,21,Mental Hospital,15.464470333333333,74.99838466666667
1237_2,22,K C Park,15.46369,75.001007
1237_2,23,Old Sp Office,15.4628345,75.003431
1237_2,24,Corporation-D,15.4603805,75.00877600000001
1237_2,25,Dwr Sd,15.45985814417835,75.0105258745456
1238,1,Dwr Sd,15.45985814417835,75.0105258745456
1238,2,Shivaji Circle,15.46469075,75.01383675
1238,3,Depot Circle Sd,15.467825999999999,75.01767050000001
1238,4,Murga Matha Sd,15.4702005,75.0183395
1238,5,Mahanta Nagar,15.4724305,75.019305
1238,6,Kavalgeri Cross,15.476219,75.0210295
1238,7,Chenna Keshawa Nagar,15.481670999999999,75.02336249999999
1238,8,Durgamman Gudi,15.488315,75.0267755
1238,9,Sdtr.Keb,15.492446,75.028589
1238,10,Simi X,15.4956728259549,75.0298611512735
1238,11,Peer Gani,15.498106,75.031068
1238,12,Sheelar Maddi,15.5072765,75.03615500000001
1238,13,Marewad Cross,15.5304155,75.05121249999999
1238,14,Marewad,15.541349499999999,75.056317
1238,15,Thimmapur,15.5407175,75.04595
1238,16,Thimmapur Plot,15.543912500000001,75.0441055
1238,17,Thimmapurthota,15.549105,75.041469
1238,18,Karadi Gudda 1St Stop,15.558707,75.03835649999999
1238,19,Karadi Gudda 2Nd Stop,15.561433,75.039318
1238,20,Padha Gatti,15.562767000000001,75.0389475
1238,21,Karadi Gudda,15.5638355,75.0374395
1238_2,1,Karadi Gudda,15.5638355,75.0374395
1238_2,2,Padha Gatti,15.562767000000001,75.0389475
1238_2,3,Karadi Gudda2Nd Stop,15.561409,75.039395
1238_2,4,Karadi Gudda 1St Stop,15.558707,75.03835649999999
1238_2,5,Thimapur Thota,15.549527,75.041284
1238_2,6,Thimmapur Plot,15.543912500000001,75.0441055
1238_2,7,Thimmapur,15.5407175,75.04595
1238_2,8,Marewad Cross,15.5304155,75.05121249999999
1238_2,9,Marewad,15.541349499999999,75.056317
1238_2,10,Sheelar Maddi,15.5072765,75.03615500000001
1238_2,11,Peer Gani,15.498106,75.031068
1238_2,12,Simi X,15.4956728259549,75.0298611512735
1238_2,13,Sdtr.Keb,15.492446,75.028589
1238_2,14,Durgamman Gudi,15.488315,75.0267755
1238_2,15,Chenna Keshawa Nagar,15.481670999999999,75.02336249999999
1238_2,16,Kavalgeri Cross,15.476219,75.0210295
1238_2,17,Mahanta Nagar,15.4724305,75.019305
1238_2,18,Murga Matha Sd,15.4702005,75.0183395
1238_2,19,Depot Circle Sd,15.467825999999999,75.01767050000001
1238_2,20,Shivaji Circle Sd,15.464889,75.014115
1238_2,21,Raman Gouda Haspital,15.466287,75.008106
1238_2,22,Old Sp Office,15.4628345,75.003431
1238_2,23,Corporation-D,15.4603805,75.00877600000001
1238_2,24,Dwr Sd,15.45985814417835,75.0105258745456
1239,1,Dwr Sd,15.45985814417835,75.0105258745456
1239,2,Shivaji Circle,15.46469075,75.01383675
1239,3,Hebblli Agashi,15.462154,75.017903
1239,4,Mr Nagar,15.462304,75.022205
1239,5,Tulja Bavani Gudi,15.46251,75.026917
1239,6,Durga Colony Sd,15.4626165,75.029121
1239,7,Hebballi Form,15.516049833333334,74.96560983333335
1239,8,Govin Koppa Cross,15.463835,75.057041
1239,9,Mi Nalwadi School,15.464128500000001,75.062979
1239,10,Pattri Gida,15.464428999999999,75.0694295
1239,11,Gongadi Koppa Cross,15.46500475,75.08513875
1239,12,Somapur,15.4652145,75.0946305
1239,13,Mardgi Cross,15.4657445,75.1139445
1239,14,Mardgi Plot 1St Stop,15.474675,75.1162715
1239,15,Mardgi,15.476883,75.11743949999999
1239,16,Mardgi Plot 2Nd Stop,15.4777715,75.1205985
1239,17,Javala Mile Stone,15.477704,75.124585
1239,18,Javala,15.478394999999999,75.127463
1239,19,Hebballi Stand,15.4811445,75.129048
1239,20,Hebballi Hospital,15.482797000000001,75.12943250000001
1239,21,Gardi Mani,15.4846195,75.1294785
1239,22,Hebballi,15.485426499999999,75.12793099999999
1239_2,1,Hebballi,15.485426499999999,75.12793099999999
1239_2,2,Gardi Mani,15.4846195,75.1294785
1239_2,3,Hebballi Hospital,15.482797000000001,75.12943250000001
1239_2,4,Hebballi Stand,15.4811445,75.129048
1239_2,5,Javala,15.478394999999999,75.127463
1239_2,6,Javala Mile Stone,15.477704,75.124585
1239_2,7,Mardgi Plot 2Nd Stop,15.4777715,75.1205985
1239_2,8,Mardgi,15.476883,75.11743949999999
1239_2,9,Mardgi Plot 1St Stop,15.474675,75.1162715
1239_2,10,Mardgi Cross,15.4657445,75.1139445
1239_2,11,Somapur,15.4652145,75.0946305
1239_2,12,Gongadi Koppa Cross,15.46500475,75.08513875
1239_2,13,Pattri Gida,15.464428999999999,75.0694295
1239_2,14,Mi Nalwadi School,15.464128500000001,75.062979
1239_2,15,Govin Koppa Cross,15.463835,75.057041
1239_2,16,Hebballi Form,15.516049833333334,74.96560983333335
1239_2,17,Tulja Bavani Gudi,15.46251,75.026917
1239_2,18,Mr Nagar,15.462304,75.022205
1239_2,19,Hebballi Agasi,15.462154,75.0180105
1239_2,20,Shivaji Circle,15.46469075,75.01383675
1239_2,21,Raman Gouda Haspital,15.466287,75.008106
1239_2,22,Old Sp Office,15.4628345,75.003431
1239_2,23,Corporation-D,15.4603805,75.00877600000001
1239_2,24,Dwr Sd,15.45985814417835,75.0105258745456
124,1,Hosur Terminal,15.3570921772309,75.12880797876
124,2,M M Joshi,15.352953,75.130029
124,3,Quarters,15.351182,75.1220395
124,4,Rwh,15.350895000000001,75.1188075
124,5,New Bus Stand-H,15.3505045,75.116761
124,6,Akshay Park,15.350715666666666,75.10896733333333
124,7,Basaveshwara Nagar Cross,15.351390666666667,75.10335466666668
124,8,Manjunatha Nagar Cross,15.35160868216956,75.10187980363615
124,9,Neharu Nagar Water Tank,15.352369666666666,75.097318
124,10,Kec,15.354208845640276,75.09142434264085
124,11,Airport,15.35598472333832,75.08580822603624
124,12,Gokul Cross,15.354122,75.079631
124,13,Gokul Hs,15.351244000000001,75.0808555
124,14,Nanda Gokul,15.3489445,75.07912400000001
124,15,Navodhaya School,15.348068999999999,75.0778575
124,16,Banjara Colony Cross,15.347639000000001,75.07253
124,17,Mile Stone,15.342654,75.064003
124,18,Dayanund School,15.341679,75.059629
124,19,Rewadihal 1St Stop,15.342165,75.052284
124,20,Rwadihal,15.341932,75.04888
124,21,Rewadihal Plot,15.341785999999999,75.04713100000001
124,22,Rwewadihal Bdk,15.3439835,75.0426215
124,23,Bdk Awalakki Factory,15.350027,75.039106
124,24,Tarihal 1St Stop,15.354034,75.038348
124,25,Urdu School,15.354212,75.036333
124,26,Tarihal Sh,15.354324,75.035666
124_2,1,Tarihal Sh,15.354324,75.035666
124_2,2,Urdu School,15.354212,75.036333
124_2,3,Tarihal 1St Stop,15.354034,75.038348
124_2,4,Bdk Awalakki Factory,15.350027,75.039106
124_2,5,Rwewadihal Bdk,15.3439835,75.0426215
124_2,6,Rewadihal Plot,15.341785999999999,75.04713100000001
124_2,7,Rwadihal,15.341932,75.04888
124_2,8,Rewadihal 1St Stop,15.342165,75.052284
124_2,9,Dayanund School,15.341679,75.059629
124_2,10,Mile Stone,15.342654,75.064003
124_2,11,Banjara Colony Cross,15.347639000000001,75.07253
124_2,12,Navodhaya School,15.348068999999999,75.0778575
124_2,13,Nanda Gokul,15.3489445,75.07912400000001
124_2,14,Gokul Hs,15.351244000000001,75.0808555
124_2,15,Gokul Cross,15.354122,75.079631
124_2,16,Airport,15.35598472333832,75.08580822603624
124_2,17,Kec,15.354208845640276,75.09142434264085
124_2,18,Neharu Nagar Water Tank,15.352369666666666,75.097318
124_2,19,Manjunatha Nagar Cross,15.35160868216956,75.10187980363615
124_2,20,Basaveshwara Nagar Cross,15.351390666666667,75.10335466666668
124_2,21,Akshay Park,15.350715666666666,75.10896733333333
124_2,22,New Bus Stand-H,15.3505045,75.116761
124_2,23,Rwh,15.350895000000001,75.1188075
124_2,24,Quarters,15.351182,75.1220395
124_2,25,Hosur,15.354019,75.130184
124_2,26,Hosur Terminal,15.3570921772309,75.12880797876
1240,1,Dwr Sd,15.45985814417835,75.0105258745456
1240,2,Jubilee Circle Sd,15.4590695,75.00814550000001
1240,3,Court Circle Sd,15.456125499999999,75.006937
1240,4,Nttf,15.4523115,75.0104
1240,5,Toll Naka Sd,15.446589210288325,75.01217594886242
1240,6,Saraswathipura,15.438922,75.01107775
1240,7,Tajesavi Nagar,15.4356785,75.01106300000001
1240,8,Sdm Engg College,15.4313045,75.012247
1240,9,Giri Nagar D,15.4271595,75.00810949999999
1240,10,Kgt Hatti Kola,15.424586999999999,75.0063875
1240,11,Nuggikeri Gudi Cross,15.4175185,75.0024885
1240,12,Hachinmani College Sd,15.4117225,75.00046499999999
1240,13,Nuggikeri,15.4052395,75.001394
1240,14,Yerikoppa,15.3979755,75.0024705
1240,15,Masur Garden,15.388356,75.0034845
1240,16,Mangundi Cross,15.380305,75.00554600000001
1240,17,Hulliikatti Cross,15.3803638710853,74.999641264742
1240,18,Kanive Honnapur,15.371065999999999,75.00657899999999
1240,19,Kanive Honnapur N H,15.367756669558075,75.0067691780541
1240,20,Awalakki Factory,15.357038,75.00721250000001
1240,21,Jodhalli Matha,15.349311,75.008422
1240,22,Jodalli Cross 1St Stop,15.344718,75.00832349999999
1240,23,Jodhalli Cross,15.3427545,75.0087345
1240,24,Jodalli,15.341646,75.003424
1240,25,Gambyapur Cross,15.3409135,75.0014195
1240,26,Jodhalli Govt School,15.338927,74.999121
1240,27,G Basavana Koppa 1St Stop,15.337990999999999,74.99525299999999
1240,28,G Basavana Koppa,15.336440499999998,74.994903
1240_2,1,G Basavana Koppa,15.336440499999998,74.994903
1240_2,2,G Basavana Koppa 1St Stop,15.337990999999999,74.99525299999999
1240_2,3,Jodhalli Govt School,15.338927,74.999121
1240_2,4,Gambyapur Cross,15.3409135,75.0014195
1240_2,5,Jodalli,15.341646,75.003424
1240_2,6,Jodhalli Cross,15.3427545,75.0087345
1240_2,7,Jodalli Cross 1St Stop,15.344718,75.00832349999999
1240_2,8,Jodhalli Matha,15.349311,75.008422
1240_2,9,Awalakki Factory,15.357038,75.00721250000001
1240_2,10,Kanive Honnapur N H,15.367756669558075,75.0067691780541
1240_2,11,Kanive Honnapur,15.371065999999999,75.00657899999999
1240_2,12,Hulliikatti Cross,15.3803638710853,74.999641264742
1240_2,13,Mangundi Cross,15.380305,75.00554600000001
1240_2,14,Masur Garden,15.388356,75.0034845
1240_2,15,Yerikoppa,15.3979755,75.0024705
1240_2,16,Nuggikeri,15.4052395,75.001394
1240_2,17,Hachinmani College Sd,15.4117225,75.00046499999999
1240_2,18,Nugikeri Hanuman Temple Gate,15.4173705,75.0023785
1240_2,19,Kgt Hatti Kola,15.424586999999999,75.0063875
1240_2,20,Giri Nagar D,15.4271595,75.00810949999999
1240_2,21,Sdm Engg College,15.4313045,75.012247
1240_2,22,Tajesavi Nagar,15.4356785,75.01106300000001
1240_2,23,Saraswathipura,15.438922,75.01107775
1240_2,24,Toll Naka Sd,15.446589210288325,75.01217594886242
1240_2,25,Nttf,15.4523115,75.0104
1240_2,26,Court Circle Sd,15.456125499999999,75.006937
1240_2,27,Jubilee Circle Sd,15.4590695,75.00814550000001
1240_2,28,Dwr Sd,15.45985814417835,75.0105258745456
1241,1,Dwr Sd,15.45985814417835,75.0105258745456
1241,2,Jubilee Circle Sd,15.4590695,75.00814550000001
1241,3,Court Circle Sd,15.456125499999999,75.006937
1241,4,Nttf,15.4523115,75.0104
1241,5,Toll Naka Sd,15.446589210288325,75.01217594886242
1241,6,Saraswathipura,15.438922,75.01107775
1241,7,Tajesavi Nagar,15.4356785,75.01106300000001
1241,8,Sdm Engg College,15.4313045,75.012247
1241,9,Giri Nagar D,15.4271595,75.00810949999999
1241,10,Kgt Hatti Kola,15.424586999999999,75.0063875
1241,11,Nuggikeri Gudi Cross,15.4175185,75.0024885
1241,12,Hachinmani College Sd,15.4117225,75.00046499999999
1241,13,Nuggikeri,15.4052395,75.001394
1241,14,Yerikoppa,15.3979755,75.0024705
1241,15,Masur Garden,15.388356,75.0034845
1241,16,Mangundi Cross,15.380305,75.00554600000001
1241,17,Eti Gatti Cross,15.37314825,75.0074
1241,18,Nayakan Hulli Katti,15.3689255,74.996132
1241,19,Kanive Honnapur,15.371065999999999,75.00657899999999
1241,20,Kanive Honnapur N H,15.367756669558075,75.0067691780541
1241,21,Awalakki Factory,15.357038,75.00721250000001
1241,22,Jodhalli Matha,15.349311,75.008422
1241,23,Jodalli Cross 1St Stop,15.344718,75.00832349999999
1241,24,Jodhalli Cross,15.3427545,75.0087345
1241,25,Jodalli,15.341646,75.003424
1241,26,Gambyapur Cross,15.3409135,75.0014195
1241,27,Jammihal,15.322048500000001,74.9991785
1241,28,Neer Sagar,15.3293013928966,75.0087057285788
1241,29,Gambyapur 1St Stop,15.3101385,74.99344
1241,30,Gambyapur,15.3090355,74.99269799999999
1241_2,1,Gambyapur,15.3090355,74.99269799999999
1241_2,2,Gambyapur 1St Stop,15.3101385,74.99344
1241_2,3,Neer Sagar,15.3293013928966,75.0087057285788
1241_2,4,Jammihal,15.322048500000001,74.9991785
1241_2,5,Gambyapur Cross,15.3409135,75.0014195
1241_2,6,Jodalli,15.341646,75.003424
1241_2,7,Jodhalli Cross,15.3427545,75.0087345
1241_2,8,Jodalli Cross 1St Stop,15.344718,75.00832349999999
1241_2,9,Jodhalli Matha,15.349311,75.008422
1241_2,10,Awalakki Factory,15.357038,75.00721250000001
1241_2,11,Kanive Honnapur N H,15.367756669558075,75.0067691780541
1241_2,12,Kanive Honnapur,15.371065999999999,75.00657899999999
1241_2,13,Nayakan Hulli Katti,15.3689255,74.996132
1241_2,14,Eti Gatti Cross,15.37314825,75.0074
1241_2,15,Mangundi Cross,15.380305,75.00554600000001
1241_2,16,Masur Garden,15.388356,75.0034845
1241_2,17,Yerikoppa,15.3979755,75.0024705
1241_2,18,Nuggikeri,15.4052395,75.001394
1241_2,19,Hachinmani College Sd,15.4117225,75.00046499999999
1241_2,20,Nugikeri Hanuman Temple Gate,15.4173705,75.0023785
1241_2,21,Kgt Hatti Kola,15.424586999999999,75.0063875
1241_2,22,Giri Nagar D,15.4271595,75.00810949999999
1241_2,23,Sdm Engg College,15.4313045,75.012247
1241_2,24,Tajesavi Nagar,15.4356785,75.01106300000001
1241_2,25,Saraswathipura,15.438922,75.01107775
1241_2,26,Toll Naka Sd,15.446589210288325,75.01217594886242
1241_2,27,Nttf,15.4523115,75.0104
1241_2,28,Court Circle Sd,15.456125499999999,75.006937
1241_2,29,Jubilee Circle Sd,15.4590695,75.00814550000001
1241_2,30,Dwr Sd,15.45985814417835,75.0105258745456
1244,1,Garag Math,15.5851235591514,74.9301266670227
1244,2,Garag,15.574841,74.930085
1244,3,Garag Police Station,15.5696525,74.9295635
1244,4,M I S,15.4957968941053,74.97219573584815
1244,5,Garag School,15.5591865,74.933472
1244,6,Mm Industrial,15.5478625,74.9344385
1244,7,Niral Katti Cross,15.5399605,74.934952
1244,8,Factory,15.5420185,74.92536799999999
1244,9,Niral Katti,15.554076,74.919674
1244,10,Garag Road Tata Motors,15.525135500000001,74.937953
1244,11,Rss,15.520228,74.93817250000001
1244,12,Telcone,15.517642891816,74.9394667041168
1244,13,Garag Cross,15.5124975,74.9411595
1244,14,Mummigatti,15.509275500000001,74.94608600000001
1244,15,K E B (Power Grid),15.499924499999999,74.9559755
1244,16,Narendra Cross Nh,15.493936,74.9684335
1244,17,Airtech,15.4917725,74.97106400000001
1244,18,Agri University Gate,15.487123,74.97632300000001
1244,19,Dairy,15.483501,74.979516
1244,20,Pepsi Factory,15.477010666666667,74.98500166666666
1244,21,Gtc,15.474909,74.9855426
1244,22,Mg Bank,15.4715775,74.99080599999999
1244,23,New Bus Stand-D,15.467312963922167,74.99356261227416
1244,24,New Sp Office,15.466617930796467,74.99543122362164
1244,25,Mental Hospital,15.464470333333333,74.99838466666667
1244,26,K C Park,15.46369,75.001007
1244,27,Old Sp Office,15.4628345,75.003431
1244,28,Corporation-D,15.4603805,75.00877600000001
1244,29,Dwr Sd,15.45985814417835,75.0105258745456
1244_2,1,Dwr Sd,15.45985814417835,75.0105258745456
1244_2,2,Oswal Sd,15.459392,75.007347
1244_2,3,Old Sp Office,15.4628345,75.003431
1244_2,4,K C Park,15.46369,75.001007
1244_2,5,Mental Hospital,15.464470333333333,74.99838466666667
1244_2,6,New Sp Office,15.466617930796467,74.99543122362164
1244_2,7,New Bus Stand-D,15.467312963922167,74.99356261227416
1244_2,8,Mg Bank,15.4715775,74.99080599999999
1244_2,9,Gtc,15.474909,74.9855426
1244_2,10,Pepsi Factory,15.477010666666667,74.98500166666666
1244_2,11,Dairy,15.483501,74.979516
1244_2,12,Agri University Gate,15.487123,74.97632300000001
1244_2,13,Airtech,15.4917725,74.97106400000001
1244_2,14,Narendra Cross Nh,15.493936,74.9684335
1244_2,15,K E B (Power Grid),15.499924499999999,74.9559755
1244_2,16,Mummy Gatti Hospital,15.507166,74.947641
1244_2,17,Mummigatti,15.509275500000001,74.94608600000001
1244_2,18,Garag Cross,15.5124975,74.9411595
1244_2,19,Telcone,15.517642891816,74.9394667041168
1244_2,20,Rss,15.520228,74.93817250000001
1244_2,21,Garag Road Tata Motors,15.525135500000001,74.937953
1244_2,22,Tata Marcopolo,15.5318755,74.936173
1244_2,23,Niral Katti Cross,15.5399605,74.934952
1244_2,24,Niral Katti,15.554076,74.919674
1244_2,25,Factory,15.5420185,74.92536799999999
1244_2,26,Mm Industrial,15.5478625,74.9344385
1244_2,27,Raja Wisky,15.5497825,74.9342015
1244_2,28,Garag School,15.5591865,74.933472
1244_2,29,M I S,15.4957968941053,74.97219573584815
1244_2,30,Garag Police Station,15.5696525,74.9295635
1244_2,31,Garag,15.574841,74.930085
1244_2,32,Garag Math,15.5851235591514,74.9301266670227
1249,1,Dwr Sd,15.45985814417835,75.0105258745456
1249,2,Jubilee Circle,15.45894575,75.00781925
1249,3,Old Sp Office,15.4628345,75.003431
1249,4,K C Park,15.46369,75.001007
1249,5,Mental Hospital,15.464470333333333,74.99838466666667
1249,6,New Sp Office,15.466617930796467,74.99543122362164
1249,7,New Bus Stand-D,15.467312963922167,74.99356261227416
1249,8,Kvg Bank,15.4716115,74.9907525
1249,9,J D Office,15.473995500000001,74.9890945
1249,10,Gtc,15.474909,74.9855426
1249,11,Pepsi Factory,15.477010666666667,74.98500166666666
1249,12,Dairy,15.483501,74.979516
1249,13,Yattin Gudda Cross,15.485588,74.97774749999999
1249,14,Agri University Gate,15.487123,74.97632300000001
1249,15,Airtech,15.4917725,74.97106400000001
1249,16,Narendra Cross,15.495273333333335,74.96720033333334
1249,17,K E B (Power Grid),15.499924499999999,74.9559755
1249,18,Mummigatti 1St Cross,15.505744499999999,74.949077
1249,19,Mummigatti,15.509275500000001,74.94608600000001
1249,20,Garag Cross,15.5124975,74.9411595
1249,21,Tata Motors Gate,15.5161778673811,74.9305703702464
1249,22,Walmi,15.517189271720149,74.92408242178945
1249,23,New Road,15.5188265,74.9182845
1249,24,State Bank Of Mysore,15.512397499999999,74.9179105
1249,25,Prajavani,15.506511,74.92058750000001
1249_2,1,Prajavani,15.506511,74.92058750000001
1249_2,2,State Bank Of Mysore,15.512397499999999,74.9179105
1249_2,3,New Road,15.5188265,74.9182845
1249_2,4,Walmi,15.517189271720149,74.92408242178945
1249_2,5,Tata Motors Gate,15.5161778673811,74.9305703702464
1249_2,6,Garag Cross,15.5124975,74.9411595
1249_2,7,Mummigatti,15.509275500000001,74.94608600000001
1249_2,8,Mummigatti 1St Cross,15.505744499999999,74.949077
1249_2,9,K E B (Power Grid),15.499924499999999,74.9559755
1249_2,10,Narendra Cross,15.495273333333335,74.96720033333334
1249_2,11,Airtech,15.4917725,74.97106400000001
1249_2,12,Agri University Gate,15.487123,74.97632300000001
1249_2,13,Yattin Gudda Cross,15.485588,74.97774749999999
1249_2,14,Dairy,15.483501,74.979516
1249_2,15,Pepsi Factory,15.477010666666667,74.98500166666666
1249_2,16,Gtc,15.474909,74.9855426
1249_2,17,J D Office,15.473995500000001,74.9890945
1249_2,18,Kvg Bank,15.4716115,74.9907525
1249_2,19,New Bus Stand-D,15.467312963922167,74.99356261227416
1249_2,20,New Sp Office,15.466617930796467,74.99543122362164
1249_2,21,Mental Hospital,15.464470333333333,74.99838466666667
1249_2,22,K C Park,15.46369,75.001007
1249_2,23,Old Sp Office,15.4628345,75.003431
1249_2,24,Jubilee Circle,15.45894575,75.00781925
1249_2,25,Dwr Sd,15.45985814417835,75.0105258745456
1250,1,Dwr Sd,15.45985814417835,75.0105258745456
1250,2,Oswal Sd,15.459392,75.007347
1250,3,Old Sp Office,15.4628345,75.003431
1250,4,Dharwad Akashwani,15.459020500000001,74.9976655
1250,5,Dasanakoppa Cross,15.455907666666667,74.99328266666667
1250,6,Shivalaya,15.44655,74.9803685
1250,7,Nehru Nagar Cross,15.4448185,74.9763125
1250,8,Hallyal Railway Gate,15.4423455,74.973352
1250,9,Hoysala Nagar,15.438222,74.9695035
1250,10,Agro Nagar,15.428327,74.9643235
1250,11,Borewell,15.4246885,74.964749
1250,12,Mansur Cross,15.41935825,74.96448025000001
1250,13,Salakin Koppa Cross,15.41204835,74.95966475
1250,14,Anand Ashram,15.410335499999999,74.956047
1250,15,Baad Dhaba,15.405649,74.9508405
1250,16,Baad Cross,15.403112583765425,74.94860651311384
1250,17,Baad,15.4099285,74.9458475
1250,18,Baad Keri,15.411155,74.9467305
1250,19,Baad Govt School,15.413066,74.9446655
1250,20,Mallur,15.4156,74.924308
1250,21,Dever Hubballi,15.397697,74.924162
1250_2,1,Dever Hubballi,15.397697,74.924162
1250_2,2,Mallur,15.4156,74.924308
1250_2,3,Baad Govt School,15.413066,74.9446655
1250_2,4,Baad Keri,15.411155,74.9467305
1250_2,5,Baad,15.4099285,74.9458475
1250_2,6,Baad Cross,15.403112583765425,74.94860651311384
1250_2,7,Baad Dhaba,15.405649,74.9508405
1250_2,8,Anand Ashram,15.410335499999999,74.956047
1250_2,9,Salakin Koppa Cross,15.41204835,74.95966475
1250_2,10,Mansur Cross,15.41935825,74.96448025000001
1250_2,11,Borewell,15.4246885,74.964749
1250_2,12,Agro Nagar,15.428327,74.9643235
1250_2,13,Hoysala Nagar,15.438222,74.9695035
1250_2,14,Hallyal Railway Gate,15.4423455,74.973352
1250_2,15,Nehru Nagar Cross,15.4448185,74.9763125
1250_2,16,Ics College,15.445704,74.9780885
1250_2,17,Shivalaya,15.44655,74.9803685
1250_2,18,Servomangala,15.449470999999999,74.988468
1250_2,19,Dasanakoppa,15.4558755,74.99330499999999
1250_2,20,Dharwad Akashwani,15.459020500000001,74.9976655
1250_2,21,Old Sp Office Sd,15.462823,75.0038435
1250_2,22,Corporation-D,15.4603805,75.00877600000001
1250_2,23,Dwr Sd,15.45985814417835,75.0105258745456
1259,1,Dwr Sd,15.45985814417835,75.0105258745456
1259,2,Old Dsp,15.462787500000001,75.0035225
1259,3,Usukin Adda,15.467334000000001,75.012193
1259,4,Kamlapur,15.471343000000001,75.01154650000001
1259,5,Kamlapur School,15.474197,75.0114825
1259,6,Pathra Appajan Mata,15.487404999999999,75.00912600000001
1259,7,Hadi Basavnna Gudi,15.494327,75.00730949999999
1259,8,Bridge Sd,15.4970625,75.0063945
1259,9,Adivappvan Bavi,15.501148,75.00587150000001
1259,10,Sindhi Gida,15.509633000000001,75.003783
1259,11,Dasan Koppa Cross Sd,15.521677,74.999345
1259,12,Lakmapur,15.531276,74.9972335
1259,13,Yadwad,15.559601,74.9969695
1259,14,Mis,15.47249972791569,74.96161523514184
1259,15,Mulmuttal,15.555049499999999,74.97805650000001
1259_2,1,Mulmuttal,15.555049499999999,74.97805650000001
1259_2,2,Mis,15.47249972791569,74.96161523514184
1259_2,3,Yadwad,15.559601,74.9969695
1259_2,4,Lakmapur,15.531276,74.9972335
1259_2,5,Dasan Koppa Cross Sd,15.521677,74.999345
1259_2,6,Sindhi Gida,15.509633000000001,75.003783
1259_2,7,Adivappvan Bavi,15.501148,75.00587150000001
1259_2,8,Bridge Sd,15.4970625,75.0063945
1259_2,9,Hadi Basavnna Gudi,15.494327,75.00730949999999
1259_2,10,Pathra Appajan Mata,15.487404999999999,75.00912600000001
1259_2,11,Kamlapur School,15.474197,75.0114825
1259_2,12,Kamlapur,15.471343000000001,75.01154650000001
1259_2,13,Usukin Adda,15.467334000000001,75.012193
1259_2,14,Raman Gouda Haspital,15.466287,75.008106
1259_2,15,Old Sp Office,15.4628345,75.003431
1259_2,16,Corporation-D,15.4603805,75.00877600000001
1259_2,17,Dwr Sd,15.45985814417835,75.0105258745456
126,1,Cbt,15.3444674193908,75.14520201344315
126,2,Chandrakala Talkies,15.349279164999999,75.145650835
126,3,Railway Station-H,15.352256816846449,75.1453905041761
126,4,Corporation-H,15.3514155,75.14188899999999
126,5,Ocbs Feeder,15.350899,75.135993
126,6,M M Joshi,15.352953,75.130029
126,7,Quarters,15.351182,75.1220395
126,8,Rwh,15.350895000000001,75.1188075
126,9,New Bus Stand-H,15.3505045,75.116761
126,10,Akshay Park,15.350715666666666,75.10896733333333
126,11,Basaveshwara Nagar Cross,15.351390666666667,75.10335466666668
126,12,Manjunatha Nagar Cross,15.35160868216956,75.10187980363615
126,13,Neharu Nagar Water Tank,15.352369666666666,75.097318
126,14,Kec,15.354208845640276,75.09142434264085
126,15,Airport,15.35598472333832,75.08580822603624
126,16,Gokul Cross,15.354122,75.079631
126,17,Police Quartz,15.35318,75.071618
126,18,Deshpande Foundation,15.352754000000001,75.0676165
126,19,Infosys,15.3525335,75.062562
126,20,Jagadish Nagar Cross,15.3559365,75.0574705
126,21,Bypass Bridge Road,15.3597135,75.052061
126,22,Steel Factory,15.359579499999999,75.0490875
126,23,Vijaya Bank,15.3594075,75.047304
126,24,Tarihal -X,15.359244,75.045469
126,25,Tarihal Politechnic,15.3586135,75.03442100000001
126,26,Vajpey Nagar,15.360630223847526,75.02720168192003
126_2,1,Vajpey Nagar,15.360630223847526,75.02720168192003
126_2,2,Tarihal Politechnic,15.3586135,75.03442100000001
126_2,3,Tarihal -X,15.359244,75.045469
126_2,4,Vijaya Bank,15.3594075,75.047304
126_2,5,Steel Factory,15.359579499999999,75.0490875
126_2,6,Bypass Bridge Road,15.3597135,75.052061
126_2,7,Jagadish Nagar Cross,15.3559365,75.0574705
126_2,8,Infosys,15.3525335,75.062562
126_2,9,Deshpande Foundation,15.352754000000001,75.0676165
126_2,10,Police Quartz,15.35318,75.071618
126_2,11,Gokul Cross,15.354122,75.079631
126_2,12,Airport,15.35598472333832,75.08580822603624
126_2,13,Kec,15.354208845640276,75.09142434264085
126_2,14,Neharu Nagar Water Tank,15.352369666666666,75.097318
126_2,15,Manjunatha Nagar Cross,15.35160868216956,75.10187980363615
126_2,16,Basaveshwara Nagar Cross,15.351390666666667,75.10335466666668
126_2,17,Akshay Park,15.350715666666666,75.10896733333333
126_2,18,New Bus Stand-H,15.3505045,75.116761
126_2,19,Rwh,15.350895000000001,75.1188075
126_2,20,Quarters,15.351182,75.1220395
126_2,21,Hosur,15.354019,75.130184
126_2,22,Obs Sh,15.350251965647585,75.1356732192144
126_2,23,Corporation-H,15.3514155,75.14188899999999
126_2,24,Railway Station-H,15.352256816846449,75.1453905041761
126_2,25,Chandrakala Talkies,15.349279164999999,75.145650835
126_2,26,Cbt,15.3444674193908,75.14520201344315
1267,1,Dwr Sd,15.45985814417835,75.0105258745456
1267,2,Old Dsp,15.462787500000001,75.0035225
1267,3,Kamlapur,15.471343000000001,75.01154650000001
1267,4,Kamlapur School,15.474197,75.0114825
1267,5,Pathra Appajan Mata,15.487404999999999,75.00912600000001
1267,6,Hadi Basavnna Gudi,15.494327,75.00730949999999
1267,7,Bridge Sd,15.4970625,75.0063945
1267,8,Adivappvan Bavi,15.501148,75.00587150000001
1267,9,Sindhi Gida,15.509633000000001,75.003783
1267,10,Dasan Koppa Cross Sd,15.521677,74.999345
1267,11,Lakmapur,15.531276,74.9972335
1267,12,Yadwad,15.559601,74.9969695
1267_2,1,Yadwad,15.559601,74.9969695
1267_2,2,Lakmapur,15.531276,74.9972335
1267_2,3,Dasan Koppa Cross Sd,15.521677,74.999345
1267_2,4,Sindhi Gida,15.509633000000001,75.003783
1267_2,5,Adivappvan Bavi,15.501148,75.00587150000001
1267_2,6,Bridge Sd,15.4970625,75.0063945
1267_2,7,Hadi Basavnna Gudi,15.494327,75.00730949999999
1267_2,8,Pathra Appajan Mata,15.487404999999999,75.00912600000001
1267_2,9,Kamlapur School,15.474197,75.0114825
1267_2,10,Kamlapur,15.471343000000001,75.01154650000001
1267_2,11,Raman Gouda Haspital,15.466287,75.008106
1267_2,12,Old Sp Office,15.4628345,75.003431
1267_2,13,Corporation-D,15.4603805,75.00877600000001
1267_2,14,Dwr Sd,15.45985814417835,75.0105258745456
1268,1,Dwr Sd,15.45985814417835,75.0105258745456
1268,2,Shivaji Circle,15.46469075,75.01383675
1268,3,Hebballi Agasi,15.462154,75.0180105
1268,4,Mr Nagar,15.462304,75.022205
1268,5,Tulja Bavani Gudi,15.46251,75.026917
1268,6,Durga Colony Sd,15.4626165,75.029121
1268,7,Hebballi Form,15.516049833333334,74.96560983333335
1268,8,Govin Koppa Cross,15.463835,75.057041
1268,9,Mi Nalwadi School,15.464128500000001,75.062979
1268,10,Pattri Gida,15.464428999999999,75.0694295
1268,11,Gongadi Koppa Cross,15.46500475,75.08513875
1268,12,Somapur,15.4652145,75.0946305
1268,13,Mardgi Cross,15.4657445,75.1139445
1268,14,Mardgi Plot 1St Stop,15.474675,75.1162715
1268,15,Mardgi,15.476883,75.11743949999999
1268,16,Mardgi Plot 2Nd Stop,15.4777715,75.1205985
1268,17,Javala Mile Stone,15.477704,75.124585
1268,18,Javala,15.478394999999999,75.127463
1268,19,Hebballi Stand,15.4811445,75.129048
1268,20,Hebballi Hospital,15.482797000000001,75.12943250000001
1268,21,Gardi Mani,15.4846195,75.1294785
1268,22,Hebballi,15.485426499999999,75.12793099999999
1268_2,1,Hebballi,15.485426499999999,75.12793099999999
1268_2,2,Gardi Mani,15.4846195,75.1294785
1268_2,3,Hebballi Hospital,15.482797000000001,75.12943250000001
1268_2,4,Hebballi Stand,15.4811445,75.129048
1268_2,5,Javala,15.478394999999999,75.127463
1268_2,6,Javala Mile Stone,15.477704,75.124585
1268_2,7,Mardgi Plot 2Nd Stop,15.4777715,75.1205985
1268_2,8,Mardgi,15.476883,75.11743949999999
1268_2,9,Mardgi Plot 1St Stop,15.474675,75.1162715
1268_2,10,Mardgi Cross,15.4657445,75.1139445
1268_2,11,Somapur,15.4652145,75.0946305
1268_2,12,Gongadi Koppa Cross,15.46500475,75.08513875
1268_2,13,Pattri Gida,15.464428999999999,75.0694295
1268_2,14,Mi Nalwadi School,15.464128500000001,75.062979
1268_2,15,Govin Koppa Cross,15.463835,75.057041
1268_2,16,Hebballi Form,15.516049833333334,74.96560983333335
1268_2,17,Tulja Bavani Gudi,15.46251,75.026917
1268_2,18,Mr Nagar,15.462304,75.022205
1268_2,19,Hebballi Agasi,15.462154,75.0180105
1268_2,20,Shivaji Circle,15.46469075,75.01383675
1268_2,21,Raman Gouda Haspital,15.466287,75.008106
1268_2,22,Old Sp Office,15.4628345,75.003431
1268_2,23,Corporation-D,15.4603805,75.00877600000001
1268_2,24,Cbt-D,15.4606685,75.01141700000001
1269,1,Dwr Sd,15.45985814417835,75.0105258745456
1269,2,Oswal Sd,15.459392,75.007347
1269,3,Old Sp Office,15.4628345,75.003431
1269,4,Dharwad Akashwani,15.459020500000001,74.9976655
1269,5,Dasanakoppa,15.4558755,74.99330499999999
1269,6,Shivalaya,15.44655,74.9803685
1269,7,Nehru Nagar Cross,15.4448185,74.9763125
1269,8,Hallyal Railway Gate,15.4423455,74.973352
1269,9,Hoysala Nagar,15.438222,74.9695035
1269,10,Agro Nagar,15.428327,74.9643235
1269,11,Mansur Cross,15.41935825,74.96448025000001
1269,12,Sali Matha School,15.415235,74.96722700000001
1269,13,Siddeshwar Matha,15.413601,74.96842799999999
1269,14,Mansur Govt School,15.409909,74.9708595
1269,15,Mansur,15.40663,74.9728585
1269_2,1,Mansur,15.40663,74.9728585
1269_2,2,Mansur Govt School,15.409909,74.9708595
1269_2,3,Siddeshwar Matha,15.413601,74.96842799999999
1269_2,4,Sali Matha School,15.415235,74.96722700000001
1269_2,5,Mansur Cross,15.41935825,74.96448025000001
1269_2,6,Borewell,15.4246885,74.964749
1269_2,7,Agro Nagar,15.428327,74.9643235
1269_2,8,Hoysala Nagar,15.438222,74.9695035
1269_2,9,Hallyal Railway Gate,15.4423455,74.973352
1269_2,10,Nehru Nagar Cross,15.4448185,74.9763125
1269_2,11,Shivalaya,15.44655,74.9803685
1269_2,12,Dasanakoppa,15.4558755,74.99330499999999
1269_2,13,Dharwad Akashwani,15.459020500000001,74.9976655
1269_2,14,Old Sp Office Sd,15.462823,75.0038435
1269_2,15,Corporation-D,15.4603805,75.00877600000001
1269_2,16,Cbt-D,15.4606685,75.01141700000001
127,1,Cbt,15.3444674193908,75.14520201344315
127,2,Chandrakala Talkies,15.349279164999999,75.145650835
127,3,Railway Station-H,15.352256816846449,75.1453905041761
127,4,Corporation-H,15.3514155,75.14188899999999
127,5,Ocbs Feeder,15.350899,75.135993
127,6,M M Joshi,15.352953,75.130029
127,7,Quarters,15.351182,75.1220395
127,8,Rwh,15.350895000000001,75.1188075
127,9,New Bus Stand-H,15.3505045,75.116761
127,10,Akshay Park,15.350715666666666,75.10896733333333
127,11,Basaveshwara Nagar Cross,15.351390666666667,75.10335466666668
127,12,Manjunatha Nagar Cross,15.35160868216956,75.10187980363615
127,13,Neharu Nagar Water Tank,15.352369666666666,75.097318
127,14,Kec,15.354208845640276,75.09142434264085
127,15,Airport,15.35598472333832,75.08580822603624
127,16,Gokul Cross,15.354122,75.079631
127,17,Police Quartz,15.35318,75.071618
127,18,Deshpande Foundation,15.352754000000001,75.0676165
127,19,Infosys,15.3525335,75.062562
127,20,Jagadish Nagar Cross,15.3559365,75.0574705
127,21,Bypass Bridge Road,15.3597135,75.052061
127,22,Steel Factory,15.359579499999999,75.0490875
127,23,Vijaya Bank,15.3594075,75.047304
127,24,Tarihal -X,15.359244,75.045469
127,25,Govt. School Tarihal,15.354697,75.03647
127,26,Tarihal Sh,15.354324,75.035666
127_2,1,Tarihal Sh,15.354324,75.035666
127_2,2,Govt School Tarihal,15.354527,75.036412
127_2,3,Tarihal -X,15.359244,75.045469
127_2,4,Vijaya Bank,15.3594075,75.047304
127_2,5,Steel Factory,15.359579499999999,75.0490875
127_2,6,Bypass Bridge Road,15.3597135,75.052061
127_2,7,Jagadish Nagar Cross,15.3559365,75.0574705
127_2,8,Infosys,15.3525335,75.062562
127_2,9,Deshpande Foundation,15.352754000000001,75.0676165
127_2,10,Police Quartz,15.35318,75.071618
127_2,11,Gokul Cross,15.354122,75.079631
127_2,12,Airport,15.35598472333832,75.08580822603624
127_2,13,Kec,15.354208845640276,75.09142434264085
127_2,14,Neharu Nagar Water Tank,15.352369666666666,75.097318
127_2,15,Manjunatha Nagar Cross,15.35160868216956,75.10187980363615
127_2,16,Basaveshwara Nagar Cross,15.351390666666667,75.10335466666668
127_2,17,Akshay Park,15.350715666666666,75.10896733333333
127_2,18,New Bus Stand-H,15.3505045,75.116761
127_2,19,Rwh,15.350895000000001,75.1188075
127_2,20,Quarters,15.351182,75.1220395
127_2,21,Hosur,15.354019,75.130184
127_2,22,Obs Sh,15.350251965647585,75.1356732192144
127_2,23,Corporation-H,15.3514155,75.14188899999999
127_2,24,Railway Station-H,15.352256816846449,75.1453905041761
127_2,25,Chandrakala Talkies,15.349279164999999,75.145650835
127_2,26,Cbt,15.3444674193908,75.14520201344315
1270,1,Dwr Sd,15.45985814417835,75.0105258745456
1270,2,Old Dsp,15.462787500000001,75.0035225
1270,3,Usukin Adda,15.467334000000001,75.012193
1270,4,Kamlapur,15.471343000000001,75.01154650000001
1270,5,Kamlapur School,15.474197,75.0114825
1270,6,Pathra Appajan Mata,15.487404999999999,75.00912600000001
1270,7,Hadi Basavnna Gudi,15.494327,75.00730949999999
1270,8,Adivappvan Bavi,15.501148,75.00587150000001
1270,9,Sindhi Gida,15.509633000000001,75.003783
1270,10,Dasan Koppa Cross Sd,15.521677,74.999345
1270,11,Lakmapur,15.531276,74.9972335
1270_2,1,Lakmapur,15.531276,74.9972335
1270_2,2,Dasan Koppa Cross Sd,15.521677,74.999345
1270_2,3,Sindhi Gida,15.509633000000001,75.003783
1270_2,4,Adivappvan Bavi,15.501148,75.00587150000001
1270_2,5,Hadi Basavnna Gudi,15.494327,75.00730949999999
1270_2,6,Pathra Appajan Mata,15.487404999999999,75.00912600000001
1270_2,7,Kamlapur School,15.474197,75.0114825
1270_2,8,Kamlapur,15.471343000000001,75.01154650000001
1270_2,9,Usukin Adda,15.467334000000001,75.012193
1270_2,10,Raman Gouda Haspital,15.466287,75.008106
1270_2,11,Old Sp Office Sd,15.462823,75.0038435
1270_2,12,Corporation-D,15.4603805,75.00877600000001
1270_2,13,Dwr Sd,15.45985814417835,75.0105258745456
1271,1,Chikkamalligawad,15.483912,74.9547925
1271,2,Hire Malligwad Bavi,15.4849645,74.95620600000001
1271,3,Hire Malligwad,15.484862499999998,74.9580275
1271,4,Malikarjun Gudi,15.484037,74.9601215
1271,5,Nursury,15.4826835,74.961125
1271,6,Pandu Nagar,15.479669999999999,74.96792500000001
1271,7,Halla,15.448173,75.09090675
1271,8,Patil Stop,15.475113499999999,74.980745
1271,9,Gtc,15.474909,74.9855426
1271,10,Police Head Quarters-D,15.472024000000001,74.986857
1271,11,New Bus Stand-D,15.467312963922167,74.99356261227416
1271,12,New Sp Office,15.466617930796467,74.99543122362164
1271,13,K C Park,15.46369,75.001007
1271,14,Old Sp Office,15.4628345,75.003431
1271,15,Corporation-D,15.4603805,75.00877600000001
1271,16,Cbt-D,15.4606685,75.01141700000001
1271_2,1,Dwr Sd,15.45985814417835,75.0105258745456
1271_2,2,Oswal Sd,15.459392,75.007347
1271_2,3,Old Sp Office,15.4628345,75.003431
1271_2,4,K C Park,15.46369,75.001007
1271_2,5,New Sp Office,15.466617930796467,74.99543122362164
1271_2,6,New Bus Stand-D,15.467312963922167,74.99356261227416
1271_2,7,Police Head Quarters-D,15.472024000000001,74.986857
1271_2,8,Gtc,15.474909,74.9855426
1271_2,9,Patil Stop,15.475113499999999,74.980745
1271_2,10,Halla,15.448173,75.09090675
1271_2,11,Gtc Matha,15.478204,74.971096
1271_2,12,Pandu Nagar,15.479669999999999,74.96792500000001
1271_2,13,Nursury,15.4826835,74.961125
1271_2,14,Malikarjun Gudi,15.484037,74.9601215
1271_2,15,Hire Malligwad,15.484862499999998,74.9580275
1271_2,16,Hire Malligwad Bavi,15.4849645,74.95620600000001
1271_2,17,Chikkamalligawad,15.483912,74.9547925
1272,1,Dwr Sd,15.45985814417835,75.0105258745456
1272,2,K.C.Park,15.4640293136658,74.9998129491699
1272,3,New Bustand,15.468834525301101,74.99312376583046
1272,4,Gtc,15.474909,74.9855426
1272,5,Narendra Cross Nh,15.493936,74.9684335
1272,6,K E B (Power Grid),15.499924499999999,74.9559755
1272,7,Mummigatti,15.509275500000001,74.94608600000001
1272,8,M/S D1,15.5125642364899,74.9407072796816
1272,9,Dwd Iit,15.51786134918815,74.92695241103445
1272_2,1,Dwd Iit,15.51786134918815,74.92695241103445
1272_2,2,M/S D2,15.5127292200784,74.9408084548743
1272_2,3,Mummigatti,15.509275500000001,74.94608600000001
1272_2,4,K E B (Power Grid),15.499924499999999,74.9559755
1272_2,5,Narendra Cross Nh,15.493936,74.9684335
1272_2,6,Gtc,15.474909,74.9855426
1272_2,7,New Bustand,15.468834525301101,74.99312376583046
1272_2,8,K C Park,15.46369,75.001007
1272_2,9,Dwr Sd,15.45985814417835,75.0105258745456
128,1,Raj Nagar,15.37144917,75.12815333500001
128,2,Gurudev Nagar,15.370411665,75.129690835
128,3,Old Employment Office (Vishweshwara Nagar)1,15.368805,75.13274333
128,4,Shani Dev Temple,15.37068583,75.133885835
128,5,Sub Jail,15.371469170000001,75.13425333
128,6,Adhyapak Nagar,15.371115835,75.136271665
128,7,Miskin Stop,15.37043583,75.137550835
128,8,Lion School,15.369216665,75.138855835
128,9,Vijaya Nagar,15.3676295,75.1384245
128,10,Vijaya Hotel,15.366191,75.13798249999999
128,11,Ashok Nagar,15.3653205,75.1365735
128,12,Kaveri,15.364276499999999,75.135463
128,13,Ganesh Temple/ Bridge,15.362004165,75.137006665
128,14,Rotary School,15.358081556666667,75.13616177666667
128,15,Deshpande Nagar,15.356066776666665,75.13850422333333
128,16,Court,15.35244235,75.139162625
128,17,Hubli Obs (Inside),15.3506932154367,75.13637812934971
128,18,Glass House,15.352517,75.133526
128,19,Canara Hotel,15.355167,75.130184
128,20,Hosur Corridor,15.35691,75.12888600000001
128,21,Jg Commerce College,15.3590733525212,75.12783566749385
128,22,Kmc Cross,15.360941839999999,75.126741675
128,23,Gurudatta Bhavana,15.362709,75.1258055
128,24,Arts College,15.364881666666667,75.123965
128,25,Vidya Nagar (Bvb College),15.367777499999999,75.121093
128,26,Prerana College,15.3708185,75.1183415
128,27,Unkal Cross Nh -,15.372411,75.117464
128,28,Unkal,15.3765645,75.113638
128,29,Srinagar Cross H1,15.38187,75.112856
128,30,Fci Godown,15.383718850000001,75.10864355000001
128,31,Bairidevarakoppa,15.386625,75.10593645
128,32,Darga,15.389607,75.101938
128,33,Shantinikethana,15.390966,75.098717
128,34,Apmc,15.3932425,75.0938625
128,35,Amargol Cross,15.3949125,75.0864165
128,36,Cancer Hospital,15.395116333333334,75.08425199999999
128,37,Bsr Circle,15.392511333333333,75.08153766666668
128,38,Navanagar City,15.394359,75.0790555
128_2,1,Navanagar City,15.394359,75.0790555
128_2,2,Bsr Circle,15.392511333333333,75.08153766666668
128_2,3,Cancer Hospital,15.395116333333334,75.08425199999999
128_2,4,Amargol Cross,15.3949125,75.0864165
128_2,5,Apmc Gate,15.39422,75.090884
128_2,6,Sana College,15.391110000000001,75.098792
128_2,7,Darga,15.389607,75.101938
128_2,8,Bairidevarakoppa,15.386625,75.10593645
128_2,9,Fci Godown,15.383718850000001,75.10864355000001
128_2,10,Srinagar Cross H2,15.381787,75.113218
128_2,11,Unkal,15.3765645,75.113638
128_2,12,Unkal Cross Nh,15.372741,75.117554
128_2,13,Prerana College,15.3708185,75.1183415
128_2,14,Vidya Nagar (Bvb College),15.367777499999999,75.121093
128_2,15,Arts College,15.364881666666667,75.123965
128_2,16,Gurudatta Bhavana,15.362709,75.1258055
128_2,17,Kims,15.360851499999999,75.1268595
128_2,18,Mahila Vidya Pith (Hosur Terminal),15.3570165,75.129171
128_2,19,Hosur,15.354019,75.130184
128_2,20,Obs Hbl,15.350879,75.137761
128_2,21,Court,15.35244235,75.139162625
128_2,22,Deshpande Nagar,15.356066776666665,75.13850422333333
128_2,23,Rotary School,15.358081556666667,75.13616177666667
128_2,24,Bailappanavar Nagar,15.361658,75.135269
128_2,25,Pai Hotel,15.363137,75.134859
128_2,26,Ganesh Temple/ Bridge,15.362004165,75.137006665
128_2,27,Garden,15.364202835,75.13543949999999
128_2,28,Ashok Nagar,15.3653205,75.1365735
128_2,29,Vijaya Hotel,15.366191,75.13798249999999
128_2,30,Vijaya Nagar,15.3676295,75.1384245
128_2,31,Lion School,15.369216665,75.138855835
128_2,32,Miskin Stop,15.37043583,75.137550835
128_2,33,Adhyapak Nagar,15.371115835,75.136271665
128_2,34,Sub Jail,15.371469170000001,75.13425333
128_2,35,Shani Dev Temple,15.37068583,75.133885835
128_2,36,Old Employment Office (Vishweshwara Nagar)1,15.368805,75.13274333
128_2,37,Gurudev Nagar,15.370411665,75.129690835
128_2,38,Raj Nagar,15.37144917,75.12815333500001
13,1,Gamanagatti,15.3805,75.0776575
13,2,Kariyamma Temple-H,15.382396499999999,75.078817
13,3,M M Joshi Park,15.384649,75.0796215
13,4,City Park Cross,15.3864595,75.079775
13,5,Shivanand Nagar,15.388482499999999,75.07968149999999
13,6,Karnataka Circle,15.3905505,75.0796525
13,7,Bsr Circle,15.392511333333333,75.08153766666668
13,8,Cancer Hospital,15.395116333333334,75.08425199999999
13,9,Cancer Hospital Nh,15.3961090821868,75.0841185042992
13,10,Amargol Cross,15.3949125,75.0864165
13,11,Apmc Gate,15.39422,75.090884
13,12,Apmc,15.3932425,75.0938625
13,13,Sana College,15.391110000000001,75.098792
13,14,Darga,15.389607,75.101938
13,15,Bairidevarakoppa,15.386625,75.10593645
13,16,Fci Godown,15.383718850000001,75.10864355000001
13,17,Srinagar Cross H2,15.381787,75.113218
13,18,Unkal,15.3765645,75.113638
13,19,Unkal Cross Nh,15.372741,75.117554
13,20,Prerana College,15.3708185,75.1183415
13,21,Vidya Nagar (Bvb College),15.367777499999999,75.121093
13,22,Arts College,15.364881666666667,75.123965
13,23,Kims,15.360851499999999,75.1268595
13,24,Mahila Vidya Pith (Hosur Terminal),15.3570165,75.129171
13,25,Hubli Obs (Outside),15.351252,75.13632
13,26,Corporation-H,15.3514155,75.14188899999999
13,27,Railway Station-H,15.352256816846449,75.1453905041761
13,28,Chandrakala Talkies,15.349279164999999,75.145650835
13,29,Cbt,15.3444674193908,75.14520201344315
13_2,1,Cbt,15.3444674193908,75.14520201344315
13_2,2,Chandrakala Talkies,15.349279164999999,75.145650835
13_2,3,Railway Station-H,15.352256816846449,75.1453905041761
13_2,4,Corporation-H,15.3514155,75.14188899999999
13_2,5,Hubli Obs (Inside),15.3506932154367,75.13637812934971
13_2,6,Hosur Cross,15.355021240701234,75.13037813474448
13_2,7,Hosur Corridor,15.35691,75.12888600000001
13_2,8,Jg Commerce College,15.3590733525212,75.12783566749385
13_2,9,Kmc Cross,15.360941839999999,75.126741675
13_2,10,Gurudatta Bhavana,15.362709,75.1258055
13_2,11,Arts College,15.364881666666667,75.123965
13_2,12,Vidya Nagar (Bvb College),15.367777499999999,75.121093
13_2,13,Prerana College,15.3708185,75.1183415
13_2,14,Unkal Cross Nh -,15.372411,75.117464
13_2,15,Unkal,15.3765645,75.113638
13_2,16,Srinagar Cross H1,15.38187,75.112856
13_2,17,Fci Godown,15.383718850000001,75.10864355000001
13_2,18,Bairidevarakoppa,15.386625,75.10593645
13_2,19,Darga,15.389607,75.101938
13_2,20,Shantinikethana,15.390966,75.098717
13_2,21,Apmc,15.3932425,75.0938625
13_2,22,Apmc  3Rd Gate,15.393835895632,75.0907922101425
13_2,23,Amargol Cross,15.3949125,75.0864165
13_2,24,Cancer Hospital,15.395116333333334,75.08425199999999
13_2,25,Bsr Circle,15.392511333333333,75.08153766666668
13_2,26,Karnataka Circle,15.3905505,75.0796525
13_2,27,Shivanand Nagar,15.388482499999999,75.07968149999999
13_2,28,Kariyamma Temple-H,15.382396499999999,75.078817
13_2,29,Gamanagatti,15.3805,75.0776575
130,1,Rly 3Rd Gate,15.3475670569849,75.1565223383812
130,2,Railway Station-H,15.352256816846449,75.1453905041761
130,3,Corporation-H,15.3514155,75.14188899999999
130,4,Hubli Obs (Inside),15.3506932154367,75.13637812934971
130,5,Hanuman Temple-H,15.351641,75.128945
130,6,Bannigida,15.36244125,75.132926
130,7,Quarters,15.351182,75.1220395
130,8,Rwh,15.350895000000001,75.1188075
130,9,New Bus Stand-H,15.3505045,75.116761
130_2,1,New Bus Stand-H,15.3505045,75.116761
130_2,2,Rwh,15.350895000000001,75.1188075
130_2,3,Quarters,15.351182,75.1220395
130_2,4,Bannigida,15.36244125,75.132926
130_2,5,Hanuman Temple-H,15.351641,75.128945
130_2,6,Hosur,15.354019,75.130184
130_2,7,Hubli Obs (Outside),15.351252,75.13632
130_2,8,Corporation-H,15.3514155,75.14188899999999
130_2,9,Railway Station-H,15.352256816846449,75.1453905041761
130_2,10,Rly 3Rd Gate,15.3475670569849,75.1565223383812
131,1,Rly 3Rd Gate,15.3475670569849,75.1565223383812
131,2,Railway Station-H,15.352256816846449,75.1453905041761
131,3,Corporation-H,15.3514155,75.14188899999999
131,4,Hubli Obs (Inside),15.3506932154367,75.13637812934971
131,5,Hosur Cross,15.355021240701234,75.13037813474448
131,6,Mahila Vidya Pith (Hosur Terminal),15.3570165,75.129171
131,7,Jg Commerce College,15.3590733525212,75.12783566749385
131,8,Kmc Cross,15.360941839999999,75.126741675
131,9,Arts College,15.364881666666667,75.123965
131,10,Shirur Park,15.36323175,75.12155025
131,11,Shirur Park Bridge,15.362371,75.118909
131,12,Siddeshwara Park (Shirur Park 2Nd Stage),15.361253,75.115418
131,13,Chethan College,15.360610999999999,75.111864
131,14,Akshay Colony,15.360295666666666,75.10990166666666
131,15,Lakshmi Nagar Cross,15.3598295,75.107128
131,16,Saraswathi Pura,15.359761567160401,75.10052354742669
131,17,Ramakrishna Nagar,15.359428000000001,75.09781699999999
131,18,Renuka Nagar,15.3589135,75.0953015
131,19,Gandhi Nagar/Kumar Park,15.3584245957046,75.09312259653764
131,20,Radhakrishna Nagar -H1,15.3564914193401,75.0899482553473
131_2,1,Radhakrishna Nagar -H2,15.3565139331679,75.0899435920132
131_2,2,Gandhi Nagar/Kumar Park,15.3584245957046,75.09312259653764
131_2,3,Renuka Nagar,15.3589135,75.0953015
131_2,4,Ramakrishna Nagar,15.359428000000001,75.09781699999999
131_2,5,Saraswathi Pura,15.359761567160401,75.10052354742669
131_2,6,Lakshmi Nagar Cross,15.3598295,75.107128
131_2,7,Akshay Colony,15.360295666666666,75.10990166666666
131_2,8,Chethan College,15.360610999999999,75.111864
131_2,9,Siddeshwara Park (Shirur Park 2Nd Stage),15.361253,75.115418
131_2,10,Shirur Park Bridge,15.362371,75.118909
131_2,11,Shirur Park,15.36323175,75.12155025
131_2,12,Arts College,15.364881666666667,75.123965
131_2,13,Kmc Cross,15.360941839999999,75.126741675
131_2,14,Jg Commerce College,15.3590733525212,75.12783566749385
131_2,15,Mahila Vidya Pith (Hosur Terminal),15.3570165,75.129171
131_2,16,Hosur Cross,15.355021240701234,75.13037813474448
131_2,17,Hubli Obs (Outside),15.351252,75.13632
131_2,18,Corporation-H,15.3514155,75.14188899999999
131_2,19,Railway Station-H,15.352256816846449,75.1453905041761
131_2,20,Rly 3Rd Gate,15.3475670569849,75.1565223383812
132,1,Rly 3Rd Gate,15.3475670569849,75.1565223383812
132,2,Railway Station-H,15.352256816846449,75.1453905041761
132,3,Corporation-H,15.3514155,75.14188899999999
132,4,Hubli Obs (Inside),15.3506932154367,75.13637812934971
132,5,Glass House,15.352517,75.133526
132,6,Hosur Cross,15.355021240701234,75.13037813474448
132,7,Hosur (Canara Hotel),15.35544155,75.13006884
132,8,Hosur Corridor,15.35691,75.12888600000001
132,9,Kims,15.360851499999999,75.1268595
132,10,Gurudatta Bhavana,15.362709,75.1258055
132,11,Arts College,15.364881666666667,75.123965
132,12,Vidya Nagar (Bvb College),15.367777499999999,75.121093
132,13,Prerana College,15.3708185,75.1183415
132,14,Unkal Cross Nh -,15.372411,75.117464
132,15,Unkal,15.3765645,75.113638
132,16,Srinagar Cross H1,15.38187,75.112856
132,17,Fci Godown,15.383718850000001,75.10864355000001
132,18,Bairidevarakoppa,15.386625,75.10593645
132,19,Darga,15.389607,75.101938
132,20,Shantinikethana,15.390966,75.098717
132,21,Apmc,15.3932425,75.0938625
132,22,Apmc  3Rd Gate,15.393835895632,75.0907922101425
132,23,Amargol Cross,15.3949125,75.0864165
132,24,Navanagar Corridor,15.3960601038671,75.0840843651925
132,25,Income Tax,15.399124,75.07942550000001
132,26,Rto Office,15.4009860428,75.0768215810204
132,27,K S F C,15.404317500000001,75.07099
132,28,Iskcon Temple,15.4052915,75.0688875
132,29,Rayapur,15.4060195,75.066791
132,30,K M F 1 - D2,15.409168,75.060733
132,31,Navalur Railway Station,15.4145235,75.05549149999999
132,32,Sdm Medical College,15.417109499999999,75.048833
132,33,Sattur Cross,15.417904499999999,75.04446300000001
132,34,Dental,15.418661,75.0412665
132,35,Dental Cross,15.42007155278445,75.0393727901783
132,36,Tadasinakoppa Cross,15.413162999999999,75.03226833333333
132,37,Navalur Cross,15.42720845,75.03424239
132,38,Ozone,15.430247999999999,75.0305755
132,39,Navlur K E B,15.4314745,75.027285
132,40,Lakamanahalli Corridor,15.432593,75.02541049999999
132,41,Kmf - D,15.4338825,75.0236025
132,42,Yalakki Shetter Colony,15.436132941869051,75.02176938649085
132,43,Gandhi Nagar Cross - D,15.4372,75.01961700000001
132,44,Vidya Giri,15.44013,75.017589
132,45,Suvarna Petrol Bunk,15.442373,75.015536
132,46,Modern Hall,15.444540250000001,75.01296325
132,47,Toll Naka - D,15.446940982389,75.01232067405317
132,48,Hosa Yallapur Cross,15.45037325,75.01101975
132,49,Nttf,15.4523115,75.0104
132,50,Court Circle,15.456254999999999,75.00698
132,51,Old Bus Stand Dharwad,15.459724,75.009244
132,52,Jubilee Circle,15.45894575,75.00781925
132,53,Old Sp Office,15.4628345,75.003431
132,54,K C Park,15.46369,75.001007
132,55,Mental Hospital,15.464470333333333,74.99838466666667
132,56,New Sp Office,15.466617930796467,74.99543122362164
132,57,New Bus Stand,15.469627,74.992804
132_2,1,New Bus Stand,15.469627,74.992804
132_2,2,New Sp Office,15.466617930796467,74.99543122362164
132_2,3,Mental Hospital,15.464470333333333,74.99838466666667
132_2,4,K C Park,15.46369,75.001007
132_2,5,Old Sp Office,15.4628345,75.003431
132_2,6,Corporation-D,15.4603805,75.00877600000001
132_2,7,Old Bus Stand Dharwad,15.459724,75.009244
132_2,8,Jubilee Circle,15.45894575,75.00781925
132_2,9,Court Circle,15.456254999999999,75.00698
132_2,10,Nttf,15.4523115,75.0104
132_2,11,Hosa Yallapur Cross,15.45037325,75.01101975
132_2,12,Toll Naka - D,15.446940982389,75.01232067405317
132_2,13,Modern Hall,15.444540250000001,75.01296325
132_2,14,Suvarna Petrol Bunk,15.442373,75.015536
132_2,15,Vidya Giri,15.44013,75.017589
132_2,16,Gandhi Nagar Cross - D,15.4372,75.01961700000001
132_2,17,Yalakki Shetter Colony,15.436132941869051,75.02176938649085
132_2,18,Kmf - D,15.4338825,75.0236025
132_2,19,Lakamanahalli Corridor,15.432593,75.02541049999999
132_2,20,Navlur K E B,15.4314745,75.027285
132_2,21,Ozone,15.430247999999999,75.0305755
132_2,22,Navlur Cross,15.42782197,75.0337055
132_2,23,Navalur Cross,15.42720845,75.03424239
132_2,24,Dental Cross,15.42007155278445,75.0393727901783
132_2,25,Dental,15.418661,75.0412665
132_2,26,Sattur Cross,15.417904499999999,75.04446300000001
132_2,27,Sdm Medical College,15.417109499999999,75.048833
132_2,28,Navalur Railway Station,15.4145235,75.05549149999999
132_2,29,K M F 1 - D,15.410093,75.060422
132_2,30,Rayapur,15.4060195,75.066791
132_2,31,Iskcon Temple,15.4052915,75.0688875
132_2,32,K S F C,15.404317500000001,75.07099
132_2,33,Rto Office,15.4009860428,75.0768215810204
132_2,34,Income Tax,15.399124,75.07942550000001
132_2,35,Navanagar Corridor,15.3960601038671,75.0840843651925
132_2,36,Amargol Cross,15.3949125,75.0864165
132_2,37,Apmc Gate,15.39422,75.090884
132_2,38,Apmc,15.3932425,75.0938625
132_2,39,Sana College,15.391110000000001,75.098792
132_2,40,Darga,15.389607,75.101938
132_2,41,Bairidevarakoppa,15.386625,75.10593645
132_2,42,Fci Godown,15.383718850000001,75.10864355000001
132_2,43,Srinagar Cross H2,15.381787,75.113218
132_2,44,Unkal,15.3765645,75.113638
132_2,45,Unkal Cross Nh,15.372741,75.117554
132_2,46,Prerana College,15.3708185,75.1183415
132_2,47,Vidya Nagar (Bvb College),15.367777499999999,75.121093
132_2,48,Arts College,15.364881666666667,75.123965
132_2,49,Gurudatta Bhavana,15.362709,75.1258055
132_2,50,Kims,15.360851499999999,75.1268595
132_2,51,Mahila Vidya Pith (Hosur Terminal),15.3570165,75.129171
132_2,52,Hosur,15.354019,75.130184
132_2,53,Hubli Obs (Outside),15.351252,75.13632
132_2,54,Obs Hbl,15.350879,75.137761
132_2,55,Corporation-H,15.3514155,75.14188899999999
132_2,56,Railway Station-H,15.352256816846449,75.1453905041761
132_2,57,Rly 3Rd Gate,15.3475670569849,75.1565223383812
133,1,Padmaraj Nagar,15.345073,75.106588
133,2,J P Nagar,15.3467675,75.10698450000001
133,3,J.P. Nagar Cross,15.3481345,75.106398
133,4,J.P. Nagar 2Nd Cross,15.348312499999999,75.10520700000001
133,5,Manjunatha Nagar,15.348510333333332,75.10315100000001
133,6,Manjunatha Nagar Cross,15.35160868216956,75.10187980363615
133,7,Basaveshwara Nagar Cross,15.351390666666667,75.10335466666668
133,8,Akshay Park,15.350715666666666,75.10896733333333
133,9,2Nd Gate,15.350479,75.111707
133,10,1St Gate,15.3506565,75.11479
133,11,New Bus Stand-H,15.3505045,75.116761
133,12,Rwh,15.350895000000001,75.1188075
133,13,Quarters,15.351182,75.1220395
133,14,Bannigida,15.36244125,75.132926
133,15,Hosur,15.354019,75.130184
133,16,Basava Vana (Old Bus Stand),15.352206,75.135204
133,17,Hubli Obs (Outside),15.351252,75.13632
133,18,Corporation-H,15.3514155,75.14188899999999
133,19,Railway Station-H,15.352256816846449,75.1453905041761
133,20,Chandrakala Talkies,15.349279164999999,75.145650835
133,21,Cbt,15.3444674193908,75.14520201344315
133_2,1,Cbt,15.3444674193908,75.14520201344315
133_2,2,Chandrakala Talkies,15.349279164999999,75.145650835
133_2,3,Railway Station-H,15.352256816846449,75.1453905041761
133_2,4,Corporation-H,15.3514155,75.14188899999999
133_2,5,Hubli Obs (Inside),15.3506932154367,75.13637812934971
133_2,6,Glass House,15.352517,75.133526
133_2,7,Hosur,15.354019,75.130184
133_2,8,Bannigida,15.36244125,75.132926
133_2,9,Quarters,15.351182,75.1220395
133_2,10,Rwh,15.350895000000001,75.1188075
133_2,11,New Bus Stand-H,15.3505045,75.116761
133_2,12,1St Gate,15.3506565,75.11479
133_2,13,2Nd Gate,15.350479,75.111707
133_2,14,Akshay Park,15.350715666666666,75.10896733333333
133_2,15,Basaveshwara Nagar Cross,15.351390666666667,75.10335466666668
133_2,16,Manjunatha Nagar Cross,15.35160868216956,75.10187980363615
133_2,17,Manjunatha Nagar,15.348510333333332,75.10315100000001
133_2,18,J.P. Nagar 2Nd Cross,15.348312499999999,75.10520700000001
133_2,19,J.P. Nagar Cross,15.3481345,75.106398
133_2,20,J P Nagar,15.3467675,75.10698450000001
133_2,21,Padmaraj Nagar,15.345073,75.106588
134,1,Mahila Vidya Pith (Hosur Terminal),15.3570165,75.129171
134,2,Hosur Cross,15.355021240701234,75.13037813474448
134,3,Hubli Obs (Outside),15.351252,75.13632
134,4,Kamaripet Police Station,15.344462,75.13667000000001
134,5,Koulpet,15.341852,75.13674850000001
134,6,New English School-H,15.339079869999999,75.13709849
134,7,Old Hubli Bridge,15.3370385,75.13481949999999
134,8,Karnataka Bank,15.336913,75.13322149999999
134,9,Old Hubli,15.336402,75.131203
134,10,Indi Pump,15.3368715,75.127151
134,11,Anand Nagar Cross (Girini),15.3361085636403,75.1256955382963
134,12,Siddharud Mata,15.3352215,75.120312
134,13,Siddarudh Mata Cross,15.337141335,75.11975699999999
134,14,Abhinaya Nagar,15.337499165,75.117364165
134,15,Gurunath Nagar,15.337498335,75.114461665
134,16,Fateh Shah Nagar,15.337610665,75.112273165
134,17,New Shimla Nagar-X,15.338087999999999,75.1104385
134,18,Anand Nagar Cross,15.338408165,75.10906066499999
134,19,Anand Nagar,15.3405635,75.10731100000001
134_2,1,Anand Nagar,15.3405635,75.10731100000001
134_2,2,Siddarudh Mata Cross,15.337141335,75.11975699999999
134_2,3,Indi Pump,15.3368715,75.127151
134_2,4,Old Hubli,15.336402,75.131203
134_2,5,Old Hubli Bridge,15.3370385,75.13481949999999
134_2,6,New English School-H,15.339079869999999,75.13709849
134_2,7,Koulpet,15.341852,75.13674850000001
134_2,8,Mahalaxmi Complex (Noorani Market),15.3472,75.137158
134_2,9,Hubli Obs (Inside),15.3506932154367,75.13637812934971
134_2,10,Glass House,15.352517,75.133526
134_2,11,Hosur Cross,15.355021240701234,75.13037813474448
134_2,12,Mahila Vidya Pith (Hosur Terminal),15.3570165,75.129171
139,1,Hosur Terminal,15.3570921772309,75.12880797876
139,2,Obs Sh,15.350251965647585,75.1356732192144
139,3,Noorani Market,15.3487605349152,75.13799986249865
139,4,New English School Sh,15.3386415,75.1375455
139,5,Bankapur Chouk Sh,15.335399500000001,75.1417405
139,6,Bidnal Cross Sh,15.329774,75.14363900000001
139,7,Kundagol Cross,15.295943,75.1464805
139,8,Budarsingi,15.288644000000001,75.14552900000001
139,9,Adrgunchi Cross,15.281645348047,75.14734297007577
139,10,Noolvi Cross,15.268582714285714,75.15226557142857
139,11,Serevad Cross,15.252400999999999,75.14568700000001
139,12,Pala Cross,15.2467223930866,75.1449405445195
139,13,Chabbi Cross,15.223025,75.1410215
139,14,Haralikatti 1St Cross,15.226061,75.1457695
139,15,Chabbi Siddharudha Matt,15.226652,75.1487455
139,16,Haralikatti 2Nd Cross,15.2270735,75.1522665
139,17,Chabbi Socity,15.22943,75.155862
139,18,Chabbi,15.230042000000001,75.15884199999999
139_2,1,Chabbi,15.230042000000001,75.15884199999999
139_2,2,Chabbi Socity,15.22943,75.155862
139_2,3,Haralikatti 2Nd Cross,15.2270735,75.1522665
139_2,4,Chabbi Siddharudha Matt,15.226652,75.1487455
139_2,5,Haralikatti 1St Cross,15.226061,75.1457695
139_2,6,Chabbi Cross,15.223025,75.1410215
139_2,7,Serevad Cross,15.252400999999999,75.14568700000001
139_2,8,Noolvi Cross,15.268582714285714,75.15226557142857
139_2,9,Adrgunchi Cross,15.281645348047,75.14734297007577
139_2,10,Budarsingi,15.288644000000001,75.14552900000001
139_2,11,Kundagol Cross,15.295943,75.1464805
139_2,12,Gabbur Sh,15.317306,75.1440665
139_2,13,Bidnal Cross Sh,15.329774,75.14363900000001
139_2,14,Bankapur Chouk Sh,15.335399500000001,75.1417405
139_2,15,New English School Sh,15.3386415,75.1375455
139_2,16,Noorani Market,15.3487605349152,75.13799986249865
139_2,17,Obs Sh,15.350251965647585,75.1356732192144
139_2,18,Hosur Terminal,15.3570921772309,75.12880797876
140,1,Hubli Obs (Inside),15.3506932154367,75.13637812934971
140,2,Glass House,15.352517,75.133526
140,3,M M Joshi,15.352953,75.130029
140,4,Hanuman Temple-H,15.351641,75.128945
140,5,Bannigida,15.36244125,75.132926
140,6,Quarters,15.351182,75.1220395
140,7,Rwh,15.350895000000001,75.1188075
140,8,New Bus Stand-H,15.3505045,75.116761
140_2,1,New Bus Stand-H,15.3505045,75.116761
140_2,2,Rwh,15.350895000000001,75.1188075
140_2,3,Quarters,15.351182,75.1220395
140_2,4,Bannigida,15.36244125,75.132926
140_2,5,Hanuman Temple-H,15.351641,75.128945
140_2,6,Hosur,15.354019,75.130184
140_2,7,Hubli Obs (Outside),15.351252,75.13632
141,1,New Bus Stand-H,15.3505045,75.116761
141,2,Rwh,15.350895000000001,75.1188075
141,3,Quarters,15.351182,75.1220395
141,4,Bannigida,15.36244125,75.132926
141,5,Hanuman Temple-H,15.351641,75.128945
141,6,Hosur,15.354019,75.130184
141,7,Hubli Obs (Outside),15.351252,75.13632
141,8,Corporation-H,15.3514155,75.14188899999999
141,9,Railway Station-H,15.352256816846449,75.1453905041761
141,10,Cbt,15.3444674193908,75.14520201344315
141_2,1,Cbt,15.3444674193908,75.14520201344315
141_2,2,Railway Station-H,15.352256816846449,75.1453905041761
141_2,3,Corporation-H,15.3514155,75.14188899999999
141_2,4,Hubli Obs (Inside),15.3506932154367,75.13637812934971
141_2,5,Glass House,15.352517,75.133526
141_2,6,M M Joshi,15.352953,75.130029
141_2,7,Hanuman Temple-H,15.351641,75.128945
141_2,8,Bannigida,15.36244125,75.132926
141_2,9,Quarters,15.351182,75.1220395
141_2,10,Rwh,15.350895000000001,75.1188075
141_2,11,New Bus Stand-H,15.3505045,75.116761
1467,1,Dharwad,15.4607479497117,75.01177835951
1467,2,Shivaji Circle,15.46469075,75.01383675
1467,3,Depot Circle Sd,15.467825999999999,75.01767050000001
1467,4,Mahanta Nagar,15.4724305,75.019305
1467,5,Kavalgeri Cross,15.476219,75.0210295
1467,6,Kavalgeri Mile Stone,15.476318500000001,75.0248325
1467,7,Harni Bore,15.4840385,75.0481255
1467,8,Gudusala,15.488012000000001,75.05354750000001
1467,9,Kavalgeri Halla,15.490221,75.057636
1467,10,Shettar Bangla 1St Stop,15.495089,75.0640435
1467,11,Shettar Bangla 2Nd Stop,15.497028499999999,75.0681675
1467,12,Kavalgeri,15.498726999999999,75.0738195
1467,13,Chandanmatti,15.5090845,75.0935345
1467,14,Ashram,15.509141,75.100258
1467,15,Kankur Govt School,15.5085735,75.1024265
1467_2,1,Kankur Govt School,15.5085735,75.1024265
1467_2,2,Ashram,15.509141,75.100258
1467_2,3,Chandanmatti,15.5090845,75.0935345
1467_2,4,Kavalgeri,15.498726999999999,75.0738195
1467_2,5,Shettar Bangla 2Nd Stop,15.497028499999999,75.0681675
1467_2,6,Shettar Bangla 1St Stop,15.495089,75.0640435
1467_2,7,Kavalgeri Halla,15.490221,75.057636
1467_2,8,Gudusala,15.488012000000001,75.05354750000001
1467_2,9,Harni Bore,15.4840385,75.0481255
1467_2,10,Kavalgeri Mile Stone,15.476318500000001,75.0248325
1467_2,11,Kavalgeri Cross,15.476219,75.0210295
1467_2,12,Mahanta Nagar,15.4724305,75.019305
1467_2,13,Murga Matha Sd,15.4702005,75.0183395
1467_2,14,Depot Circle Sd,15.467825999999999,75.01767050000001
1467_2,15,Shivaji Circle Sd,15.464889,75.014115
1467_2,16,Raman Gouda Haspital,15.466287,75.008106
1467_2,17,Old Sp Office,15.4628345,75.003431
1467_2,18,Corporation-D,15.4603805,75.00877600000001
1467_2,19,Cbt-D,15.4606685,75.01141700000001
147,1,Mahila Vidya Pith (Hosur Terminal),15.3570165,75.129171
147,2,Hosur Cross,15.355021240701234,75.13037813474448
147,3,Hubli Obs (Outside),15.351252,75.13632
147,4,Court,15.35244235,75.139162625
147,5,Desai Cross,15.354598500000002,75.1415005
147,6,Keshwapur,15.3592285,75.1462065
147,7,Azad Colony,15.362189,75.148558
147,8,Ramesh Bhavan,15.364672013333333,75.14898840666666
147,9,Shandilya Ashram,15.36476136,75.146370255
147,10,Dhayanad Colony,15.3647655,75.145766
147,11,Duff And Dumb School,15.364392500000001,75.1431825
147,12,Durga Bekary,15.3632975,75.1416725
147,13,Bhavani Nagar Cross,15.362702500000001,75.14077194000001
147,14,Bhavani Nagar,15.361112134999999,75.14092931
147_2,1,Bhavani Nagar,15.361112134999999,75.14092931
147_2,2,Bhavani Nagar Cross,15.362702500000001,75.14077194000001
147_2,3,Durga Bekary,15.3632975,75.1416725
147_2,4,Duff And Dumb School,15.364392500000001,75.1431825
147_2,5,Dhayanad Colony,15.3647655,75.145766
147_2,6,Shandilya Ashram,15.36476136,75.146370255
147_2,7,Ramesh Bhavan,15.364672013333333,75.14898840666666
147_2,8,Azad Colony,15.362189,75.148558
147_2,9,Keshwapur,15.3592285,75.1462065
147_2,10,Desai Cross,15.354598500000002,75.1415005
147_2,11,Court,15.35244235,75.139162625
147_2,12,Hubli Obs (Inside),15.3506932154367,75.13637812934971
147_2,13,Hosur Cross,15.355021240701234,75.13037813474448
147_2,14,Mahila Vidya Pith (Hosur Terminal),15.3570165,75.129171
149,1,Cbt,15.3444674193908,75.14520201344315
149,2,Chandrakala Talkies,15.349279164999999,75.145650835
149,3,Railway Station-H,15.352256816846449,75.1453905041761
149,4,Corporation-H,15.3514155,75.14188899999999
149,5,Hubli Obs (Inside),15.3506932154367,75.13637812934971
149,6,Glass House,15.352517,75.133526
149,7,Hosur Cross,15.355021240701234,75.13037813474448
149,8,Hosur Corridor,15.35691,75.12888600000001
149,9,Jg Commerce College,15.3590733525212,75.12783566749385
149,10,Kmc Cross,15.360941839999999,75.126741675
149,11,Gurudatta Bhavana,15.362709,75.1258055
149,12,Arts College,15.364881666666667,75.123965
149,13,Vidya Nagar (Bvb College),15.367777499999999,75.121093
149,14,Prerana College,15.3708185,75.1183415
149,15,Unkal Cross Nh -,15.372411,75.117464
149,16,Unkal,15.3765645,75.113638
149,17,Srinagar Cross H1,15.38187,75.112856
149,18,Fci Godown,15.383718850000001,75.10864355000001
149,19,Bairidevarakoppa,15.386625,75.10593645
149,20,Darga,15.389607,75.101938
149,21,Shantinikethana,15.390966,75.098717
149,22,Apmc,15.3932425,75.0938625
149,23,Apmc  3Rd Gate,15.393835895632,75.0907922101425
149,24,Amargol Cross,15.3949125,75.0864165
149,25,Cancer Hospital Nh,15.3961090821868,75.0841185042992
149,26,Income Tax,15.399124,75.07942550000001
149,27,Rto Office,15.4009860428,75.0768215810204
149,28,Nandhi Layout,15.405498,75.078482
149,29,Kannayya Apartment,15.4026175,75.08328850000001
149,30,Judge Quartz Cross,15.4022325,75.0844845
149,31,Police Chouki,15.404879999999999,75.08364800000001
149,32,Judge Quartz,15.406842000000001,75.0839965
149,33,Amargol K H B Colony,15.411347,75.083655
149_2,1,Amargol K H B Colony,15.411347,75.083655
149_2,2,Judge Quartz,15.406842000000001,75.0839965
149_2,3,Police Chouki,15.404879999999999,75.08364800000001
149_2,4,Judge Quartz Cross,15.4022325,75.0844845
149_2,5,Kannayya Apartment,15.4026175,75.08328850000001
149_2,6,Nandhi Layout,15.405498,75.078482
149_2,7,Rto Office,15.4009860428,75.0768215810204
149_2,8,Income Tax,15.399124,75.07942550000001
149_2,9,Cancer Hospital Nh,15.3961090821868,75.0841185042992
149_2,10,Amargol Cross,15.3949125,75.0864165
149_2,11,Apmc Gate,15.39422,75.090884
149_2,12,Apmc,15.3932425,75.0938625
149_2,13,Sana College,15.391110000000001,75.098792
149_2,14,Darga,15.389607,75.101938
149_2,15,Bairidevarakoppa,15.386625,75.10593645
149_2,16,Fci Godown,15.383718850000001,75.10864355000001
149_2,17,Srinagar Cross H2,15.381787,75.113218
149_2,18,Unkal,15.3765645,75.113638
149_2,19,Unkal Cross Nh,15.372741,75.117554
149_2,20,Prerana College,15.3708185,75.1183415
149_2,21,Vidya Nagar (Bvb College),15.367777499999999,75.121093
149_2,22,Arts College,15.364881666666667,75.123965
149_2,23,Gurudatta Bhavana,15.362709,75.1258055
149_2,24,Kims,15.360851499999999,75.1268595
149_2,25,Mahila Vidya Pith (Hosur Terminal),15.3570165,75.129171
149_2,26,Hosur Cross,15.355021240701234,75.13037813474448
149_2,27,Hubli Obs (Outside),15.351252,75.13632
149_2,28,Corporation-H,15.3514155,75.14188899999999
149_2,29,Railway Station-H,15.352256816846449,75.1453905041761
149_2,30,Chandrakala Talkies,15.349279164999999,75.145650835
149_2,31,Ganesh Pet,15.34613833,75.14559333
149_2,32,Cbt,15.3444674193908,75.14520201344315
152,1,Pearl Layout,15.3709595330513,75.15927873794585
152,2,Mid Max Cross,15.370602,75.15826000000001
152,3,Shabari Nagar,15.367995,75.158729
152,4,Hdmc Zonal Office,15.366343,75.1571405
152,5,Madhura Colony Cross,15.364459,75.1573595
152,6,Banni Mahakali Temple,15.3632755,75.1551765
152,7,Traffic Police Station,15.3621825,75.1524765
152,8,Sbi Divisional Office,15.361267,75.15020849999999
152,9,Keshwapur,15.3592285,75.1462065
152,10,Desai Cross,15.354598500000002,75.1415005
152,11,Court,15.35244235,75.139162625
152,12,Corporation-H,15.3514155,75.14188899999999
152,13,Railway Station-H,15.352256816846449,75.1453905041761
152,14,Chandrakala Talkies,15.349279164999999,75.145650835
152,15,Ganesh Pet,15.34613833,75.14559333
152,16,Cbt,15.3444674193908,75.14520201344315
152_2,1,Cbt,15.3444674193908,75.14520201344315
152_2,2,Chandrakala Talkies,15.349279164999999,75.145650835
152_2,3,Railway Station-H,15.352256816846449,75.1453905041761
152_2,4,Corporation-H,15.3514155,75.14188899999999
152_2,5,Court,15.35244235,75.139162625
152_2,6,Desai Cross,15.354598500000002,75.1415005
152_2,7,Keshwapur,15.3592285,75.1462065
152_2,8,Traffic Police Station,15.3621825,75.1524765
152_2,9,Banni Mahakali Temple,15.3632755,75.1551765
152_2,10,Madhura Colony Cross,15.364459,75.1573595
152_2,11,Hdmc Zonal Office,15.366343,75.1571405
152_2,12,Shabari Nagar,15.367995,75.158729
152_2,13,Mid Max Cross,15.370602,75.15826000000001
152_2,14,Pearl Layout,15.3709595330513,75.15927873794585
153,1,Hubli Obs (Outside),15.351252,75.13632
153,2,Court,15.35244235,75.139162625
153,3,Desai Cross,15.354598500000002,75.1415005
153,4,Keshwapur,15.3592285,75.1462065
153,5,Traffic Police Station,15.3621825,75.1524765
153,6,Banni Mahakali Temple,15.3632755,75.1551765
153,7,Madhura Colony Cross,15.364459,75.1573595
153,8,Hdmc Zonal Office,15.366343,75.1571405
153,9,Shabari Nagar,15.367995,75.158729
153,10,Mid Max Cross,15.370602,75.15826000000001
153,11,Pearl Layout,15.3709595330513,75.15927873794585
153_2,1,Pearl Layout,15.3709595330513,75.15927873794585
153_2,2,Mid Max Cross,15.370602,75.15826000000001
153_2,3,Shabari Nagar,15.367995,75.158729
153_2,4,Hdmc Zonal Office,15.366343,75.1571405
153_2,5,Madhura Colony Cross,15.364459,75.1573595
153_2,6,Banni Mahakali Temple,15.3632755,75.1551765
153_2,7,Traffic Police Station,15.3621825,75.1524765
153_2,8,Sbi Divisional Office,15.361267,75.15020849999999
153_2,9,Keshwapur,15.3592285,75.1462065
153_2,10,Desai Cross,15.354598500000002,75.1415005
153_2,11,Court,15.35244235,75.139162625
153_2,12,Hubli Obs (Inside),15.3506932154367,75.13637812934971
156,1,Mahila Vidya Pith (Hosur Terminal),15.3570165,75.129171
156,2,Hosur Cross,15.355021240701234,75.13037813474448
156,3,Hubli Obs (Outside),15.351252,75.13632
156,4,Court,15.35244235,75.139162625
156,5,Deshpande Nagar,15.356066776666665,75.13850422333333
156,6,Rotary School,15.358081556666667,75.13616177666667
156,7,Bailappanavar Nagar,15.361658,75.135269
156,8,Pai Hotel,15.363137,75.134859
156,9,Ganesh Temple/ Bridge,15.362004165,75.137006665
156,10,Kaveri,15.364276499999999,75.135463
156,11,Ashok Nagar,15.3653205,75.1365735
156,12,Vijaya Hotel,15.366191,75.13798249999999
156,13,Thirupathi Bajar,15.367727,75.13838999999999
156,14,Kempannavar Hall,15.3678055,75.13950750000001
156,15,Hostel-H,15.3701655825,75.1336789175
156,16,Sadhana Apartment,15.370549,75.141464
156,17,Rajaji Nagar,15.371763999999999,75.1414085
156,18,Bannigida,15.36244125,75.132926
156,19,Devang Pet,15.374724,75.1402195
156_2,1,Devang Pet,15.374724,75.1402195
156_2,2,Bannigida,15.36244125,75.132926
156_2,3,Rajaji Nagar,15.371763999999999,75.1414085
156_2,4,Hostel-H,15.3701655825,75.1336789175
156_2,5,Kempannavar Hall,15.3678055,75.13950750000001
156_2,6,Thirupathi Bajar,15.367727,75.13838999999999
156_2,7,Vijaya Hotel,15.366191,75.13798249999999
156_2,8,Ashok Nagar,15.3653205,75.1365735
156_2,9,Kaveri,15.364276499999999,75.135463
156_2,10,Ganesh Temple/ Bridge,15.362004165,75.137006665
156_2,11,Rotary School,15.358081556666667,75.13616177666667
156_2,12,Deshpande Nagar,15.356066776666665,75.13850422333333
156_2,13,Court,15.35244235,75.139162625
156_2,14,Hubli Obs (Inside),15.3506932154367,75.13637812934971
156_2,15,Hosur Cross,15.355021240701234,75.13037813474448
156_2,16,Mahila Vidya Pith (Hosur Terminal),15.3570165,75.129171
157,1,Devang Pet,15.374724,75.1402195
157,2,Bannigida,15.36244125,75.132926
157,3,Rajaji Nagar,15.371763999999999,75.1414085
157,4,Hostel-H,15.3701655825,75.1336789175
157,5,Kempannavar Hall,15.3678055,75.13950750000001
157,6,Thirupathi Bajar,15.367727,75.13838999999999
157,7,Vijaya Hotel,15.366191,75.13798249999999
157,8,Ashok Nagar,15.3653205,75.1365735
157,9,Kaveri,15.364276499999999,75.135463
157,10,Ganesh Temple/ Bridge,15.362004165,75.137006665
157,11,Rotary School,15.358081556666667,75.13616177666667
157,12,Deshpande Nagar,15.356066776666665,75.13850422333333
157,13,Court,15.35244235,75.139162625
157,14,Hubli Obs (Inside),15.3506932154367,75.13637812934971
157_2,1,Hubli Obs (Inside),15.3506932154367,75.13637812934971
157_2,2,Court,15.35244235,75.139162625
157_2,3,Deshpande Nagar,15.356066776666665,75.13850422333333
157_2,4,Rotary School,15.358081556666667,75.13616177666667
157_2,5,Bailappanavar Nagar,15.361658,75.135269
157_2,6,Pai Hotel,15.363137,75.134859
157_2,7,Ganesh Temple/ Bridge,15.362004165,75.137006665
157_2,8,Kaveri,15.364276499999999,75.135463
157_2,9,Ashok Nagar,15.3653205,75.1365735
157_2,10,Vijaya Hotel,15.366191,75.13798249999999
157_2,11,Thirupathi Bajar,15.367727,75.13838999999999
157_2,12,Kempannavar Hall,15.3678055,75.13950750000001
157_2,13,Hostel-H,15.3701655825,75.1336789175
157_2,14,Sadhana Apartment,15.370549,75.141464
157_2,15,Rajaji Nagar,15.371763999999999,75.1414085
157_2,16,Bannigida,15.36244125,75.132926
157_2,17,Devang Pet,15.374724,75.1402195
16,1,Gopanakoppa,15.374813900923051,75.1441600174851
16,2,Venkatesh Colony,15.371976,75.144353
16,3,Bengeri,15.3698425,75.14568
16,4,Soda Factory,15.3681885,75.1480565
16,5,Shanti Nagar,15.36862475,75.15065625
16,6,Ramesh Bhavan,15.364672013333333,75.14898840666666
16,7,Azad Colony,15.362189,75.148558
16,8,Keshwapur,15.3592285,75.1462065
16,9,Desai Cross,15.354598500000002,75.1415005
16,10,Court,15.35244235,75.139162625
16,11,Corporation-H,15.3514155,75.14188899999999
16,12,Railway Station-H,15.352256816846449,75.1453905041761
16,13,Chandrakala Talkies,15.349279164999999,75.145650835
16,14,Ganesh Pet,15.34613833,75.14559333
16,15,Cbt,15.3444674193908,75.14520201344315
16_2,1,Cbt,15.3444674193908,75.14520201344315
16_2,2,Chandrakala Talkies,15.349279164999999,75.145650835
16_2,3,Railway Station-H,15.352256816846449,75.1453905041761
16_2,4,Corporation-H,15.3514155,75.14188899999999
16_2,5,Court,15.35244235,75.139162625
16_2,6,Desai Cross,15.354598500000002,75.1415005
16_2,7,Keshwapur,15.3592285,75.1462065
16_2,8,Azad Colony,15.362189,75.148558
16_2,9,Ramesh Bhavan,15.364672013333333,75.14898840666666
16_2,10,Shanti Nagar,15.36862475,75.15065625
16_2,11,Soda Factory,15.3681885,75.1480565
16_2,12,Bengeri,15.3698425,75.14568
16_2,13,Venkatesh Colony,15.371976,75.144353
16_2,14,Gopanakoppa,15.374813900923051,75.1441600174851
165,1,Gabbur,15.317556204999999,75.14400198999999
165,2,Bidnal Cross,15.3290369325,75.14660269
165,3,Bankapur Chowk,15.335373115,75.14170128500001
165,4,New English School-H,15.339079869999999,75.13709849
165,5,Koulpet,15.341852,75.13674850000001
165,6,Kamaripet Police Station,15.344462,75.13667000000001
165,7,Kabristan,15.344549210818052,75.13387685123209
165,8,Church,15.348363,75.136425
165,9,Hubli Obs (Inside),15.3506932154367,75.13637812934971
165,10,Glass House,15.352517,75.133526
165,11,Canara Hotel,15.355167,75.130184
165,12,Hosur Corridor,15.35691,75.12888600000001
165,13,Jg Commerce College,15.3590733525212,75.12783566749385
165,14,Kims,15.360851499999999,75.1268595
165,15,Kmc Hostel,15.361653,75.128371
165,16,Kmc,15.361930349652999,75.13062759389733
165_2,1,Kmc,15.361930349652999,75.13062759389733
165_2,2,Kmc Cross,15.360941839999999,75.126741675
165_2,3,Hosur Corridor,15.35691,75.12888600000001
165_2,4,Hosur,15.354019,75.130184
165_2,5,Basava Vana (Old Bus Stand),15.352206,75.135204
165_2,6,Mahalaxmi Complex (Noorani Market),15.3472,75.137158
165_2,7,Kamaripet Police Station,15.344462,75.13667000000001
165_2,8,Koulpet,15.341852,75.13674850000001
165_2,9,New English School-H,15.339079869999999,75.13709849
165_2,10,Bankapur Chowk,15.335373115,75.14170128500001
165_2,11,Bidnal Cross,15.3290369325,75.14660269
165_2,12,Gabbur,15.317556204999999,75.14400198999999
166,1,Kmc,15.361930349652999,75.13062759389733
166,2,Kmc Cross,15.360941839999999,75.126741675
166,3,Hosur Corridor,15.35691,75.12888600000001
166,4,Hosur,15.354019,75.130184
166,5,Basava Vana (Old Bus Stand),15.352206,75.135204
166,6,Mahalaxmi Complex (Noorani Market),15.3472,75.137158
166,7,Kamaripet Police Station,15.344462,75.13667000000001
166,8,Koulpet,15.341852,75.13674850000001
166,9,New English School-H,15.339079869999999,75.13709849
166,10,Bankapur Chowk,15.335373115,75.14170128500001
166,11,Bidnal Cross,15.3290369325,75.14660269
166,12,Gabbur,15.317556204999999,75.14400198999999
166,13,Gabbur Villege,15.316568695564,75.1458086511293
166_2,1,Gabbur Villege,15.316568695564,75.1458086511293
166_2,2,Gabbur,15.317556204999999,75.14400198999999
166_2,3,Bidnal Cross,15.3290369325,75.14660269
166_2,4,Bankapur Chowk,15.335373115,75.14170128500001
166_2,5,New English School-H,15.339079869999999,75.13709849
166_2,6,Koulpet,15.341852,75.13674850000001
166_2,7,Kamaripet Police Station,15.344462,75.13667000000001
166_2,8,Kabristan,15.344549210818052,75.13387685123209
166_2,9,Church,15.348363,75.136425
166_2,10,Hubli Obs (Inside),15.3506932154367,75.13637812934971
166_2,11,Glass House,15.352517,75.133526
166_2,12,Canara Hotel,15.355167,75.130184
166_2,13,Hosur Corridor,15.35691,75.12888600000001
166_2,14,Jg Commerce College,15.3590733525212,75.12783566749385
166_2,15,Kims,15.360851499999999,75.1268595
166_2,16,Kmc Hostel,15.361653,75.128371
166_2,17,Kmc,15.361930349652999,75.13062759389733
167,1,Raj Nagar,15.37144917,75.12815333500001
167,2,Gurudev Nagar,15.370411665,75.129690835
167,3,Adhyapak Nagar,15.371115835,75.136271665
167,4,Miskin Stop,15.37043583,75.137550835
167,5,Lion School,15.369216665,75.138855835
167,6,Vijaya Nagar,15.3676295,75.1384245
167,7,Ashok Nagar,15.3653205,75.1365735
167,8,Ganesh Temple/ Bridge,15.362004165,75.137006665
167,9,Rotary School,15.358081556666667,75.13616177666667
167,10,Deshpande Nagar,15.356066776666665,75.13850422333333
167,11,Court,15.35244235,75.139162625
167,12,Hubli Obs (Inside),15.3506932154367,75.13637812934971
167,13,Glass House,15.352517,75.133526
167,14,Hosur Cross,15.355021240701234,75.13037813474448
167,15,Mahila Vidya Pith (Hosur Terminal),15.3570165,75.129171
167,16,Jg Commerce College,15.3590733525212,75.12783566749385
167,17,Kims,15.360851499999999,75.1268595
167,18,Gurudatta Bhavana,15.362709,75.1258055
167,19,Arts College,15.364881666666667,75.123965
167,20,Vidya Nagar (Bvb College),15.367777499999999,75.121093
167,21,Prerana College,15.3708185,75.1183415
167,22,Unkal Cross Nh -,15.372411,75.117464
167,23,Unkal,15.3765645,75.113638
167,24,Srinagar Cross H1,15.38187,75.112856
167,25,Fci Godown,15.383718850000001,75.10864355000001
167,26,Bairidevarakoppa,15.386625,75.10593645
167,27,Darga,15.389607,75.101938
167,28,Sana College,15.391110000000001,75.098792
167,29,Apmc,15.3932425,75.0938625
167,30,Amargol Cross,15.3949125,75.0864165
167,31,Navanagar Corridor,15.3960601038671,75.0840843651925
167,32,Income Tax,15.399124,75.07942550000001
167,33,Rto Office,15.4009860428,75.0768215810204
167,34,K S F C,15.404317500000001,75.07099
167,35,Iskcon Temple,15.4052915,75.0688875
167,36,Rayapur,15.4060195,75.066791
167,37,K M F 1 - D2,15.409168,75.060733
167,38,Navalur Railway Station,15.4145235,75.05549149999999
167,39,Sdm Medical College,15.417109499999999,75.048833
167,40,Sattur Cross,15.417904499999999,75.04446300000001
167,41,Dental,15.418661,75.0412665
167,42,Dental Cross,15.42007155278445,75.0393727901783
167,43,Navalur Cross,15.42720845,75.03424239
167,44,Navlur,15.428914500000001,75.0415075
167,45,Ozone,15.430247999999999,75.0305755
167,46,Navlur K E B,15.4314745,75.027285
167,47,Lakamanahalli Corridor,15.432593,75.02541049999999
167,48,Kmf - D,15.4338825,75.0236025
167,49,Yalakki Shetter Colony,15.436132941869051,75.02176938649085
167,50,Gandhi Nagar Cross - D,15.4372,75.01961700000001
167,51,Vidya Giri,15.44013,75.017589
167,52,Suvarna Petrol Bunk,15.442373,75.015536
167,53,Modern Hall,15.444540250000001,75.01296325
167,54,Toll Naka - D,15.446940982389,75.01232067405317
167,55,Hosa Yallapur Cross,15.45037325,75.01101975
167,56,Nttf,15.4523115,75.0104
167,57,Court Circle,15.456254999999999,75.00698
167,58,Dc Office,15.4512125,75.003258
167_2,1,Dc Office,15.4512125,75.003258
167_2,2,Court Circle,15.456254999999999,75.00698
167_2,3,Nttf,15.4523115,75.0104
167_2,4,Hosa Yallapur Cross,15.45037325,75.01101975
167_2,5,Toll Naka - D,15.446940982389,75.01232067405317
167_2,6,Modern Hall,15.444540250000001,75.01296325
167_2,7,Suvarna Petrol Bunk,15.442373,75.015536
167_2,8,Vidya Giri,15.44013,75.017589
167_2,9,Gandhi Nagar Cross - D,15.4372,75.01961700000001
167_2,10,Yalakki Shetter Colony,15.436132941869051,75.02176938649085
167_2,11,Kmf - D,15.4338825,75.0236025
167_2,12,Lakamanahalli Corridor,15.432593,75.02541049999999
167_2,13,Navlur K E B,15.4314745,75.027285
167_2,14,Ozone,15.430247999999999,75.0305755
167_2,15,Navlur,15.428914500000001,75.0415075
167_2,16,Navalur Cross,15.42720845,75.03424239
167_2,17,Dental Cross,15.42007155278445,75.0393727901783
167_2,18,Dental,15.418661,75.0412665
167_2,19,Sattur Cross,15.417904499999999,75.04446300000001
167_2,20,Sdm Medical College,15.417109499999999,75.048833
167_2,21,Navalur Railway Station,15.4145235,75.05549149999999
167_2,22,K M F 1 - D,15.410093,75.060422
167_2,23,Rayapur,15.4060195,75.066791
167_2,24,Iskcon Temple,15.4052915,75.0688875
167_2,25,K S F C,15.404317500000001,75.07099
167_2,26,Rto Office,15.4009860428,75.0768215810204
167_2,27,Income Tax,15.399124,75.07942550000001
167_2,28,Navanagar Corridor,15.3960601038671,75.0840843651925
167_2,29,Amargol Cross,15.3949125,75.0864165
167_2,30,Apmc Gate,15.39422,75.090884
167_2,31,Apmc,15.3932425,75.0938625
167_2,32,Sana College,15.391110000000001,75.098792
167_2,33,Darga,15.389607,75.101938
167_2,34,Bairidevarakoppa,15.386625,75.10593645
167_2,35,Fci Godown,15.383718850000001,75.10864355000001
167_2,36,Srinagar Cross H2,15.381787,75.113218
167_2,37,Unkal,15.3765645,75.113638
167_2,38,Unkal Cross Nh,15.372741,75.117554
167_2,39,Prerana College,15.3708185,75.1183415
167_2,40,Vidya Nagar (Bvb College),15.367777499999999,75.121093
167_2,41,Arts College,15.364881666666667,75.123965
167_2,42,Gurudatta Bhavana,15.362709,75.1258055
167_2,43,Kims,15.360851499999999,75.1268595
167_2,44,Mahila Vidya Pith (Hosur Terminal),15.3570165,75.129171
167_2,45,Hosur,15.354019,75.130184
167_2,46,Hubli Obs (Outside),15.351252,75.13632
167_2,47,Court,15.35244235,75.139162625
167_2,48,Deshpande Nagar,15.356066776666665,75.13850422333333
167_2,49,Rotary School,15.358081556666667,75.13616177666667
167_2,50,Bailappanavar Nagar,15.361658,75.135269
167_2,51,Pai Hotel,15.363137,75.134859
167_2,52,Ganesh Temple/ Bridge,15.362004165,75.137006665
167_2,53,Garden,15.364202835,75.13543949999999
167_2,54,Ashok Nagar,15.3653205,75.1365735
167_2,55,Vijaya Hotel,15.366191,75.13798249999999
167_2,56,Vijaya Nagar,15.3676295,75.1384245
167_2,57,Lion School,15.369216665,75.138855835
167_2,58,Miskin Stop,15.37043583,75.137550835
167_2,59,Adhyapak Nagar,15.371115835,75.136271665
167_2,60,Sub Jail,15.371469170000001,75.13425333
167_2,61,Shani Dev Temple,15.37068583,75.133885835
167_2,62,Old Employment Office (Vishweshwara Nagar)1,15.368805,75.13274333
167_2,63,Gurudev Nagar,15.370411665,75.129690835
167_2,64,Raj Nagar,15.37144917,75.12815333500001
169,1,Cbt,15.3444674193908,75.14520201344315
169,2,Chandrakala Talkies,15.349279164999999,75.145650835
169,3,Railway Station-H,15.352256816846449,75.1453905041761
169,4,Corporation-H,15.3514155,75.14188899999999
169,5,Hubli Obs (Inside),15.3506932154367,75.13637812934971
169,6,Glass House,15.352517,75.133526
169,7,Hosur,15.354019,75.130184
169,8,Bannigida,15.36244125,75.132926
169,9,Quarters,15.351182,75.1220395
169,10,Rwh,15.350895000000001,75.1188075
169,11,New Bus Stand-H,15.3505045,75.116761
169,12,1St Gate,15.3506565,75.11479
169,13,2Nd Gate,15.350479,75.111707
169,14,Akshay Park,15.350715666666666,75.10896733333333
169,15,Basaveshwara Nagar Cross,15.351390666666667,75.10335466666668
169,16,Manjunatha Nagar Cross,15.35160868216956,75.10187980363615
169,17,Silver Town Cross,15.351900535129566,75.09951371402751
169,18,Neharu Nagar Water Tank,15.352369666666666,75.097318
169,19,Arjun Vihar Cross,15.352898,75.09515475
169,20,Kec,15.354208845640276,75.09142434264085
169,21,B D K,15.3551535,75.08834350000001
169,22,Airport,15.35598472333832,75.08580822603624
169,23,K L E College,15.3545415,75.0830885
169,24,Gokul Cross,15.354122,75.079631
169,25,Anjaneya Nagar,15.353205500000001,75.07979950000001
169,26,Gokul,15.351278,75.08083049999999
169,27,Nanda Gokul,15.3489445,75.07912400000001
169,28,Nanda Gokula 1St Stop,15.348095,75.077884
169,29,Banjara Colony Cross,15.347639000000001,75.07253
169,30,Banjara Colony,15.350733,75.0709415
169,31,Jagadish Nagar Cross,15.3559365,75.0574705
169,32,Jagadeesh Nagar-1,15.3563966955825,75.0616151857146
169_2,1,Jagadeesh Nagar-2,15.3562885853709,75.061581086672
169_2,2,Jagadish Nagar Cross,15.3559365,75.0574705
169_2,3,Banjara Colony,15.350733,75.0709415
169_2,4,Banjara Colony Cross,15.347639000000001,75.07253
169_2,5,Nanda Gokula 1St Stop,15.348095,75.077884
169_2,6,Nanda Gokul,15.3489445,75.07912400000001
169_2,7,Gokul,15.351278,75.08083049999999
169_2,8,Anjaneya Nagar,15.353205500000001,75.07979950000001
169_2,9,Gokul Cross,15.354122,75.079631
169_2,10,K L E College,15.3545415,75.0830885
169_2,11,Airport,15.35598472333832,75.08580822603624
169_2,12,B D K,15.3551535,75.08834350000001
169_2,13,Kec,15.354208845640276,75.09142434264085
169_2,14,Arjun Vihar Cross,15.352898,75.09515475
169_2,15,Neharu Nagar Water Tank,15.352369666666666,75.097318
169_2,16,Silver Town Cross,15.351900535129566,75.09951371402751
169_2,17,Manjunatha Nagar Cross,15.35160868216956,75.10187980363615
169_2,18,Basaveshwara Nagar Cross,15.351390666666667,75.10335466666668
169_2,19,Akshay Park,15.350715666666666,75.10896733333333
169_2,20,2Nd Gate,15.350479,75.111707
169_2,21,1St Gate,15.3506565,75.11479
169_2,22,New Bus Stand-H,15.3505045,75.116761
169_2,23,Rwh,15.350895000000001,75.1188075
169_2,24,Quarters,15.351182,75.1220395
169_2,25,Bannigida,15.36244125,75.132926
169_2,26,Hosur,15.354019,75.130184
169_2,27,Hubli Obs (Outside),15.351252,75.13632
169_2,28,Corporation-H,15.3514155,75.14188899999999
169_2,29,Railway Station-H,15.352256816846449,75.1453905041761
169_2,30,Chandrakala Talkies,15.349279164999999,75.145650835
169_2,31,Cbt,15.3444674193908,75.14520201344315
171,1,Gamanagatti,15.3805,75.0776575
171,2,Kariyamma Temple-H,15.382396499999999,75.078817
171,3,M M Joshi Park,15.384649,75.0796215
171,4,City Park Cross,15.3864595,75.079775
171,5,Shivanand Nagar,15.388482499999999,75.07968149999999
171,6,Karnataka Circle,15.3905505,75.0796525
171,7,Bsr Circle,15.392511333333333,75.08153766666668
171,8,Cancer Hospital,15.395116333333334,75.08425199999999
171,9,Cancer Hospital Nh,15.3961090821868,75.0841185042992
171,10,Amargol Cross,15.3949125,75.0864165
171,11,Apmc Gate,15.39422,75.090884
171,12,Apmc,15.3932425,75.0938625
171,13,Sana College,15.391110000000001,75.098792
171,14,Darga,15.389607,75.101938
171,15,Bairidevarakoppa,15.386625,75.10593645
171,16,Fci Godown,15.383718850000001,75.10864355000001
171,17,Srinagar Cross H2,15.381787,75.113218
171,18,Unkal,15.3765645,75.113638
171,19,Unkal Cross Nh,15.372741,75.117554
171,20,Prerana College,15.3708185,75.1183415
171,21,Vidya Nagar (Bvb College),15.367777499999999,75.121093
171,22,Arts College,15.364881666666667,75.123965
171,23,Gurudatta Bhavana,15.362709,75.1258055
171,24,Kims,15.360851499999999,75.1268595
171,25,Mahila Vidya Pith (Hosur Terminal),15.3570165,75.129171
171,26,Hosur,15.354019,75.130184
171,27,Obs Hbl,15.350879,75.137761
171,28,Hubli Obs (Inside),15.3506932154367,75.13637812934971
176,1,Cbt,15.3444674193908,75.14520201344315
176,2,Chandrakala Talkies,15.349279164999999,75.145650835
176,3,Railway Station-H,15.352256816846449,75.1453905041761
176,4,Corporation-H,15.3514155,75.14188899999999
176,5,Hubli Obs (Inside),15.3506932154367,75.13637812934971
176,6,Glass House,15.352517,75.133526
176,7,Hosur,15.354019,75.130184
176,8,Bannigida,15.36244125,75.132926
176,9,Quarters,15.351182,75.1220395
176,10,R.W.H,15.350926000000001,75.1188365
176,11,New Bus Stand-H,15.3505045,75.116761
176,12,1St Gate,15.3506565,75.11479
176,13,2Nd Gate,15.350479,75.111707
176,14,Akshay Park,15.350715666666666,75.10896733333333
176,15,Basaveshwara Nagar Cross,15.351390666666667,75.10335466666668
176,16,Manjunatha Nagar Cross,15.35160868216956,75.10187980363615
176,17,Silver Town Cross,15.351900535129566,75.09951371402751
176,18,Neharu Nagar Water Tank,15.352369666666666,75.097318
176,19,Arjun Vihar Cross,15.352898,75.09515475
176,20,Kec,15.354208845640276,75.09142434264085
176,21,B D K,15.3551535,75.08834350000001
176,22,Airport,15.35598472333832,75.08580822603624
176,23,K L E College,15.3545415,75.0830885
176,24,Gokul Cross,15.354122,75.079631
176,25,Anjaneya Nagar,15.353205500000001,75.07979950000001
176,26,Gokul,15.351278,75.08083049999999
176_2,1,Gokul,15.351278,75.08083049999999
176_2,2,Anjaneya Nagar,15.353205500000001,75.07979950000001
176_2,3,Gokul Cross,15.354122,75.079631
176_2,4,K L E College,15.3545415,75.0830885
176_2,5,Airport,15.35598472333832,75.08580822603624
176_2,6,B D K,15.3551535,75.08834350000001
176_2,7,Kec,15.354208845640276,75.09142434264085
176_2,8,Arjun Vihar Cross,15.352898,75.09515475
176_2,9,Neharu Nagar Water Tank,15.352369666666666,75.097318
176_2,10,Silver Town Cross,15.351900535129566,75.09951371402751
176_2,11,Manjunatha Nagar Cross,15.35160868216956,75.10187980363615
176_2,12,Basaveshwara Nagar Cross,15.351390666666667,75.10335466666668
176_2,13,Akshay Park,15.350715666666666,75.10896733333333
176_2,14,2Nd Gate,15.350479,75.111707
176_2,15,1St Gate,15.3506565,75.11479
176_2,16,New Bus Stand-H,15.3505045,75.116761
176_2,17,R.W.H,15.350926000000001,75.1188365
176_2,18,Quarters,15.351182,75.1220395
176_2,19,Bannigida,15.36244125,75.132926
176_2,20,Hosur,15.354019,75.130184
176_2,21,Hubli Obs (Outside),15.351252,75.13632
176_2,22,Corporation-H,15.3514155,75.14188899999999
176_2,23,Railway Station-H,15.352256816846449,75.1453905041761
176_2,24,Chandrakala Talkies,15.349279164999999,75.145650835
176_2,25,Cbt,15.3444674193908,75.14520201344315
178,1,Mahila Vidya Pith (Hosur Terminal),15.3570165,75.129171
178,2,Hosur Cross,15.355021240701234,75.13037813474448
178,3,Hubli Obs (Outside),15.351252,75.13632
178,4,Court,15.35244235,75.139162625
178,5,Desai Cross,15.354598500000002,75.1415005
178,6,Keshwapur,15.3592285,75.1462065
178,7,Azad Colony,15.362189,75.148558
178,8,Ramesh Bhavan,15.364672013333333,75.14898840666666
178,9,Shanti Nagar,15.36862475,75.15065625
178,10,Soda Factory,15.3681885,75.1480565
178,11,Bengeri,15.3698425,75.14568
178,12,Venkatesh Colony,15.371976,75.144353
178,13,Gopanakoppa,15.374813900923051,75.1441600174851
179,1,Gopanakoppa,15.374813900923051,75.1441600174851
179,2,Venkatesh Colony,15.371976,75.144353
179,3,Bengeri,15.3698425,75.14568
179,4,Soda Factory,15.3681885,75.1480565
179,5,Shanti Nagar,15.36862475,75.15065625
179,6,Ramesh Bhavan,15.364672013333333,75.14898840666666
179,7,Azad Colony,15.362189,75.148558
179,8,Keshwapur,15.3592285,75.1462065
179,9,Desai Cross,15.354598500000002,75.1415005
179,10,Court,15.35244235,75.139162625
179,11,Hubli Obs (Inside),15.3506932154367,75.13637812934971
179,12,Glass House,15.352517,75.133526
179,13,Hosur Cross,15.355021240701234,75.13037813474448
179,14,Mahila Vidya Pith (Hosur Terminal),15.3570165,75.129171
179,15,Jg Commerce College,15.3590733525212,75.12783566749385
179,16,Kims,15.360851499999999,75.1268595
179,17,Kmc Hostel,15.361653,75.128371
179,18,Kmc,15.361930349652999,75.13062759389733
179_2,1,Kmc,15.361930349652999,75.13062759389733
179_2,2,Kims,15.360851499999999,75.1268595
179_2,3,Jg Commerce College,15.3590733525212,75.12783566749385
179_2,4,Mahila Vidya Pith (Hosur Terminal),15.3570165,75.129171
179_2,5,Hosur Cross,15.355021240701234,75.13037813474448
179_2,6,Hubli Obs (Outside),15.351252,75.13632
179_2,7,Court,15.35244235,75.139162625
179_2,8,Desai Cross,15.354598500000002,75.1415005
179_2,9,Keshwapur,15.3592285,75.1462065
179_2,10,Azad Colony,15.362189,75.148558
179_2,11,Ramesh Bhavan,15.364672013333333,75.14898840666666
179_2,12,Shanti Nagar,15.36862475,75.15065625
179_2,13,Soda Factory,15.3681885,75.1480565
179_2,14,Bengeri,15.3698425,75.14568
179_2,15,Venkatesh Colony,15.371976,75.144353
179_2,16,Gopanakoppa,15.374813900923051,75.1441600174851
18,1,Cbt,15.3444674193908,75.14520201344315
18,2,Chandrakala Talkies,15.349279164999999,75.145650835
18,3,Railway Station-H,15.352256816846449,75.1453905041761
18,4,Corporation-H,15.3514155,75.14188899999999
18,5,Court,15.35244235,75.139162625
18,6,Desai Cross,15.354598500000002,75.1415005
18,7,Keshwapur,15.3592285,75.1462065
18,8,Azad Colony,15.362189,75.148558
18,9,Ramesh Bhavan,15.364672013333333,75.14898840666666
18,10,Shanti Nagar,15.36862475,75.15065625
18,11,Gangadhar Colony,15.371767,75.153206
18,12,Hotel Preeti,15.373682500000001,75.15467699999999
18,13,Basaveshwara Park,15.377794000000002,75.155842
18,14,Gopankoppa Cross/Railway Bridge,15.3823705,75.15597650000001
18,15,Sun City Park,15.384540881493768,75.16035736580979
18_2,1,Sun City Park,15.384540881493768,75.16035736580979
18_2,2,Gopankoppa Cross/Railway Bridge,15.3823705,75.15597650000001
18_2,3,Basaveshwara Park,15.377794000000002,75.155842
18_2,4,Hotel Preeti,15.373682500000001,75.15467699999999
18_2,5,Shanti Nagar,15.36862475,75.15065625
18_2,6,Ramesh Bhavan,15.364672013333333,75.14898840666666
18_2,7,Azad Colony,15.362189,75.148558
18_2,8,Keshwapur,15.3592285,75.1462065
18_2,9,Desai Cross,15.354598500000002,75.1415005
18_2,10,Court,15.35244235,75.139162625
18_2,11,Corporation-H,15.3514155,75.14188899999999
18_2,12,Railway Station-H,15.352256816846449,75.1453905041761
18_2,13,Chandrakala Talkies,15.349279164999999,75.145650835
18_2,14,Ganesh Pet,15.34613833,75.14559333
18_2,15,Cbt,15.3444674193908,75.14520201344315
181,1,Gopanakoppa,15.374813900923051,75.1441600174851
181,2,Venkatesh Colony,15.371976,75.144353
181,3,Bengeri,15.3698425,75.14568
181,4,Soda Factory,15.3681885,75.1480565
181,5,Shanti Nagar,15.36862475,75.15065625
181,6,Ramesh Bhavan,15.364672013333333,75.14898840666666
181,7,Azad Colony,15.362189,75.148558
181,8,Keshwapur,15.3592285,75.1462065
181,9,Desai Cross,15.354598500000002,75.1415005
181,10,Court,15.35244235,75.139162625
181,11,Hubli Obs (Outside),15.351252,75.13632
181_2,1,Hubli Obs (Inside),15.3506932154367,75.13637812934971
181_2,2,Court,15.35244235,75.139162625
181_2,3,Desai Cross,15.354598500000002,75.1415005
181_2,4,Keshwapur,15.3592285,75.1462065
181_2,5,Azad Colony,15.362189,75.148558
181_2,6,Ramesh Bhavan,15.364672013333333,75.14898840666666
181_2,7,Shanti Nagar,15.36862475,75.15065625
181_2,8,Soda Factory,15.3681885,75.1480565
181_2,9,Bengeri,15.3698425,75.14568
181_2,10,Venkatesh Colony,15.371976,75.144353
181_2,11,Gopanakoppa,15.374813900923051,75.1441600174851
19,1,Cbt,15.3444674193908,75.14520201344315
19,2,Chandrakala Talkies,15.349279164999999,75.145650835
19,3,Railway Station-H,15.352256816846449,75.1453905041761
19,4,Corporation-H,15.3514155,75.14188899999999
19,5,Court,15.35244235,75.139162625
19,6,Desai Cross,15.354598500000002,75.1415005
19,7,Keshwapur,15.3592285,75.1462065
19,8,Azad Colony,15.362189,75.148558
19,9,Ramesh Bhavan,15.364672013333333,75.14898840666666
19,10,Shanti Nagar,15.36862475,75.15065625
19,11,Bengeri,15.3698425,75.14568
19,12,Venkatesh Colony,15.371976,75.144353
19,13,Gopanakoppa,15.374813900923051,75.1441600174851
19,14,Manoj Estate,15.3820220118619,75.1338789696456
19_2,1,Manoj Estate,15.3820220118619,75.1338789696456
19_2,2,Gopanakoppa,15.374813900923051,75.1441600174851
19_2,3,Venkatesh Colony,15.371976,75.144353
19_2,4,Bengeri,15.3698425,75.14568
19_2,5,Soda Factory,15.3681885,75.1480565
19_2,6,Shanti Nagar,15.36862475,75.15065625
19_2,7,Ramesh Bhavan,15.364672013333333,75.14898840666666
19_2,8,Azad Colony,15.362189,75.148558
19_2,9,Keshwapur,15.3592285,75.1462065
19_2,10,Desai Cross,15.354598500000002,75.1415005
19_2,11,Court,15.35244235,75.139162625
19_2,12,Corporation-H,15.3514155,75.14188899999999
19_2,13,Railway Station-H,15.352256816846449,75.1453905041761
19_2,14,Chandrakala Talkies,15.349279164999999,75.145650835
19_2,15,Ganesh Pet,15.34613833,75.14559333
19_2,16,Cbt,15.3444674193908,75.14520201344315
194,1,Kmc,15.361930349652999,75.13062759389733
194,2,Kims,15.360851499999999,75.1268595
194,3,Mahila Vidya Pith (Hosur Terminal),15.3570165,75.129171
194,4,Hosur Cross,15.355021240701234,75.13037813474448
194,5,Hubli Obs (Outside),15.351252,75.13632
199,1,Hosur Terminal,15.3570921772309,75.12880797876
199,2,M M Joshi,15.352953,75.130029
199,3,Quarters,15.351182,75.1220395
199,4,Rwh,15.350895000000001,75.1188075
199,5,New Bus Stand-H,15.3505045,75.116761
199,6,Akshay Park,15.350715666666666,75.10896733333333
199,7,Basaveshwara Nagar Cross,15.351390666666667,75.10335466666668
199,8,Manjunatha Nagar Cross,15.35160868216956,75.10187980363615
199,9,Neharu Nagar Water Tank,15.352369666666666,75.097318
199,10,Kec,15.354208845640276,75.09142434264085
199,11,Airport,15.35598472333832,75.08580822603624
199,12,Gokul Cross,15.354122,75.079631
199,13,Gokul Hs,15.351244000000001,75.0808555
199,14,Nanda Gokul,15.3489445,75.07912400000001
199,15,Navodhaya School,15.348068999999999,75.0778575
199,16,Banjara Colony Cross,15.347639000000001,75.07253
199,17,Mile Stone,15.342654,75.064003
199,18,Dayanund School,15.341679,75.059629
199,19,Rewadihal 1St Stop,15.342165,75.052284
199,20,Rwadihal,15.341932,75.04888
199,21,Rewadihal Plot,15.341785999999999,75.04713100000001
199,22,Rwewadihal Bdk,15.3439835,75.0426215
199,23,Bdk Awalakki Factory,15.350027,75.039106
199,24,Tarihal 1St Stop,15.354034,75.038348
199,25,Urdu School,15.354212,75.036333
199,26,Tarihal Sh,15.354324,75.035666
199,27,Ram Nagar,15.35004834829005,75.04878561265025
199_2,1,Ram Nagar,15.35004834829005,75.04878561265025
199_2,2,Tarihal Sh,15.354324,75.035666
199_2,3,Urdu School,15.354212,75.036333
199_2,4,Tarihal 1St Stop,15.354034,75.038348
199_2,5,Bdk Awalakki Factory,15.350027,75.039106
199_2,6,Rwewadihal Bdk,15.3439835,75.0426215
199_2,7,Rewadihal Plot,15.341785999999999,75.04713100000001
199_2,8,Rwadihal,15.341932,75.04888
199_2,9,Rewadihal 1St Stop,15.342165,75.052284
199_2,10,Dayanund School,15.341679,75.059629
199_2,11,Mile Stone,15.342654,75.064003
199_2,12,Banjara Colony Cross,15.347639000000001,75.07253
199_2,13,Navodhaya School,15.348068999999999,75.0778575
199_2,14,Nanda Gokul,15.3489445,75.07912400000001
199_2,15,Gokul Hs,15.351244000000001,75.0808555
199_2,16,Gokul Cross,15.354122,75.079631
199_2,17,Airport,15.35598472333832,75.08580822603624
199_2,18,Kec,15.354208845640276,75.09142434264085
199_2,19,Neharu Nagar Water Tank,15.352369666666666,75.097318
199_2,20,Manjunatha Nagar Cross,15.35160868216956,75.10187980363615
199_2,21,Basaveshwara Nagar Cross,15.351390666666667,75.10335466666668
199_2,22,Akshay Park,15.350715666666666,75.10896733333333
199_2,23,New Bus Stand-H,15.3505045,75.116761
199_2,24,Rwh,15.350895000000001,75.1188075
199_2,25,Quarters,15.351182,75.1220395
199_2,26,Hosur,15.354019,75.130184
199_2,27,Hosur Terminal,15.3570921772309,75.12880797876
1E-C,1,Hubli Obs (Inside),15.3506932154367,75.13637812934971
1E-C,2,Hosur,15.354019,75.130184
1E-C,3,Bannigida,15.36244125,75.132926
1E-C,4,Quarters,15.351182,75.1220395
1E-C,5,Rwh,15.350895000000001,75.1188075
1E-C,6,New Bus Stand-H,15.3505045,75.116761
1E-C,7,1St Gate,15.3506565,75.11479
1E-C,8,2Nd Gate,15.350479,75.111707
1E-C,9,Akshay Park,15.350715666666666,75.10896733333333
1E-C,10,Basaveshwara Nagar Cross,15.351390666666667,75.10335466666668
1E-C,11,Manjunatha Nagar Cross,15.35160868216956,75.10187980363615
1E-C,12,Neharu Nagar Water Tank,15.352369666666666,75.097318
1E-C,13,Arjun Vihar Cross,15.352898,75.09515475
1E-C,14,Murarji Nagar 1St Stop,15.349132,75.0948205
1E-C,15,Murarji Nagar 2Nd Stop,15.348404,75.0916105
1E-C,16,Lohiya Nagar,15.345474,75.091632
1E-C,17,Murarji Nagar,15.348936,75.094806
1E-C,18,Arjun Vihar Cross,15.352898,75.09515475
1E-C,19,Neharu Nagar Water Tank,15.352369666666666,75.097318
1E-C,20,Manjunatha Nagar Cross,15.35160868216956,75.10187980363615
1E-C,21,Basaveshwara Nagar Cross,15.351390666666667,75.10335466666668
1E-C,22,Akshay Park,15.350715666666666,75.10896733333333
1E-C,23,2Nd Gate,15.350479,75.111707
1E-C,24,1St Gate,15.3506565,75.11479
1E-C,25,New Bus Stand-H,15.3505045,75.116761
1E-C,26,Rwh,15.350895000000001,75.1188075
1E-C,27,Quarters,15.351182,75.1220395
1E-C,28,Bannigida,15.36244125,75.132926
1E-C,29,Hosur,15.354019,75.130184
1E-C,30,Hubli Obs (Inside),15.3506932154367,75.13637812934971
20,1,Mahila Vidya Pith (Hosur Terminal),15.3570165,75.129171
20,2,Hosur Cross,15.355021240701234,75.13037813474448
20,3,Hubli Obs (Outside),15.351252,75.13632
20,4,Court,15.35244235,75.139162625
20,5,Deshpande Nagar,15.356066776666665,75.13850422333333
20,6,Rotary School,15.358081556666667,75.13616177666667
20,7,Bailappanavar Nagar,15.361658,75.135269
20,8,Pai Hotel,15.363137,75.134859
20,9,Ganesh Temple/ Bridge,15.362004165,75.137006665
20,10,Kaveri,15.364276499999999,75.135463
20,11,Ashok Nagar,15.3653205,75.1365735
20,12,Vijaya Hotel,15.366191,75.13798249999999
20,13,Thirupathi Bajar,15.367727,75.13838999999999
20,14,Lion School,15.369216665,75.138855835
20,15,Miskin Stop,15.37043583,75.137550835
20,16,Santhosh Nagar Cross,15.371133,75.136187
20,17,Chaitra School,15.3739165,75.1372565
20,18,Santosh Nagar-H,15.374620835,75.136449165
20,19,Siddharuda Colony,15.3757925,75.1359285
20,20,Madhura Park,15.3769445,75.1361605
20,21,J K School,15.378184999999998,75.13392666499999
20,22,Shakti Colony 2Nd Cross,15.378795333333334,75.13211033333333
20,23,Shakti Colony Cross,15.37701,75.132321
20,24,Shakti Colony,15.376328,75.1336565
20_2,1,Shakti Colony,15.376328,75.1336565
20_2,2,Shakti Colony 1St Stop,15.376009,75.132519
20_2,3,Shakti Colony 2Nd Cross,15.378795333333334,75.13211033333333
20_2,4,J K School,15.378184999999998,75.13392666499999
20_2,5,Madhura Park,15.3769445,75.1361605
20_2,6,Siddharuda Colony,15.3757925,75.1359285
20_2,7,Santosh Nagar-H,15.374620835,75.136449165
20_2,8,Chaitra School,15.3739165,75.1372565
20_2,9,Santhosh Nagar Cross,15.371133,75.136187
20_2,10,Miskin Stop,15.37043583,75.137550835
20_2,11,Lion School,15.369216665,75.138855835
20_2,12,Thirupathi Bajar,15.367727,75.13838999999999
20_2,13,Vijaya Hotel,15.366191,75.13798249999999
20_2,14,Ashok Nagar,15.3653205,75.1365735
20_2,15,Kaveri,15.364276499999999,75.135463
20_2,16,Ganesh Temple/ Bridge,15.362004165,75.137006665
20_2,17,Rotary School,15.358081556666667,75.13616177666667
20_2,18,Deshpande Nagar,15.356066776666665,75.13850422333333
20_2,19,Court,15.35244235,75.139162625
20_2,20,Hubli Obs (Inside),15.3506932154367,75.13637812934971
20_2,21,Hosur Cross,15.355021240701234,75.13037813474448
20_2,22,Mahila Vidya Pith (Hosur Terminal),15.3570165,75.129171
200A,1,Cbt Hubballi - Hd,15.344522,75.145708
200A,2,Dr B R Ambedkar Circle 1 - Hd,15.352423,75.145417
200A,3,Hdmc - Hd,15.350875,75.14088
200A,4,Hubballi Central Bus Terminal - Hd,15.3506860292075,75.1366910324889
200A,5,Hosur Cross - Hd,15.354631,75.13043
200A,6,Hosur Regional Terminal - Hd,15.357106,75.129034
200A,7,Kims - Hd,15.360084,75.127186
200A,8,Vidyanagar - Hd,15.363934,75.124931
200A,9,Bvb College - Hd,15.367526,75.121285
200A,10,Unakal Cross - Hd,15.370091,75.118911
200A,11,Unakal - Hd,15.375582,75.114196
200A,12,Unakal Lake - Hd,15.382314,75.111997
200A,13,Bairidevarakoppa - Hd,15.386985,75.105499
200A,14,Shantinikethan - Hd,15.3913313818322,75.0980337915632
200A,15,Apmc 3Rd Gate - Hd,15.393629,75.092287
200A,16,Navanagar - Hd,15.397025,75.082709
200A,17,Rto Office - Hd,15.400535,75.077395
200A,18,Iskcon Temple - Hd,15.404704,75.070119
200A,19,Rayapur - Hd,15.406644,75.065151
200A,20,Kmf 1 - Hd,15.409267,75.060776
200A,21,Sanjeevini Park-Hd,15.4125207216439,75.0577388015889
200A,22,Navalur Railway Station - Hd,15.415125,75.053971
200A,23,Sdm Medical College - Hd,15.417188,75.048409
200A,24,Sattur - Hd,15.418135,75.042633
200A,25,Lakamanahalli - Hd,15.432829,75.025028
200A,26,Yalakki Shettar Cross-Hd,15.4355132366255,75.0221960844809
200A,27,Gandhi Nagar - Hd,15.437658,75.019256
200A,28,Vidyagiri - Hd,15.440696,75.016983
200A,29,Toll Naka - Hd,15.445851,75.012741
200A,30,Hosa Yallapur Cross - Hd,15.449604,75.01118
200A,31,Nttf - Hd,15.453491,75.009186
200A,32,Court Circle - Hd,15.455441,75.007003
200A,33,Jubilee Circle - Hd,15.457936,75.007389
200A,34,Dharwad Brts Terminal - Hd,15.46005,75.009442
200A_2,1,Dharwad Brts Terminal - Dh,15.460304,75.009427
200A_2,2,Jubilee Circle - Dh,15.458185,75.007642
200A_2,3,Court Circle - Dh,15.45579,75.00708
200A_2,4,Nttf - Dh,15.453834,75.00891
200A_2,5,Hosa Yallapur Cross - Dh,15.449951,75.011172
200A_2,6,Toll Naka - Dh,15.446385,75.012658
200A_2,7,Vidyagiri - Dh,15.441133,75.016748
200A_2,8,Gandhi Nagar - Dh,15.437977,75.019138
200A_2,9,Yalakki Shettar Cross-Dh,15.4356868557698,75.0224912722196
200A_2,10,Lakamanahalli - Dh,15.433115,75.024848
200A_2,11,Sattur - Dh,15.418496,75.042302
200A_2,12,Sdm Medical College - Dh,15.417369,75.048123
200A_2,13,Navalur Railway Station - Dh,15.415308,75.053705
200A_2,14,Sanjeevini Park-Dh,15.4127149762339,75.0581347623673
200A_2,15,Kmf 1 - Dh,15.409583,75.060676
200A_2,16,Rayapur - Dh,15.40675,75.065061
200A_2,17,Iskcon Temple - Dh,15.404897,75.069895
200A_2,18,Rto Office - Dh,15.400795,75.077217
200A_2,19,Navanagar - Dh,15.397351,75.082383
200A_2,20,Apmc 3Rd Gate - Dh,15.393813,75.092029
200A_2,21,Shantinikethan - Dh,15.391492,75.098033
200A_2,22,Bairidevarakoppa - Dh,15.387249,75.10521
200A_2,23,Unakal Lake - Dh,15.382433,75.111724
200A_2,24,Unakal - Dh,15.375824,75.114092
200A_2,25,Unakal Cross - Dh,15.370431,75.118689
200A_2,26,Bvb College - Dh,15.36787,75.121001
200A_2,27,Vidyanagar - Dh,15.364187,75.124818
200A_2,28,Kims - Dh,15.36044,75.127099
200A_2,29,Hosur Regional Terminal - Dh,15.35752,75.128877
200A_2,30,Hosur Cross - Dh,15.354947,75.130385
200A_2,31,Hubballi Central Bus Terminal - Dh,15.35081,75.136814
200A_2,32,Hdmc - Dh,15.350865,75.140511
200A_2,33,Dr B R Ambedkar Circle - Dh,15.352767,75.145261
200A_2,34,Cbt Hubballi - Dh,15.344284,75.145472
201B,1,Dharwad New Bus Stand - Dh,15.469667,74.992858
201B,2,Jubilee Circle - Dh,15.458185,75.007642
201B,3,Court Circle - Dh,15.45579,75.00708
201B,4,Nttf - Dh,15.453834,75.00891
201B,5,Hosa Yallapur Cross - Dh,15.449951,75.011172
201B,6,Toll Naka - Dh,15.446385,75.012658
201B,7,Vidyagiri - Dh,15.441133,75.016748
201B,8,Gandhi Nagar - Dh,15.437977,75.019138
201B,9,Yalakki Shettar Cross-Dh,15.4356868557698,75.0224912722196
201B,10,Lakamanahalli - Dh,15.433115,75.024848
201B,11,Sattur - Dh,15.418496,75.042302
201B,12,Sdm Medical College - Dh,15.417369,75.048123
201B,13,Navalur Railway Station - Dh,15.415308,75.053705
201B,14,Sanjeevini Park-Dh,15.4127149762339,75.0581347623673
201B,15,Kmf 1 - Dh,15.409583,75.060676
201B,16,Rayapur - Dh,15.40675,75.065061
201B,17,Iskcon Temple - Dh,15.404897,75.069895
201B,18,Rto Office - Dh,15.400795,75.077217
201B,19,Navanagar - Dh,15.397351,75.082383
201B,20,Apmc 3Rd Gate - Dh,15.393813,75.092029
201B,21,Shantinikethan - Dh,15.391492,75.098033
201B,22,Bairidevarakoppa - Dh,15.387249,75.10521
201B,23,Unakal Lake - Dh,15.382433,75.111724
201B,24,Unakal - Dh,15.375824,75.114092
201B,25,Unakal Cross - Dh,15.370431,75.118689
201B,26,Bvb College - Dh,15.36787,75.121001
201B,27,Vidyanagar - Dh,15.364187,75.124818
201B,28,Kims - Dh,15.36044,75.127099
201B,29,Hosur Regional Terminal - Dh,15.35752,75.128877
201B,30,Hosur Cross - Dh,15.354947,75.130385
201B,31,Hubballi Central Bus Terminal - Dh,15.35081,75.136814
201B,32,Hdmc - Dh,15.350865,75.140511
201B,33,Dr B R Ambedkar Circle - Dh,15.352767,75.145261
201B,34,Railway Station - Dh,15.349714,75.148566
201B_2,1,Railway Station - Hd,15.349603,75.148302
201B_2,2,Dr B R Ambedkar Circle 1 - Hd,15.352423,75.145417
201B_2,3,Hdmc - Hd,15.350875,75.14088
201B_2,4,Hubballi Central Bus Terminal - Hd,15.3506860292075,75.1366910324889
201B_2,5,Hosur Cross - Hd,15.354631,75.13043
201B_2,6,Hosur Regional Terminal - Hd,15.357106,75.129034
201B_2,7,Kims - Hd,15.360084,75.127186
201B_2,8,Vidyanagar - Hd,15.363934,75.124931
201B_2,9,Bvb College - Hd,15.367526,75.121285
201B_2,10,Unakal Cross - Hd,15.370091,75.118911
201B_2,11,Unakal - Hd,15.375582,75.114196
201B_2,12,Unakal Lake - Hd,15.382314,75.111997
201B_2,13,Bairidevarakoppa - Hd,15.386985,75.105499
201B_2,14,Shantinikethan - Hd,15.3913313818322,75.0980337915632
201B_2,15,Apmc 3Rd Gate - Hd,15.393629,75.092287
201B_2,16,Navanagar - Hd,15.397025,75.082709
201B_2,17,Rto Office - Hd,15.400535,75.077395
201B_2,18,Iskcon Temple - Hd,15.404704,75.070119
201B_2,19,Rayapur - Hd,15.406644,75.065151
201B_2,20,Kmf 1 - Hd,15.409267,75.060776
201B_2,21,Sanjeevini Park-Hd,15.4125207216439,75.0577388015889
201B_2,22,Navalur Railway Station - Hd,15.415125,75.053971
201B_2,23,Sdm Medical College - Hd,15.417188,75.048409
201B_2,24,Sattur - Hd,15.418135,75.042633
201B_2,25,Lakamanahalli - Hd,15.432829,75.025028
201B_2,26,Yalakki Shettar Cross-Hd,15.4355132366255,75.0221960844809
201B_2,27,Gandhi Nagar - Hd,15.437658,75.019256
201B_2,28,Vidyagiri - Hd,15.440696,75.016983
201B_2,29,Toll Naka - Hd,15.445851,75.012741
201B_2,30,Hosa Yallapur Cross - Hd,15.449604,75.01118
201B_2,31,Nttf - Hd,15.453491,75.009186
201B_2,32,Court Circle - Hd,15.455441,75.007003
201B_2,33,Jubilee Circle - Hd,15.457936,75.007389
201B_2,34,Dharwad New Bus Stand - Hd,15.469767,74.992758
202,1,Mahila Vidya Pith (Hosur Terminal),15.3570165,75.129171
202,2,Indi Pump Sh,15.336580999999999,75.126196
202,3,Grid Sh,15.331695,75.1206375
202,4,Karwar Road Bypass,15.328899,75.11873399999999
202,5,Kempegeri,15.3250065,75.114961
202,6,Wali,15.320832748716924,75.10826673315587
202,7,Anchitageri,15.311358,75.0948485
202,8,Gopalbhag,15.3070515,75.08889099999999
202,9,Nursary,15.2963335,75.0724945
202,10,Dhabha,15.2950245,75.07076900000001
202,11,Dr Banglow,15.2894115,75.06585050000001
202,12,Water World,15.2874705,75.0651015
202,13,Chalmatti Cross,15.281726999999998,75.05862133333333
202,14,Misrikoti Cross,15.275915333333332,75.055223
202,15,Chalamatti Factory,15.271332999999998,75.0555745
202_2,1,Chalamatti Factory,15.271332999999998,75.0555745
202_2,2,Misrikoti Cross,15.275915333333332,75.055223
202_2,3,Chalmatti Cross,15.281726999999998,75.05862133333333
202_2,4,Water World,15.2874705,75.0651015
202_2,5,Dr Banglow,15.2894115,75.06585050000001
202_2,6,Dhabha,15.2950245,75.07076900000001
202_2,7,Nursary,15.2963335,75.0724945
202_2,8,Gopalbhag,15.3070515,75.08889099999999
202_2,9,Anchitageri,15.311358,75.0948485
202_2,10,Wali,15.320832748716924,75.10826673315587
202_2,11,Kempegeri,15.3250065,75.114961
202_2,12,Karwar Road Bypass,15.328899,75.11873399999999
202_2,13,Grid Sh,15.331695,75.1206375
202_2,14,Indi Pump Sh,15.336580999999999,75.126196
202_2,15,Mahila Vidya Pith (Hosur Terminal),15.3570165,75.129171
204,1,Chalamatti Factory,15.271332999999998,75.0555745
204,2,Misrikoti Cross,15.275915333333332,75.055223
204,3,Chalmatti Cross,15.281726999999998,75.05862133333333
204,4,Water World,15.2874705,75.0651015
204,5,Dr Banglow,15.2894115,75.06585050000001
204,6,Dhabha,15.2950245,75.07076900000001
204,7,Nursary,15.2963335,75.0724945
204,8,Gopalbhag,15.3070515,75.08889099999999
204,9,Anchitageri,15.311358,75.0948485
204,10,Wali,15.320832748716924,75.10826673315587
204,11,Kempegeri,15.3250065,75.114961
204,12,Karwar Road Bypass,15.328899,75.11873399999999
204,13,Grid Sh,15.331695,75.1206375
204,14,Indi Pump Sh,15.336580999999999,75.126196
204,15,Hubli Obs (Inside),15.3506932154367,75.13637812934971
204_2,1,Hubli Obs (Outside),15.351252,75.13632
204_2,2,Indi Pump Sh,15.336580999999999,75.126196
204_2,3,Grid Sh,15.331695,75.1206375
204_2,4,Karwar Road Bypass,15.328899,75.11873399999999
204_2,5,Kempegeri,15.3250065,75.114961
204_2,6,Wali,15.320832748716924,75.10826673315587
204_2,7,Anchitageri,15.311358,75.0948485
204_2,8,Gopalbhag,15.3070515,75.08889099999999
204_2,9,Nursary,15.2963335,75.0724945
204_2,10,Dhabha,15.2950245,75.07076900000001
204_2,11,Dr Banglow,15.2894115,75.06585050000001
204_2,12,Water World,15.2874705,75.0651015
204_2,13,Chalmatti Cross,15.281726999999998,75.05862133333333
204_2,14,Misrikoti Cross,15.275915333333332,75.055223
204_2,15,Chalamatti Factory,15.271332999999998,75.0555745
205,1,Kmc,15.361930349652999,75.13062759389733
205,2,Kims,15.360851499999999,75.1268595
205,3,Obs Sh,15.350251965647585,75.1356732192144
205,4,Rwh,15.350895000000001,75.1188075
205,5,New Bus Stand-H,15.3505045,75.116761
205,6,Manjunatha Nagar Cross,15.35160868216956,75.10187980363615
205,7,Neharu Nagar Water Tank,15.352369666666666,75.097318
205,8,Kec,15.354208845640276,75.09142434264085
205,9,B D K,15.3551535,75.08834350000001
205,10,Airport,15.35598472333832,75.08580822603624
205,11,K L E College,15.3545415,75.0830885
205,12,Gokul Cross,15.354122,75.079631
205,13,Gokul,15.351278,75.08083049999999
205,14,Nanda Gokul,15.3489445,75.07912400000001
205,15,Navodhaya School,15.348068999999999,75.0778575
205,16,Banjara Colony,15.350733,75.0709415
205_2,1,Banjara Colony,15.350733,75.0709415
205_2,2,Nanda Gokul,15.3489445,75.07912400000001
205_2,3,Navodhaya School,15.348068999999999,75.0778575
205_2,4,Gokul,15.351278,75.08083049999999
205_2,5,Gokul Cross,15.354122,75.079631
205_2,6,K L E College,15.3545415,75.0830885
205_2,7,Airport,15.35598472333832,75.08580822603624
205_2,8,Kec,15.354208845640276,75.09142434264085
205_2,9,Neharu Nagar Water Tank,15.352369666666666,75.097318
205_2,10,Manjunatha Nagar Cross,15.35160868216956,75.10187980363615
205_2,11,Basaveshwara Nagar Cross,15.351390666666667,75.10335466666668
205_2,12,New Bus Stand-H,15.3505045,75.116761
205_2,13,R.W.H,15.350926000000001,75.1188365
205_2,14,Hubli Obs (Outside),15.351252,75.13632
205_2,15,Kmc Hostel,15.361653,75.128371
205_2,16,Kmc,15.361930349652999,75.13062759389733
206,1,Hubli Obs (Inside),15.3506932154367,75.13637812934971
206,2,Glass House,15.352517,75.133526
206,3,Hosur,15.354019,75.130184
206,4,Bannigida,15.36244125,75.132926
206,5,Quarters,15.351182,75.1220395
206,6,R.W.H,15.350926000000001,75.1188365
206,7,New Bus Stand-H,15.3505045,75.116761
206,8,1St Gate,15.3506565,75.11479
206,9,2Nd Gate,15.350479,75.111707
206,10,Akshay Park,15.350715666666666,75.10896733333333
206,11,Basaveshwara Nagar Cross,15.351390666666667,75.10335466666668
206,12,Manjunatha Nagar Cross,15.35160868216956,75.10187980363615
206,13,Silver Town Cross,15.351900535129566,75.09951371402751
206,14,Neharu Nagar Water Tank,15.352369666666666,75.097318
206,15,Arjun Vihar Cross,15.352898,75.09515475
206,16,Kec,15.354208845640276,75.09142434264085
206,17,B D K,15.3551535,75.08834350000001
206,18,Airport,15.35598472333832,75.08580822603624
206,19,K L E College,15.3545415,75.0830885
206,20,Gokul Cross,15.354122,75.079631
206,21,Police Quartz,15.35318,75.071618
206,22,Deshpande Foundation,15.352754000000001,75.0676165
206,23,Infosys,15.3525335,75.062562
206,24,Jagadish Nagar Cross,15.3559365,75.0574705
206,25,Toll Gate,15.3597325,75.052089
206,26,Steel Factory,15.359579499999999,75.0490875
206,27,Vijaya Bank,15.3594075,75.047304
206,28,Neno Pix Factory,15.349813161636,75.0393020493784
206_2,1,Neno Pix Factory,15.349813161636,75.0393020493784
206_2,2,Vijaya Bank,15.3594075,75.047304
206_2,3,Steel Factory,15.359579499999999,75.0490875
206_2,4,Toll Gate,15.3597325,75.052089
206_2,5,Jagadish Nagar Cross,15.3559365,75.0574705
206_2,6,Infosys,15.3525335,75.062562
206_2,7,Deshpande Foundation,15.352754000000001,75.0676165
206_2,8,Police Quartz,15.35318,75.071618
206_2,9,Gokul Cross,15.354122,75.079631
206_2,10,K L E College,15.3545415,75.0830885
206_2,11,Airport,15.35598472333832,75.08580822603624
206_2,12,B D K,15.3551535,75.08834350000001
206_2,13,Kec,15.354208845640276,75.09142434264085
206_2,14,Arjun Vihar Cross,15.352898,75.09515475
206_2,15,Neharu Nagar Water Tank,15.352369666666666,75.097318
206_2,16,Silver Town Cross,15.351900535129566,75.09951371402751
206_2,17,Manjunatha Nagar Cross,15.35160868216956,75.10187980363615
206_2,18,Basaveshwara Nagar Cross,15.351390666666667,75.10335466666668
206_2,19,Akshay Park,15.350715666666666,75.10896733333333
206_2,20,2Nd Gate,15.350479,75.111707
206_2,21,1St Gate,15.3506565,75.11479
206_2,22,New Bus Stand-H,15.3505045,75.116761
206_2,23,R.W.H,15.350926000000001,75.1188365
206_2,24,Quarters,15.351182,75.1220395
206_2,25,Bannigida,15.36244125,75.132926
206_2,26,Hosur,15.354019,75.130184
206_2,27,Hubli Obs (Outside),15.351252,75.13632
21,1,Gandhi Nagar/Kumar Park,15.3584245957046,75.09312259653764
21,2,Gandhi Nagar,15.35680190171675,75.09364470171354
21,3,Gajanana Temple,15.354379999999999,75.093905
21,4,Kec,15.354208845640276,75.09142434264085
21,5,Manjunatha Nagar Cross,15.35160868216956,75.10187980363615
21,6,Basaveshwara Nagar Cross,15.351390666666667,75.10335466666668
21,7,Akshay Park,15.350715666666666,75.10896733333333
21,8,2Nd Gate,15.350479,75.111707
21,9,1St Gate,15.3506565,75.11479
21,10,New Bus Stand-H,15.3505045,75.116761
21,11,R.W.H,15.350926000000001,75.1188365
21,12,Quarters,15.351182,75.1220395
21,13,Bannigida,15.36244125,75.132926
21,14,Hosur,15.354019,75.130184
21,15,Hubli Obs (Outside),15.351252,75.13632
21,16,Corporation-H,15.3514155,75.14188899999999
21,17,Railway Station-H,15.352256816846449,75.1453905041761
21,18,Chandrakala Talkies,15.349279164999999,75.145650835
21,19,Cbt,15.3444674193908,75.14520201344315
21_2,1,Cbt,15.3444674193908,75.14520201344315
21_2,2,Chandrakala Talkies,15.349279164999999,75.145650835
21_2,3,Railway Station-H,15.352256816846449,75.1453905041761
21_2,4,Corporation-H,15.3514155,75.14188899999999
21_2,5,Hubli Obs (Inside),15.3506932154367,75.13637812934971
21_2,6,Glass House,15.352517,75.133526
21_2,7,Hosur,15.354019,75.130184
21_2,8,Hanuman Temple-H,15.351641,75.128945
21_2,9,Bannigida,15.36244125,75.132926
21_2,10,Quarters,15.351182,75.1220395
21_2,11,R.W.H,15.350926000000001,75.1188365
21_2,12,New Bus Stand-H,15.3505045,75.116761
21_2,13,1St Gate,15.3506565,75.11479
21_2,14,2Nd Gate,15.350479,75.111707
21_2,15,Akshay Park,15.350715666666666,75.10896733333333
21_2,16,Basaveshwara Nagar Cross,15.351390666666667,75.10335466666668
21_2,17,Manjunatha Nagar Cross,15.35160868216956,75.10187980363615
21_2,18,Kec,15.354208845640276,75.09142434264085
21_2,19,Gajanana Temple,15.354379999999999,75.093905
21_2,20,Gandhi Nagar,15.35680190171675,75.09364470171354
21_2,21,Gandhi Nagar/Kumar Park,15.3584245957046,75.09312259653764
210,1,Kmc,15.361930349652999,75.13062759389733
210,2,Kims,15.360851499999999,75.1268595
210,3,Mahila Vidya Pith (Hosur Terminal),15.3570165,75.129171
210,4,Hosur Cross,15.355021240701234,75.13037813474448
210,5,Hubli Obs (Outside),15.351252,75.13632
210,6,Corporation-H,15.3514155,75.14188899999999
210,7,Railway Station-H,15.352256816846449,75.1453905041761
210,8,Chandrakala Talkies,15.349279164999999,75.145650835
210,9,Cbt,15.3444674193908,75.14520201344315
210,10,K E B Cross,15.343978,75.1481275
210,11,Thabibland,15.344609,75.15060199999999
210,12,Kalburgi Matta,15.344992999999999,75.15205850000001
210,13,Haralikatte,15.345423499999999,75.154381
210,14,Mukthidhama,15.3459115,75.155676
210,15,Auto Stand,15.3466825,75.1572635
210,16,Masjid H,15.347102,75.158494
210,17,Mantur Road,15.3468395,75.1620165
210_2,1,Mantur Road,15.3468395,75.1620165
210_2,2,Masjid H,15.347102,75.158494
210_2,3,Auto Stand,15.3466825,75.1572635
210_2,4,Mukthidhama,15.3459115,75.155676
210_2,5,Haralikatte,15.345423499999999,75.154381
210_2,6,Kalburgi Matta,15.344992999999999,75.15205850000001
210_2,7,Thabibland,15.344609,75.15060199999999
210_2,8,K E B Cross,15.343978,75.1481275
210_2,9,Cbt,15.3444674193908,75.14520201344315
210_2,10,Chandrakala Talkies,15.349279164999999,75.145650835
210_2,11,Railway Station-H,15.352256816846449,75.1453905041761
210_2,12,Corporation-H,15.3514155,75.14188899999999
210_2,13,Hubli Obs (Inside),15.3506932154367,75.13637812934971
210_2,14,Glass House,15.352517,75.133526
210_2,15,Hosur Cross,15.355021240701234,75.13037813474448
210_2,16,Mahila Vidya Pith (Hosur Terminal),15.3570165,75.129171
210_2,17,Jg Commerce College,15.3590733525212,75.12783566749385
210_2,18,Kims,15.360851499999999,75.1268595
210_2,19,Kmc,15.361930349652999,75.13062759389733
211,1,Hubli Obs (Inside),15.3506932154367,75.13637812934971
211,2,Hosur Cross,15.355021240701234,75.13037813474448
211,3,Hosur Corridor,15.35691,75.12888600000001
211,4,Kims,15.360851499999999,75.1268595
211,5,Arts College,15.364881666666667,75.123965
211,6,Vidya Nagar (Bvb College),15.367777499999999,75.121093
211,7,Prerana College,15.3708185,75.1183415
211,8,Unkal Cross Nh -,15.372411,75.117464
211,9,Unkal,15.3765645,75.113638
211,10,Srinagar Cross H1,15.38187,75.112856
211,11,Fci Godown,15.383718850000001,75.10864355000001
211,12,Bairidevarakoppa,15.386625,75.10593645
211,13,Darga,15.389607,75.101938
211,14,Shantinikethana,15.390966,75.098717
211,15,Apmc,15.3932425,75.0938625
211,16,Amargol Cross,15.3949125,75.0864165
211,17,Navanagar Corridor,15.3960601038671,75.0840843651925
211,18,Income Tax,15.399124,75.07942550000001
211,19,Rto Office,15.4009860428,75.0768215810204
211,20,K S F C,15.404317500000001,75.07099
211,21,Iskcon Temple,15.4052915,75.0688875
211,22,Rayapur,15.4060195,75.066791
211,23,K M F 1 - D2,15.409168,75.060733
211,24,Navalur Railway Station,15.4145235,75.05549149999999
211,25,Sdm Medical College,15.417109499999999,75.048833
211,26,Sattur Cross,15.417904499999999,75.04446300000001
211,27,Dental,15.418661,75.0412665
211,28,Dental Cross,15.42007155278445,75.0393727901783
211,29,Tadasinakoppa Cross,15.413162999999999,75.03226833333333
211,30,Navalur Cross,15.42720845,75.03424239
211,31,Navlur,15.428914500000001,75.0415075
211_2,1,Navlur,15.428914500000001,75.0415075
211_2,2,Navlur Cross,15.42782197,75.0337055
211_2,3,Navalur Cross,15.42720845,75.03424239
211_2,4,Dental Cross,15.42007155278445,75.0393727901783
211_2,5,Dental,15.418661,75.0412665
211_2,6,Sattur Cross,15.417904499999999,75.04446300000001
211_2,7,Sdm Medical College,15.417109499999999,75.048833
211_2,8,Navalur Railway Station,15.4145235,75.05549149999999
211_2,9,K M F 1 - D,15.410093,75.060422
211_2,10,Rayapur,15.4060195,75.066791
211_2,11,Iskcon Temple,15.4052915,75.0688875
211_2,12,K S F C,15.404317500000001,75.07099
211_2,13,Rto Office,15.4009860428,75.0768215810204
211_2,14,Income Tax,15.399124,75.07942550000001
211_2,15,Navanagar Corridor,15.3960601038671,75.0840843651925
211_2,16,Amargol Cross,15.3949125,75.0864165
211_2,17,Apmc Gate,15.39422,75.090884
211_2,18,Apmc,15.3932425,75.0938625
211_2,19,Sana College,15.391110000000001,75.098792
211_2,20,Darga,15.389607,75.101938
211_2,21,Bairidevarakoppa,15.386625,75.10593645
211_2,22,Fci Godown,15.383718850000001,75.10864355000001
211_2,23,Srinagar Cross H2,15.381787,75.113218
211_2,24,Unkal,15.3765645,75.113638
211_2,25,Unkal Cross Nh,15.372741,75.117554
211_2,26,Prerana College,15.3708185,75.1183415
211_2,27,Vidya Nagar (Bvb College),15.367777499999999,75.121093
211_2,28,Arts College,15.364881666666667,75.123965
211_2,29,Kims,15.360851499999999,75.1268595
211_2,30,Mahila Vidya Pith (Hosur Terminal),15.3570165,75.129171
211_2,31,Hubli Obs (Outside),15.351252,75.13632
212,1,Anand Nagar,15.3405635,75.10731100000001
212,2,Anand Nagar Cross,15.338408165,75.10906066499999
212,3,New Shimla Nagar-X,15.338087999999999,75.1104385
212,4,Fateh Shah Nagar,15.337610665,75.112273165
212,5,Gurunath Nagar,15.337498335,75.114461665
212,6,Abhinaya Nagar,15.337499165,75.117364165
212,7,Siddarudh Mata Cross,15.337141335,75.11975699999999
212,8,Siddharud Mata,15.3352215,75.120312
212,9,Anand Nagar Cross(Girani),15.336168,75.1254145
212,10,Indi Pump,15.3368715,75.127151
212,11,Old Hubli 1St Stop,15.336969,75.12991
212,12,Old Hubli,15.336402,75.131203
212,13,Karnataka Bank,15.336913,75.13322149999999
212,14,Old Hubli Bridge,15.3370385,75.13481949999999
212,15,New English School-H,15.339079869999999,75.13709849
212,16,Koulpet,15.341852,75.13674850000001
212,17,Kamaripet Police Station,15.344462,75.13667000000001
212,18,Church,15.348363,75.136425
212,19,Hubli Obs (Inside),15.3506932154367,75.13637812934971
213,1,Navlur,15.428914500000001,75.0415075
213,2,Navalur Cross,15.42720845,75.03424239
213,3,Dental Cross,15.42007155278445,75.0393727901783
213,4,Dental,15.418661,75.0412665
213,5,Sattur Cross,15.417904499999999,75.04446300000001
213,6,Sattur Keb,15.415931,75.045106
213,7,Hanuman Temple Sattur,15.4109525,75.046365
213,8,Sattur,15.408113,75.0448105
213_2,1,Sattur,15.408113,75.0448105
213_2,2,Hanuman Temple Sattur,15.4109525,75.046365
213_2,3,Sattur Keb,15.415931,75.045106
213_2,4,Sattur Cross,15.417904499999999,75.04446300000001
213_2,5,Dental,15.418661,75.0412665
213_2,6,Dental Cross,15.42007155278445,75.0393727901783
213_2,7,Navalur Cross,15.42720845,75.03424239
213_2,8,Navlur,15.428914500000001,75.0415075
214,1,Hubli Obs (Inside),15.3506932154367,75.13637812934971
214,2,Glass House,15.352517,75.133526
214,3,Hosur Cross,15.355021240701234,75.13037813474448
214,4,Mahila Vidya Pith (Hosur Terminal),15.3570165,75.129171
214,5,Jg Commerce College,15.3590733525212,75.12783566749385
214,6,Kmc Cross,15.360941839999999,75.126741675
214,7,Arts College,15.364881666666667,75.123965
214,8,Vidya Nagar (Bvb College),15.367777499999999,75.121093
214,9,Unkal Cross Nh -,15.372411,75.117464
214,10,Ambedkar Nagar,15.3754875,75.11720199999999
214,11,Siddappajja Mata,15.37769,75.117492
214,12,Vayuputra Badavane,15.379846,75.117902
214,13,Sai Nagar-H,15.382111,75.11772400000001
214,14,Ganesh Temple-H,15.382871,75.115821
214,15,Srinagar 1St Stop,15.3837975,75.116118
214,16,Srinagar 2Nd Stop,15.38529456012685,75.11658565228845
214,17,Chethan Business School,15.38619,75.1160125
214,18,Ambika Nagar,15.3857505,75.1149125
214,19,Masuti Stop,15.3869225,75.1141595
214,20,Taj Nagar H,15.3881115,75.11410000000001
214_2,1,Taj Nagar H,15.3881115,75.11410000000001
214_2,2,Masuti Stop,15.3869225,75.1141595
214_2,3,Ambika Nagar,15.3857505,75.1149125
214_2,4,Chethan Business School,15.38619,75.1160125
214_2,5,Srinagar 2Nd Stop,15.38529456012685,75.11658565228845
214_2,6,Srinagar 1St Stop,15.3837975,75.116118
214_2,7,Ganesh Temple-H,15.382871,75.115821
214_2,8,Sai Nagar-H,15.382111,75.11772400000001
214_2,9,Vayuputra Badavane,15.379846,75.117902
214_2,10,Siddappajja Mata,15.37769,75.117492
214_2,11,Ambedkar Nagar,15.3754875,75.11720199999999
214_2,12,Unkal Cross Nh,15.372741,75.117554
214_2,13,Vidya Nagar (Bvb College),15.367777499999999,75.121093
214_2,14,Arts College,15.364881666666667,75.123965
214_2,15,Kmc Cross,15.360941839999999,75.126741675
214_2,16,Mahila Vidya Pith (Hosur Terminal),15.3570165,75.129171
214_2,17,Hosur Cross,15.355021240701234,75.13037813474448
214_2,18,Hubli Obs (Outside),15.351252,75.13632
216,1,Raj Nagar,15.37144917,75.12815333500001
216,2,Gurudev Nagar,15.370411665,75.129690835
216,3,Old Employment Office (Vishweshwara Nagar)2,15.368805,75.13260667
216,4,Shani Dev Temple,15.37068583,75.133885835
216,5,Sub Jail,15.371469170000001,75.13425333
216,6,Adhyapak Nagar,15.371115835,75.136271665
216,7,Miskin Stop,15.37043583,75.137550835
216,8,Lion School,15.369216665,75.138855835
216,9,Vijaya Nagar,15.3676295,75.1384245
216,10,Vijaya Hotel,15.366191,75.13798249999999
216,11,Ashok Nagar,15.3653205,75.1365735
216,12,Garden,15.364202835,75.13543949999999
216,13,Ganesh Temple/ Bridge,15.362004165,75.137006665
216,14,Rotary School,15.358081556666667,75.13616177666667
216,15,Deshpande Nagar,15.356066776666665,75.13850422333333
216,16,Court,15.35244235,75.139162625
216,17,Hubli Obs (Inside),15.3506932154367,75.13637812934971
216,18,M M Joshi,15.352953,75.130029
216,19,Workshop / Rwh,15.35091083493955,75.11878853910355
216,20,New Bus Stand-H,15.3505045,75.116761
216,21,Basaveshwara Nagar Cross,15.351390666666667,75.10335466666668
216,22,Manjunatha Nagar Cross,15.35160868216956,75.10187980363615
216,23,Manjunatha Nagar,15.348510333333332,75.10315100000001
216_2,1,Manjunatha Nagar,15.348510333333332,75.10315100000001
216_2,2,Manjunatha Nagar Cross,15.35160868216956,75.10187980363615
216_2,3,New Bus Stand-H,15.3505045,75.116761
216_2,4,Workshop / Rwh,15.35091083493955,75.11878853910355
216_2,5,Bannigida,15.36244125,75.132926
216_2,6,Hosur,15.354019,75.130184
216_2,7,Hubli Obs (Outside),15.351252,75.13632
216_2,8,Court,15.35244235,75.139162625
216_2,9,Deshpande Nagar,15.356066776666665,75.13850422333333
216_2,10,Rotary School,15.358081556666667,75.13616177666667
216_2,11,Bailappanavar Nagar,15.361658,75.135269
216_2,12,Pai Hotel,15.363137,75.134859
216_2,13,Ganesh Temple/ Bridge,15.362004165,75.137006665
216_2,14,Garden,15.364202835,75.13543949999999
216_2,15,Ashok Nagar,15.3653205,75.1365735
216_2,16,Vijaya Hotel,15.366191,75.13798249999999
216_2,17,Vijaya Nagar,15.3676295,75.1384245
216_2,18,Lion School,15.369216665,75.138855835
216_2,19,Miskin Stop,15.37043583,75.137550835
216_2,20,Adhyapak Nagar,15.371115835,75.136271665
216_2,21,Sub Jail,15.371469170000001,75.13425333
216_2,22,Shani Dev Temple,15.37068583,75.133885835
216_2,23,Old Employment Office (Vishweshwara Nagar)1,15.368805,75.13274333
216_2,24,Gurudev Nagar,15.370411665,75.129690835
216_2,25,Raj Nagar,15.37144917,75.12815333500001
217,1,Cbt,15.3444674193908,75.14520201344315
217,2,Chandrakala Talkies,15.349279164999999,75.145650835
217,3,Railway Station-H,15.352256816846449,75.1453905041761
217,4,Corporation-H,15.3514155,75.14188899999999
217,5,Hubli Obs (Inside),15.3506932154367,75.13637812934971
217,6,Quarters,15.351182,75.1220395
217,7,R.W.H,15.350926000000001,75.1188365
217,8,New Bus Stand-H,15.3505045,75.116761
217,9,Akshay Park,15.350715666666666,75.10896733333333
217,10,Manjunatha Nagar Cross,15.35160868216956,75.10187980363615
217,11,Manjunatha Nagar,15.348510333333332,75.10315100000001
217,12,Shakti Temple Cross,15.3431785,75.1058805
217,13,Surabhi Nagar,15.3428415,75.103325
217_2,1,Surabhi Nagar,15.3428415,75.103325
217_2,2,Shakti Temple Cross,15.3431785,75.1058805
217_2,3,Manjunatha Nagar,15.348510333333332,75.10315100000001
217_2,4,Manjunatha Nagar Cross,15.35160868216956,75.10187980363615
217_2,5,Akshay Park,15.350715666666666,75.10896733333333
217_2,6,New Bus Stand-H,15.3505045,75.116761
217_2,7,R.W.H,15.350926000000001,75.1188365
217_2,8,Quarters,15.351182,75.1220395
217_2,9,Hanuman Temple-H,15.351641,75.128945
217_2,10,Hosur,15.354019,75.130184
217_2,11,Hubli Obs (Outside),15.351252,75.13632
217_2,12,Corporation-H,15.3514155,75.14188899999999
217_2,13,Railway Station-H,15.352256816846449,75.1453905041761
217_2,14,Chandrakala Talkies,15.349279164999999,75.145650835
217_2,15,Cbt,15.3444674193908,75.14520201344315
220,1,Gamanagatti,15.3805,75.0776575
220,2,Karnataka Circle,15.3905505,75.0796525
220,3,Basawesvara Circle,15.3924994160379,75.0816657890525
220,4,Cancer Hospital,15.395116333333334,75.08425199999999
220,5,Navanagar - Hd,15.397025,75.082709
220,6,Rto Office - Hd,15.400535,75.077395
220,7,Suthagatti,15.397573,75.06584050000001
220_2,1,Suthagatti,15.397573,75.06584050000001
220_2,2,Rto Office - Dh,15.400795,75.077217
220_2,3,Navanagar - Dh,15.397351,75.082383
220_2,4,Cancer Hospital,15.395116333333334,75.08425199999999
220_2,5,Basawesvara Circle,15.3924994160379,75.0816657890525
220_2,6,Karnataka Circle,15.3905505,75.0796525
220_2,7,Gamanagatti,15.3805,75.0776575
221,1,New Bus Stand-H,15.3505045,75.116761
221,2,Nw Quartes,15.3512817396366,75.1219944074615
221,3,Bannigida,15.36244125,75.132926
221,4,Hosur Cross,15.355021240701234,75.13037813474448
221,5,Hosur Bus Stand,15.3565659978126,75.1291990054396
221,6,Jg Commerce College,15.3590733525212,75.12783566749385
221,7,Kmc Cross,15.360941839999999,75.126741675
221,8,Gurudatta Bhavana,15.362709,75.1258055
221,9,Arts College,15.364881666666667,75.123965
221,10,Vidya Nagar (Bvb College),15.367777499999999,75.121093
221,11,Prerana College,15.3708185,75.1183415
221,12,Unkal Cross Nh -,15.372411,75.117464
221,13,Unkal,15.3765645,75.113638
221,14,Srinagar Cross H1,15.38187,75.112856
221,15,Fci Godown,15.383718850000001,75.10864355000001
221,16,Bairidevarakoppa,15.386625,75.10593645
221,17,Darga,15.389607,75.101938
221,18,Shantinikethana,15.390966,75.098717
221,19,Apmc,15.3932425,75.0938625
221,20,Apmc  3Rd Gate,15.393835895632,75.0907922101425
221,21,Amargol Cross,15.3949125,75.0864165
221,22,Cancer Hospital,15.395116333333334,75.08425199999999
221,23,Bsr Circle,15.392511333333333,75.08153766666668
221,24,Karnataka Circle,15.3905505,75.0796525
221,25,Shivanand Nagar,15.388482499999999,75.07968149999999
221,26,Kariyamma Temple-H,15.382396499999999,75.078817
221,27,Gamanagatti,15.3805,75.0776575
221_2,1,Gamanagatti,15.3805,75.0776575
221_2,2,Karnataka Circle,15.3905505,75.0796525
221_2,3,Bsr Circle,15.392511333333333,75.08153766666668
221_2,4,Cancer Hospital,15.395116333333334,75.08425199999999
221_2,5,Cancer Hospital Nh,15.3961090821868,75.0841185042992
221_2,6,Amargol Cross,15.3949125,75.0864165
221_2,7,Apmc Gate,15.39422,75.090884
221_2,8,Apmc,15.3932425,75.0938625
221_2,9,Sana College,15.391110000000001,75.098792
221_2,10,Bairidevarakoppa,15.386625,75.10593645
221_2,11,Srinagar Cross H2,15.381787,75.113218
221_2,12,Unkal,15.3765645,75.113638
221_2,13,Unkal Cross Nh,15.372741,75.117554
221_2,14,Prerana College,15.3708185,75.1183415
221_2,15,Vidya Nagar (Bvb College),15.367777499999999,75.121093
221_2,16,Arts College,15.364881666666667,75.123965
221_2,17,Kims,15.360851499999999,75.1268595
221_2,18,Mahila Vidya Pith (Hosur Terminal),15.3570165,75.129171
221_2,19,Hosur Cross,15.355021240701234,75.13037813474448
221_2,20,Hubli Obs (Outside),15.351252,75.13632
221_2,21,Corporetion,15.3509496665923,75.1405427453296
221_2,22,Railway Station-H,15.352256816846449,75.1453905041761
221_2,23,Corporation-H,15.3514155,75.14188899999999
221_2,24,Hubli Obs (Inside),15.3506932154367,75.13637812934971
221_2,25,Hosur,15.354019,75.130184
221_2,26,Bannigida,15.36244125,75.132926
221_2,27,Nw Quarters,15.3511317219972,75.1218468859657
221_2,28,Rwh,15.350895000000001,75.1188075
221_2,29,New Bus Stand-H,15.3505045,75.116761
222,1,Suthagatti,15.397573,75.06584050000001
222,2,Rto Office - Dh,15.400795,75.077217
222,3,Income Tax,15.399124,75.07942550000001
222,4,Cancer Hospital Nh,15.3961090821868,75.0841185042992
222,5,Amargol Cross,15.3949125,75.0864165
222,6,Apmc Gate,15.39422,75.090884
222,7,Apmc,15.3932425,75.0938625
222,8,Sana College,15.391110000000001,75.098792
222,9,Bairidevarakoppa,15.386625,75.10593645
222,10,Srinagar Cross H2,15.381787,75.113218
222,11,Unkal,15.3765645,75.113638
222,12,Unkal Cross Nh,15.372741,75.117554
222,13,Prerana College,15.3708185,75.1183415
222,14,Vidya Nagar (Bvb College),15.367777499999999,75.121093
222,15,Arts College,15.364881666666667,75.123965
222,16,Kims,15.360851499999999,75.1268595
222,17,Mahila Vidya Pith (Hosur Terminal),15.3570165,75.129171
222,18,Hosur Cross,15.355021240701234,75.13037813474448
222,19,Hubli Obs (Outside),15.351252,75.13632
222,20,Corporetion,15.3509496665923,75.1405427453296
222,21,Railway Station-H,15.352256816846449,75.1453905041761
222,22,Corporation-H,15.3514155,75.14188899999999
222,23,Hubli Obs (Inside),15.3506932154367,75.13637812934971
222,24,Hosur,15.354019,75.130184
222,25,Bannigida,15.36244125,75.132926
222,26,Nw Quarters,15.3511317219972,75.1218468859657
222,27,Rwh,15.350895000000001,75.1188075
222,28,New Bus Stand-H,15.3505045,75.116761
225,1,Cbt,15.3444674193908,75.14520201344315
225,2,Chandrakala Talkies,15.349279164999999,75.145650835
225,3,Railway Station-H,15.352256816846449,75.1453905041761
225,4,Corporation-H,15.3514155,75.14188899999999
225,5,Court,15.35244235,75.139162625
225,6,Deshpande Nagar,15.356066776666665,75.13850422333333
225,7,Rotary School,15.358081556666667,75.13616177666667
225,8,Bailappanavar Nagar,15.361658,75.135269
225,9,Pai Hotel,15.363137,75.134859
225,10,Ganesh Temple/ Bridge,15.362004165,75.137006665
225,11,Kaveri,15.364276499999999,75.135463
225,12,Ashok Nagar,15.3653205,75.1365735
225,13,Vijaya Hotel,15.366191,75.13798249999999
225,14,Thirupathi Bajar,15.367727,75.13838999999999
225,15,Lion School,15.369216665,75.138855835
225,16,Miskin Stop,15.37043583,75.137550835
225,17,Santosh Nagar Cross,15.376567,75.13848
225,18,Sub Jail,15.371469170000001,75.13425333
225,19,Shani Dev Temple,15.37068583,75.133885835
225,20,Old Employment Office (Vishweshwara Nagar)1,15.368805,75.13274333
225,21,Gurudev Nagar,15.370411665,75.129690835
225,22,Old Central School,15.409631810922676,75.06308915888033
225,23,Raj Nagar,15.37144917,75.12815333500001
225,24,Hostel-H,15.3701655825,75.1336789175
225,25,Shiradi Nagar,15.3743275,75.125725835
225_2,1,Shiradi Nagar,15.3743275,75.125725835
225_2,2,Hostel-H,15.3701655825,75.1336789175
225_2,3,Old Central School,15.409631810922676,75.06308915888033
225_2,4,Raj Nagar,15.37144917,75.12815333500001
225_2,5,Gurudev Nagar,15.370411665,75.129690835
225_2,6,Old Employment Office (Vishweshwara Nagar)2,15.368805,75.13260667
225_2,7,Shani Dev Temple,15.37068583,75.133885835
225_2,8,Sub Jail,15.371469170000001,75.13425333
225_2,9,Santhosh Nagar Cross,15.371133,75.136187
225_2,10,Miskin Stop,15.37043583,75.137550835
225_2,11,Lion School,15.369216665,75.138855835
225_2,12,Thirupathi Bajar,15.367727,75.13838999999999
225_2,13,Vijaya Hotel,15.366191,75.13798249999999
225_2,14,Ashok Nagar,15.3653205,75.1365735
225_2,15,Kaveri,15.364276499999999,75.135463
225_2,16,Ganesh Temple/ Bridge,15.362004165,75.137006665
225_2,17,Rotary School,15.358081556666667,75.13616177666667
225_2,18,Deshpande Nagar,15.356066776666665,75.13850422333333
225_2,19,Court,15.35244235,75.139162625
225_2,20,Corporation-H,15.3514155,75.14188899999999
225_2,21,Railway Station-H,15.352256816846449,75.1453905041761
225_2,22,Chandrakala Talkies,15.349279164999999,75.145650835
225_2,23,Cbt,15.3444674193908,75.14520201344315
226,1,Kmc,15.361930349652999,75.13062759389733
226,2,Kims,15.360851499999999,75.1268595
226,3,Mahila Vidya Pith (Hosur Terminal),15.3570165,75.129171
226,4,Hosur Cross,15.355021240701234,75.13037813474448
226,5,Hubli Obs (Outside),15.351252,75.13632
226,6,New English School-H,15.339079869999999,75.13709849
226,7,Yallapur Oni,15.3358691662953,75.1416835984268
226_2,1,Yallapur Oni,15.3358691662953,75.1416835984268
226_2,2,New English School-H,15.339079869999999,75.13709849
226_2,3,Hubli Obs (Inside),15.3506932154367,75.13637812934971
226_2,4,Glass House,15.352517,75.133526
226_2,5,Hosur Cross,15.355021240701234,75.13037813474448
226_2,6,Mahila Vidya Pith (Hosur Terminal),15.3570165,75.129171
226_2,7,Jg Commerce College,15.3590733525212,75.12783566749385
226_2,8,Kims,15.360851499999999,75.1268595
226_2,9,Kmc,15.361930349652999,75.13062759389733
227,1,Handicap Hospital,15.341014099160233,75.09836305028783
227,2,Siddharameshwara Nagar,15.339243,75.104348
227,3,Anand Nagar Cross,15.338408165,75.10906066499999
227,4,New Shimla Nagar-X,15.338087999999999,75.1104385
227,5,Fateh Shah Nagar,15.337610665,75.112273165
227,6,Gurunath Nagar,15.337498335,75.114461665
227,7,Abhinaya Nagar,15.337499165,75.117364165
227,8,Siddarudh Mata Cross,15.337141335,75.11975699999999
227,9,Siddharud Mata,15.3352215,75.120312
227,10,Indi Pump,15.3368715,75.127151
227,11,Old Hubli Circle,15.336925333333333,75.13122766666667
227,12,Old Hubli Bridge,15.3370385,75.13481949999999
227,13,Karnataka Bank,15.336913,75.13322149999999
227,14,New English School-H,15.339079869999999,75.13709849
227,15,Kamaripet Police Station,15.344462,75.13667000000001
227,16,Mahalaxmi Complex (Noorani Market),15.3472,75.137158
227,17,Hubli Obs (Inside),15.3506932154367,75.13637812934971
227,18,Glass House,15.352517,75.133526
227,19,Hosur Cross,15.355021240701234,75.13037813474448
227,20,Mahila Vidya Pith (Hosur Terminal),15.3570165,75.129171
227,21,Jg Commerce College,15.3590733525212,75.12783566749385
227,22,Kims,15.360851499999999,75.1268595
227,23,Kmc,15.361930349652999,75.13062759389733
227_2,1,Kmc,15.361930349652999,75.13062759389733
227_2,2,Kmc Cross,15.360941839999999,75.126741675
227_2,3,Mahila Vidya Pith (Hosur Terminal),15.3570165,75.129171
227_2,4,Hosur Cross,15.355021240701234,75.13037813474448
227_2,5,Hubli Obs (Outside),15.351252,75.13632
227_2,6,Mahalaxmi Complex (Noorani Market),15.3472,75.137158
227_2,7,Kamaripet Police Station,15.344462,75.13667000000001
227_2,8,New English School-H,15.339079869999999,75.13709849
227_2,9,Old Hubli Bridge,15.3370385,75.13481949999999
227_2,10,Old Hubli Circle,15.336925333333333,75.13122766666667
227_2,11,Indi Pump,15.3368715,75.127151
227_2,12,Siddharud Mata Cross,15.335276666666667,75.12420200000001
227_2,13,Siddharud Mata,15.3352215,75.120312
227_2,14,Siddarudh Mata Cross,15.337141335,75.11975699999999
227_2,15,Abhinaya Nagar,15.337499165,75.117364165
227_2,16,Gurunath Nagar,15.337498335,75.114461665
227_2,17,Fateh Shah Nagar,15.337610665,75.112273165
227_2,18,New Shimla Nagar-X,15.338087999999999,75.1104385
227_2,19,Anand Nagar Cross,15.338408165,75.10906066499999
227_2,20,Siddharameshwara Nagar,15.339243,75.104348
227_2,21,Handicap Hospital,15.341014099160233,75.09836305028783
228,1,Railway Station-H,15.352256816846449,75.1453905041761
228,2,Corporation-H,15.3514155,75.14188899999999
228,3,Hubli Obs (Inside),15.3506932154367,75.13637812934971
228,4,Glass House,15.352517,75.133526
228,5,Hosur,15.354019,75.130184
228,6,Hanuman Temple-H,15.351641,75.128945
228,7,Bannigida,15.36244125,75.132926
228,8,Quarters,15.351182,75.1220395
228,9,Rwh,15.350895000000001,75.1188075
228,10,New Bus Stand-H,15.3505045,75.116761
228_2,1,New Bus Stand-H,15.3505045,75.116761
228_2,2,Rwh,15.350895000000001,75.1188075
228_2,3,Quarters,15.351182,75.1220395
228_2,4,Bannigida,15.36244125,75.132926
228_2,5,Hanuman Temple-H,15.351641,75.128945
228_2,6,Hosur,15.354019,75.130184
228_2,7,Hubli Obs (Outside),15.351252,75.13632
228_2,8,Corporation-H,15.3514155,75.14188899999999
228_2,9,Railway Station-H,15.352256816846449,75.1453905041761
23,1,Cbt,15.3444674193908,75.14520201344315
23,2,Chandrakala Talkies,15.349279164999999,75.145650835
23,3,Railway Station-H,15.352256816846449,75.1453905041761
23,4,Corporation-H,15.3514155,75.14188899999999
23,5,Hubli Obs (Inside),15.3506932154367,75.13637812934971
23,6,Glass House,15.352517,75.133526
23,7,Hosur Cross,15.355021240701234,75.13037813474448
23,8,Mahila Vidya Pith (Hosur Terminal),15.3570165,75.129171
23,9,Jg Commerce College,15.3590733525212,75.12783566749385
23,10,Kmc Cross,15.360941839999999,75.126741675
23,11,Arts College,15.364881666666667,75.123965
23,12,Shirur Park,15.36323175,75.12155025
23,13,Ayyappa Swamy Temple,15.361648,75.116865
23,14,Siddeshwara Park (Shirur Park 2Nd Stage),15.361253,75.115418
23,15,Siddheshwara Park Cross (Chetana College Cross),15.36164207250455,75.115315546282
23,16,Bharati Nagar Cl,15.3625350107416,75.11508945607505
23,17,Banashankari Extension,15.363427000000001,75.11477066666667
23,18,Devi Nagar,15.3656405,75.113105
23,19,Bridge (Kumar Vyas Nagar),15.367766371980451,75.11284460872051
23,20,Katti Mangalamma Temple,15.3693095,75.113074
23,21,Lingaraj Nagar Cross,15.3712665,75.11286949999999
23,22,Lingaraj Nagar,15.371235,75.1145075
23_2,1,Lingaraj Nagar,15.371235,75.1145075
23_2,2,Lingaraj Nagar Cross,15.3712665,75.11286949999999
23_2,3,Katti Mangalamma Temple,15.3693095,75.113074
23_2,4,Bridge (Kumar Vyas Nagar),15.367766371980451,75.11284460872051
23_2,5,Devi Nagar,15.3656405,75.113105
23_2,6,Banashankari Extension,15.363427000000001,75.11477066666667
23_2,7,Bharati Nagar Cl,15.3625350107416,75.11508945607505
23_2,8,Siddheshwara Park Cross (Chetana College Cross),15.36164207250455,75.115315546282
23_2,9,Siddeshwara Park (Shirur Park 2Nd Stage),15.361253,75.115418
23_2,10,Ayyappa Swamy Temple,15.361648,75.116865
23_2,11,Shirur Park,15.36323175,75.12155025
23_2,12,Arts College,15.364881666666667,75.123965
23_2,13,Kmc Cross,15.360941839999999,75.126741675
23_2,14,Mahila Vidya Pith (Hosur Terminal),15.3570165,75.129171
23_2,15,Hosur Cross,15.355021240701234,75.13037813474448
23_2,16,Hubli Obs (Outside),15.351252,75.13632
23_2,17,Corporation-H,15.3514155,75.14188899999999
23_2,18,Railway Station-H,15.352256816846449,75.1453905041761
23_2,19,Chandrakala Talkies,15.349279164999999,75.145650835
23_2,20,Cbt,15.3444674193908,75.14520201344315
231,1,Kmc,15.361930349652999,75.13062759389733
231,2,Kims,15.360851499999999,75.1268595
231,3,Mahila Vidya Pith (Hosur Terminal),15.3570165,75.129171
231,4,Hosur Cross,15.355021240701234,75.13037813474448
231,5,Hubli Obs (Outside),15.351252,75.13632
231,6,Mahalaxmi Complex (Noorani Market),15.3472,75.137158
231,7,Kamaripet Police Station,15.344462,75.13667000000001
231,8,New English School-H,15.339079869999999,75.13709849
231,9,Old Hubli Bridge,15.3370385,75.13481949999999
231,10,Old Hubli Circle,15.336925333333333,75.13122766666667
231,11,Old Hubli,15.336402,75.131203
231,12,Grid Sh,15.331695,75.1206375
231,13,Nekkar Nagar,15.3244015,75.1266585
231_2,1,Nekkar Nagar,15.3244015,75.1266585
231_2,2,Grid Sh,15.331695,75.1206375
231_2,3,Old Hubli,15.336402,75.131203
231_2,4,Old Hubli Circle,15.336925333333333,75.13122766666667
231_2,5,Old Hubli Bridge,15.3370385,75.13481949999999
231_2,6,New English School-H,15.339079869999999,75.13709849
231_2,7,Kamaripet Police Station,15.344462,75.13667000000001
231_2,8,Mahalaxmi Complex (Noorani Market),15.3472,75.137158
231_2,9,Hubli Obs (Inside),15.3506932154367,75.13637812934971
231_2,10,Glass House,15.352517,75.133526
231_2,11,Hosur Cross,15.355021240701234,75.13037813474448
231_2,12,Mahila Vidya Pith (Hosur Terminal),15.3570165,75.129171
231_2,13,Jg Commerce College,15.3590733525212,75.12783566749385
231_2,14,Kims,15.360851499999999,75.1268595
231_2,15,Kmc,15.361930349652999,75.13062759389733
232,1,Siddharud Mata,15.3352215,75.120312
232,2,Siddarudh Mata Cross,15.337141335,75.11975699999999
232,3,Anand Nagar Cross,15.338408165,75.10906066499999
232,4,Anand Nagar,15.3405635,75.10731100000001
232,5,Manjunatha Nagar,15.348510333333332,75.10315100000001
232,6,Manjunatha Nagar Cross,15.35160868216956,75.10187980363615
232,7,Akshay Park,15.350715666666666,75.10896733333333
232,8,2Nd Gate,15.350479,75.111707
232,9,1St Gate,15.3506565,75.11479
232,10,New Bus Stand-H,15.3505045,75.116761
232,11,Rwh,15.350895000000001,75.1188075
232,12,Quarters,15.351182,75.1220395
232,13,Bannigida,15.36244125,75.132926
232,14,Hosur,15.354019,75.130184
232,15,Hubli Obs (Outside),15.351252,75.13632
232,16,Corporation-H,15.3514155,75.14188899999999
232,17,Railway Station-H,15.352256816846449,75.1453905041761
232,18,Chandrakala Talkies,15.349279164999999,75.145650835
232,19,Cbt,15.3444674193908,75.14520201344315
232_2,1,Cbt,15.3444674193908,75.14520201344315
232_2,2,Chandrakala Talkies,15.349279164999999,75.145650835
232_2,3,Railway Station-H,15.352256816846449,75.1453905041761
232_2,4,Corporation-H,15.3514155,75.14188899999999
232_2,5,Hubli Obs (Inside),15.3506932154367,75.13637812934971
232_2,6,Glass House,15.352517,75.133526
232_2,7,Hosur,15.354019,75.130184
232_2,8,Bannigida,15.36244125,75.132926
232_2,9,Quarters,15.351182,75.1220395
232_2,10,Rwh,15.350895000000001,75.1188075
232_2,11,New Bus Stand-H,15.3505045,75.116761
232_2,12,1St Gate,15.3506565,75.11479
232_2,13,2Nd Gate,15.350479,75.111707
232_2,14,Akshay Park,15.350715666666666,75.10896733333333
232_2,15,Manjunatha Nagar Cross,15.35160868216956,75.10187980363615
232_2,16,Manjunatha Nagar,15.348510333333332,75.10315100000001
232_2,17,Anand Nagar,15.3405635,75.10731100000001
232_2,18,Anand Nagar Cross,15.338408165,75.10906066499999
232_2,19,Siddarudh Mata Cross,15.337141335,75.11975699999999
232_2,20,Siddharud Mata,15.3352215,75.120312
238,1,Suthagatti,15.397573,75.06584050000001
238,2,Amar Nagar,15.399609,75.07069000000001
238,3,Karnataka Law Univercity,15.400025,75.071355
238,4,Sankalpa Semiconductors,15.3962635,75.07583199999999
238,5,Navanagar City,15.394359,75.0790555
238,6,Bsr Circle,15.392511333333333,75.08153766666668
238,7,Cancer Hospital,15.395116333333334,75.08425199999999
238,8,Cancer Hospital Nh,15.3961090821868,75.0841185042992
238,9,Amargol Cross,15.3949125,75.0864165
238,10,Apmc Gate,15.39422,75.090884
238,11,Apmc,15.3932425,75.0938625
238,12,Sana College,15.391110000000001,75.098792
238,13,Darga,15.389607,75.101938
238,14,Bairidevarakoppa,15.386625,75.10593645
238,15,Fci Godown,15.383718850000001,75.10864355000001
238,16,Srinagar Cross H2,15.381787,75.113218
238,17,Unkal,15.3765645,75.113638
238,18,Unkal Cross Nh,15.372741,75.117554
238,19,Prerana College,15.3708185,75.1183415
238,20,Vidya Nagar (Bvb College),15.367777499999999,75.121093
238,21,Arts College,15.364881666666667,75.123965
238,22,Gurudatta Bhavana,15.362709,75.1258055
238,23,Kims,15.360851499999999,75.1268595
238,24,Mahila Vidya Pith (Hosur Terminal),15.3570165,75.129171
238,25,Hosur Cross,15.355021240701234,75.13037813474448
238,26,Hubli Obs (Outside),15.351252,75.13632
24,1,Venkatesh Nagar,15.345845,75.0994115
24,2,Venkteshwara Temple-H,15.358057666666667,75.10993366666666
24,3,Manjunatha Nagar,15.348510333333332,75.10315100000001
24,4,Manjunatha Nagar Cross,15.35160868216956,75.10187980363615
24,5,Basaveshwara Nagar Cross,15.351390666666667,75.10335466666668
24,6,Akshay Park,15.350715666666666,75.10896733333333
24,7,2Nd Gate,15.350479,75.111707
24,8,1St Gate,15.3506565,75.11479
24,9,New Bus Stand-H,15.3505045,75.116761
24,10,Rwh,15.350895000000001,75.1188075
24,11,Quarters,15.351182,75.1220395
24,12,Bannigida,15.36244125,75.132926
24,13,Hosur,15.354019,75.130184
24,14,Basava Vana (Old Bus Stand),15.352206,75.135204
24,15,Hubli Obs (Outside),15.351252,75.13632
24,16,Corporation-H,15.3514155,75.14188899999999
24,17,Railway Station-H,15.352256816846449,75.1453905041761
24,18,Chandrakala Talkies,15.349279164999999,75.145650835
24,19,Cbt,15.3444674193908,75.14520201344315
24_2,1,Cbt,15.3444674193908,75.14520201344315
24_2,2,Chandrakala Talkies,15.349279164999999,75.145650835
24_2,3,Railway Station-H,15.352256816846449,75.1453905041761
24_2,4,Corporation-H,15.3514155,75.14188899999999
24_2,5,Hubli Obs (Inside),15.3506932154367,75.13637812934971
24_2,6,Glass House,15.352517,75.133526
24_2,7,Hosur,15.354019,75.130184
24_2,8,Bannigida,15.36244125,75.132926
24_2,9,Quarters,15.351182,75.1220395
24_2,10,Rwh,15.350895000000001,75.1188075
24_2,11,New Bus Stand-H,15.3505045,75.116761
24_2,12,1St Gate,15.3506565,75.11479
24_2,13,2Nd Gate,15.350479,75.111707
24_2,14,Akshay Park,15.350715666666666,75.10896733333333
24_2,15,Basaveshwara Nagar Cross,15.351390666666667,75.10335466666668
24_2,16,Manjunatha Nagar Cross,15.35160868216956,75.10187980363615
24_2,17,Manjunatha Nagar,15.348510333333332,75.10315100000001
24_2,18,Venkteshwara Temple-H,15.358057666666667,75.10993366666666
24_2,19,Venkatesh Nagar,15.345845,75.0994115
244,1,Mahila Vidya Pith (Hosur Terminal),15.3570165,75.129171
244,2,Kims,15.360851499999999,75.1268595
244,3,Arts College,15.364881666666667,75.123965
244,4,Vidya Nagar (Bvb College),15.367777499999999,75.121093
244,5,Unkal Cross Nh -,15.372411,75.117464
244,6,Unkal,15.3765645,75.113638
244,7,Srinagar Cross H1,15.38187,75.112856
244,8,Fci Godown,15.383718850000001,75.10864355000001
244,9,Bairidevarakoppa,15.386625,75.10593645
244,10,Sana College,15.391110000000001,75.098792
244,11,Apmc  3Rd Gate,15.393835895632,75.0907922101425
244,12,Cancer Hospital,15.395116333333334,75.08425199999999
244,13,Bsr Circle,15.392511333333333,75.08153766666668
244,14,Karnataka Circle,15.3905505,75.0796525
244_2,1,Karnataka Circle,15.3905505,75.0796525
244_2,2,Bsr Circle,15.392511333333333,75.08153766666668
244_2,3,Cancer Hospital,15.395116333333334,75.08425199999999
244_2,4,Apmc Gate,15.39422,75.090884
244_2,5,Sana College,15.391110000000001,75.098792
244_2,6,Bairidevarakoppa,15.386625,75.10593645
244_2,7,Fci Godown,15.383718850000001,75.10864355000001
244_2,8,Srinagar Cross H2,15.381787,75.113218
244_2,9,Unkal,15.3765645,75.113638
244_2,10,Unkal Cross Nh,15.372741,75.117554
244_2,11,Vidya Nagar (Bvb College),15.367777499999999,75.121093
244_2,12,Arts College,15.364881666666667,75.123965
244_2,13,Kims,15.360851499999999,75.1268595
244_2,14,Mahila Vidya Pith (Hosur Terminal),15.3570165,75.129171
245,1,Karnataka Circle,15.3905505,75.0796525
245,2,Basawesvara Circle,15.3924994160379,75.0816657890525
245,3,Cancer Hospital,15.395116333333334,75.08425199999999
245,4,Navanagar - Hd,15.397025,75.082709
245,5,Rto Office - Hd,15.400535,75.077395
245,6,Karnataka Law Univercity,15.400025,75.071355
245,7,Amar Nagar,15.399609,75.07069000000001
245,8,Suthagatti,15.397573,75.06584050000001
245_2,1,Suthagatti,15.397573,75.06584050000001
245_2,2,Amar Nagar,15.399609,75.07069000000001
245_2,3,Karnataka Law Univercity,15.400025,75.071355
245_2,4,Rto Office - Dh,15.400795,75.077217
245_2,5,Navanagar - Dh,15.397351,75.082383
245_2,6,Cancer Hospital,15.395116333333334,75.08425199999999
245_2,7,Basawesvara Circle,15.3924994160379,75.0816657890525
245_2,8,Karnataka Circle,15.3905505,75.0796525
246,1,Sulla,15.4509645,75.1773325
246,2,Sulla 2Nd Stop,15.448762,75.17872
246,3,Sulla 1St Stop,15.44656,75.178608
246,4,Sulla Thota,15.437959,75.179678
246,5,Sulla Halla,15.4284005,75.180678
246,6,Addadari(Keri),15.409790000000001,75.183855
246,7,Gudi,15.402464976896798,75.17684404233755
246,8,Sai Garden,15.3935365,75.16922249999999
246,9,Sun City Park,15.384540881493768,75.16035736580979
246,10,Gopankoppa Cross/Railway Bridge,15.3823705,75.15597650000001
246,11,Basaveshwara Park,15.377794000000002,75.155842
246,12,Hotel Preeti,15.373682500000001,75.15467699999999
246,13,Shanti Nagar,15.36862475,75.15065625
246,14,Ramesh Bhavan,15.364672013333333,75.14898840666666
246,15,Keshwapur,15.3592285,75.1462065
246,16,Court Circle Sh,15.352425499999999,75.139278
246,17,Obs Sh,15.350251965647585,75.1356732192144
246,18,Hosur Terminal,15.3570921772309,75.12880797876
246_2,1,Hosur Terminal,15.3570921772309,75.12880797876
246_2,2,Obs Sh,15.350251965647585,75.1356732192144
246_2,3,Court Circle Sh,15.352425499999999,75.139278
246_2,4,Keshwapur,15.3592285,75.1462065
246_2,5,Ramesh Bhavan,15.364672013333333,75.14898840666666
246_2,6,Shanti Nagar,15.36862475,75.15065625
246_2,7,Hotel Preeti,15.373682500000001,75.15467699999999
246_2,8,Basaveshwara Park,15.377794000000002,75.155842
246_2,9,Gopankoppa Cross/Railway Bridge,15.3823705,75.15597650000001
246_2,10,Sun City Park,15.384540881493768,75.16035736580979
246_2,11,Sai Garden,15.3935365,75.16922249999999
246_2,12,Gudi,15.402464976896798,75.17684404233755
246_2,13,Addadari(Keri),15.409790000000001,75.183855
246_2,14,Sulla Halla,15.4284005,75.180678
246_2,15,Sulla Thota,15.437959,75.179678
246_2,16,Sulla 1St Stop,15.44656,75.178608
246_2,17,Sulla 2Nd Stop,15.448762,75.17872
246_2,18,Sulla,15.4509645,75.1773325
247,1,Railway Station-H,15.352256816846449,75.1453905041761
247,2,Corporation-H,15.3514155,75.14188899999999
247,3,Hubli Obs (Inside),15.3506932154367,75.13637812934971
247,4,Glass House,15.352517,75.133526
247,5,Hosur Cross,15.355021240701234,75.13037813474448
247,6,Hosur (Canara Hotel),15.35544155,75.13006884
247,7,Hosur Corridor,15.35691,75.12888600000001
247,8,Kims,15.360851499999999,75.1268595
247,9,Gurudatta Bhavana,15.362709,75.1258055
247,10,Arts College,15.364881666666667,75.123965
247,11,Vidya Nagar (Bvb College),15.367777499999999,75.121093
247,12,Prerana College,15.3708185,75.1183415
247,13,Unkal Cross Nh -,15.372411,75.117464
247,14,Unkal,15.3765645,75.113638
247,15,Srinagar Cross H1,15.38187,75.112856
247,16,Fci Godown,15.383718850000001,75.10864355000001
247,17,Bairidevarakoppa,15.386625,75.10593645
247,18,Darga,15.389607,75.101938
247,19,Shantinikethana,15.390966,75.098717
247,20,Apmc,15.3932425,75.0938625
247,21,Amargol Cross,15.3949125,75.0864165
247,22,Navanagar Corridor,15.3960601038671,75.0840843651925
247,23,Income Tax,15.399124,75.07942550000001
247,24,Rto Office,15.4009860428,75.0768215810204
247,25,K S F C,15.404317500000001,75.07099
247,26,Iskcon Temple,15.4052915,75.0688875
247,27,Rayapur,15.4060195,75.066791
247,28,K M F 1 - D2,15.409168,75.060733
247,29,Navalur Railway Station,15.4145235,75.05549149999999
247,30,Sdm Medical College,15.417109499999999,75.048833
247,31,Sattur Cross,15.417904499999999,75.04446300000001
247,32,Dental,15.418661,75.0412665
247,33,Dental Cross,15.42007155278445,75.0393727901783
247,34,Tadasinakoppa Cross,15.413162999999999,75.03226833333333
247,35,Navalur Cross,15.42720845,75.03424239
247,36,Ozone,15.430247999999999,75.0305755
247,37,Navlur K E B,15.4314745,75.027285
247,38,Lakamanahalli Corridor,15.432593,75.02541049999999
247,39,Kmf - D,15.4338825,75.0236025
247,40,Yalakki Shetter Colony,15.436132941869051,75.02176938649085
247,41,Gandhi Nagar Cross - D,15.4372,75.01961700000001
247,42,Vidya Giri,15.44013,75.017589
247,43,Suvarna Petrol Bunk,15.442373,75.015536
247,44,Modern Hall,15.444540250000001,75.01296325
247,45,Toll Naka - D,15.446940982389,75.01232067405317
247,46,Hosa Yallapur Cross,15.45037325,75.01101975
247,47,Nttf,15.4523115,75.0104
247,48,Court Circle,15.456254999999999,75.00698
247,49,Jubilee Circle,15.45894575,75.00781925
247,50,Anjuman Circle,15.4603407729333,75.0099570147152
247,51,Cbt-D,15.4606685,75.01141700000001
247_2,1,Cbt-D,15.4606685,75.01141700000001
247_2,2,Old Bus Stand Dharwad,15.459724,75.009244
247_2,3,Jubilee Circle,15.45894575,75.00781925
247_2,4,Court Circle,15.456254999999999,75.00698
247_2,5,Nttf,15.4523115,75.0104
247_2,6,Hosa Yallapur Cross,15.45037325,75.01101975
247_2,7,Toll Naka - D,15.446940982389,75.01232067405317
247_2,8,Modern Hall,15.444540250000001,75.01296325
247_2,9,Suvarna Petrol Bunk,15.442373,75.015536
247_2,10,Vidya Giri,15.44013,75.017589
247_2,11,Gandhi Nagar Cross - D,15.4372,75.01961700000001
247_2,12,Yalakki Shetter Colony,15.436132941869051,75.02176938649085
247_2,13,Kmf - D,15.4338825,75.0236025
247_2,14,Lakamanahalli Corridor,15.432593,75.02541049999999
247_2,15,Navlur K E B,15.4314745,75.027285
247_2,16,Ozone,15.430247999999999,75.0305755
247_2,17,Navlur Cross,15.42782197,75.0337055
247_2,18,Navalur Cross,15.42720845,75.03424239
247_2,19,Dental Cross,15.42007155278445,75.0393727901783
247_2,20,Dental,15.418661,75.0412665
247_2,21,Sattur Cross,15.417904499999999,75.04446300000001
247_2,22,Sdm Medical College,15.417109499999999,75.048833
247_2,23,Navalur Railway Station,15.4145235,75.05549149999999
247_2,24,K M F 1 - D,15.410093,75.060422
247_2,25,Rayapur,15.4060195,75.066791
247_2,26,Iskcon Temple,15.4052915,75.0688875
247_2,27,K S F C,15.404317500000001,75.07099
247_2,28,Rto Office,15.4009860428,75.0768215810204
247_2,29,Income Tax,15.399124,75.07942550000001
247_2,30,Navanagar Corridor,15.3960601038671,75.0840843651925
247_2,31,Amargol Cross,15.3949125,75.0864165
247_2,32,Apmc Gate,15.39422,75.090884
247_2,33,Apmc,15.3932425,75.0938625
247_2,34,Sana College,15.391110000000001,75.098792
247_2,35,Darga,15.389607,75.101938
247_2,36,Bairidevarakoppa,15.386625,75.10593645
247_2,37,Fci Godown,15.383718850000001,75.10864355000001
247_2,38,Srinagar Cross H2,15.381787,75.113218
247_2,39,Unkal,15.3765645,75.113638
247_2,40,Unkal Cross Nh,15.372741,75.117554
247_2,41,Prerana College,15.3708185,75.1183415
247_2,42,Vidya Nagar (Bvb College),15.367777499999999,75.121093
247_2,43,Arts College,15.364881666666667,75.123965
247_2,44,Gurudatta Bhavana,15.362709,75.1258055
247_2,45,Kims,15.360851499999999,75.1268595
247_2,46,Mahila Vidya Pith (Hosur Terminal),15.3570165,75.129171
247_2,47,Hosur,15.354019,75.130184
247_2,48,Hubli Obs (Outside),15.351252,75.13632
247_2,49,Corporation-H,15.3514155,75.14188899999999
247_2,50,Railway Station-H,15.352256816846449,75.1453905041761
248,1,Hosur Terminal,15.3570921772309,75.12880797876
248,2,Obs Sh,15.350251965647585,75.1356732192144
248,3,Court Circle Sh,15.352425499999999,75.139278
248,4,Keshwapur Sh,15.360063,75.1473375
248,5,Madhura Colony Sh,15.363309000000001,75.155224
248,6,Shabiri Nagar Cross Sh,15.364848,75.159729
248,7,Srinivas Garden,15.366199,75.1639215
248,8,Oxford College,15.367183582409801,75.16689893132124
248,9,Durga Colony / Neeli Bangle,15.375891969689,75.1870149928382
248,10,Ram Honda,15.378467,75.1916945
248,11,Kusgal Siddharuda Matta,15.379963499999999,75.1944465
248,12,Kusgal Maruthi Nagar,15.390912,75.209797
248,13,Ms,15.39413,75.21159
248,14,Kusgal,15.398178999999999,75.210397
248,15,Kusgal Plot,15.4008565,75.2103995
248,16,Furniture Factory,15.4093605,75.20893050000001
248,17,Halla,15.448173,75.09090675
248,18,M/S L1,15.4289842141487,75.205125630391
248,19,Byahatti 1St Stop,15.444604,75.206636
248,20,Byahatti 2Nd Stop,15.447723,75.207453
248,21,Byahatti,15.4496065,75.208936
248,22,Byhatti Halla,15.4515253939388,75.19899817688545
248,23,Sulla,15.4509645,75.1773325
248_2,1,Sulla,15.4509645,75.1773325
248_2,2,Byhatti Halla,15.4515253939388,75.19899817688545
248_2,3,Byahatti,15.4496065,75.208936
248_2,4,Byahatti 2Nd Stop,15.447723,75.207453
248_2,5,Byahatti 1St Stop,15.444604,75.206636
248_2,6,M/S L,15.428984963726,75.2051486430715
248_2,7,Halla,15.448173,75.09090675
248_2,8,Furniture Factory,15.4093605,75.20893050000001
248_2,9,Kusgal Plot,15.4008565,75.2103995
248_2,10,Kusgal,15.398178999999999,75.210397
248_2,11,Ms,15.39413,75.21159
248_2,12,Kusgal Maruthi Nagar,15.390912,75.209797
248_2,13,Kusgal Siddharuda Matta,15.379963499999999,75.1944465
248_2,14,Ram Honda,15.378467,75.1916945
248_2,15,Durga Colony / Neeli Bangle,15.375891969689,75.1870149928382
248_2,16,Oxford College,15.367183582409801,75.16689893132124
248_2,17,Srinivas Garden,15.366199,75.1639215
248_2,18,Shabiri Nagar Cross Sh,15.364848,75.159729
248_2,19,Madhura Colony Sh,15.363309000000001,75.155224
248_2,20,Keshwapur Sh,15.360063,75.1473375
248_2,21,Court Circle Sh,15.352425499999999,75.139278
248_2,22,Obs Sh,15.350251965647585,75.1356732192144
248_2,23,Hosur Terminal,15.3570921772309,75.12880797876
249,1,Thimmasagara,15.310089999999999,75.112235
249,2,M/S,15.322433499999999,75.120449
249,3,Santhosh Nagar,15.322579000000001,75.1217745
249,4,Guru Siddeshwara Nagar,15.3230545,75.12325849999999
249,5,Nekkar Nagar,15.3244015,75.1266585
249,6,Bridge,15.324110000000001,75.128724
249,7,Someshwara Nagar,15.3235005,75.1312415
249,8,Eshwar Nagar,15.326359,75.1317
249,9,Junglee Pet,15.332587,75.13202849999999
249,10,Old Hubli,15.336402,75.131203
249,11,Old Hubli Circle,15.336925333333333,75.13122766666667
249,12,New English School-H,15.339079869999999,75.13709849
249,13,Mahalaxmi Complex (Noorani Market),15.3472,75.137158
249,14,Hubli Obs (Inside),15.3506932154367,75.13637812934971
249,15,Court,15.35244235,75.139162625
249,16,Deshpande Nagar,15.356066776666665,75.13850422333333
249,17,Rotary School,15.358081556666667,75.13616177666667
249,18,Bailappanavar Nagar,15.361658,75.135269
249,19,Pai Hotel,15.363137,75.134859
249,20,Ganesh Temple/ Bridge,15.362004165,75.137006665
249,21,Kaveri,15.364276499999999,75.135463
249,22,Ashok Nagar,15.3653205,75.1365735
249,23,Vijaya Hotel,15.366191,75.13798249999999
249,24,Thirupathi Bajar,15.367727,75.13838999999999
249,25,Lion School,15.369216665,75.138855835
249,26,Miskin Stop,15.37043583,75.137550835
249,27,Santhosh Nagar Cross,15.371133,75.136187
249,28,Sub Jail,15.371469170000001,75.13425333
249,29,Shani Dev Temple,15.37068583,75.133885835
249,30,Old Employment Office (Vishweshwara Nagar)1,15.368805,75.13274333
249,31,Gurudev Nagar,15.370411665,75.129690835
249,32,Raj Nagar,15.37144917,75.12815333500001
249_2,1,Raj Nagar,15.37144917,75.12815333500001
249_2,2,Gurudev Nagar,15.370411665,75.129690835
249_2,3,Old Employment Office (Vishweshwara Nagar)2,15.368805,75.13260667
249_2,4,Shani Dev Temple,15.37068583,75.133885835
249_2,5,Sub Jail,15.371469170000001,75.13425333
249_2,6,Adhyapak Nagar,15.371115835,75.136271665
249_2,7,Miskin Stop,15.37043583,75.137550835
249_2,8,Lion School,15.369216665,75.138855835
249_2,9,Vijaya Nagar,15.3676295,75.1384245
249_2,10,Vijaya Hotel,15.366191,75.13798249999999
249_2,11,Ashok Nagar,15.3653205,75.1365735
249_2,12,Garden,15.364202835,75.13543949999999
249_2,13,Ganesh Temple/ Bridge,15.362004165,75.137006665
249_2,14,Rotary School,15.358081556666667,75.13616177666667
249_2,15,Deshpande Nagar,15.356066776666665,75.13850422333333
249_2,16,Court,15.35244235,75.139162625
249_2,17,Hubli Obs (Inside),15.3506932154367,75.13637812934971
249_2,18,Mahalaxmi Complex (Noorani Market),15.3472,75.137158
249_2,19,New English School-H,15.339079869999999,75.13709849
249_2,20,Old Hubli Circle,15.336925333333333,75.13122766666667
249_2,21,Old Hubli,15.336402,75.131203
249_2,22,Junglee Pet,15.332587,75.13202849999999
249_2,23,Eshwar Nagar,15.326359,75.1317
249_2,24,Someshwara Nagar,15.3235005,75.1312415
249_2,25,Bridge,15.324110000000001,75.128724
249_2,26,Nekar Nagar,15.324672,75.126899
249_2,27,Guru Siddeshwara Nagar,15.3230545,75.12325849999999
249_2,28,S.K.Colony-Shivashakti Nagar,15.322441,75.120385
249_2,29,Thimmasagara,15.310089999999999,75.112235
25,1,Kmc,15.361930349652999,75.13062759389733
25,2,Kims,15.360851499999999,75.1268595
25,3,Mahila Vidya Pith (Hosur Terminal),15.3570165,75.129171
25,4,Hosur Cross,15.355021240701234,75.13037813474448
25,5,Hubli Obs (Outside),15.351252,75.13632
25,6,Corporation-H,15.3514155,75.14188899999999
25,7,Railway Station-H,15.352256816846449,75.1453905041761
25,8,Chandrakala Talkies,15.349279164999999,75.145650835
25,9,Cbt,15.3444674193908,75.14520201344315
25,10,Shantinikethan School,15.342402499999999,75.1480995
25,11,Settlement 1St Stop,15.3397805,75.1481045
25,12,Settlement 2Nd Stop,15.3360605,75.1476655
25,13,Karki Basaveshwara Nagar,15.334498,75.147783
25,14,Hosmani Kalyana Mantapa,15.3314765,75.1493785
25,15,Bidnal Cross,15.3290369325,75.14660269
25,16,Indira Canteen,15.3276405,75.151938
25,17,Soniya Gandhi Nagar,15.3294475,75.15220450000001
25_2,1,Soniya Gandhi Nagar,15.3294475,75.15220450000001
25_2,2,Indira Canteen,15.3276405,75.151938
25_2,3,Bidnal Cross,15.3290369325,75.14660269
25_2,4,Hosmani Kalyana Mantapa,15.3314765,75.1493785
25_2,5,Karki Basaveshwara Nagar,15.334498,75.147783
25_2,6,Settlement 2Nd Stop,15.3360605,75.1476655
25_2,7,Settlement 1St Stop,15.3397805,75.1481045
25_2,8,Shantinikethan School,15.342402499999999,75.1480995
25_2,9,Cbt,15.3444674193908,75.14520201344315
25_2,10,Chandrakala Talkies,15.349279164999999,75.145650835
25_2,11,Railway Station-H,15.352256816846449,75.1453905041761
25_2,12,Corporation-H,15.3514155,75.14188899999999
25_2,13,Hubli Obs (Inside),15.3506932154367,75.13637812934971
25_2,14,Glass House,15.352517,75.133526
25_2,15,Hosur Cross,15.355021240701234,75.13037813474448
25_2,16,Mahila Vidya Pith (Hosur Terminal),15.3570165,75.129171
25_2,17,Jg Commerce College,15.3590733525212,75.12783566749385
25_2,18,Kims,15.360851499999999,75.1268595
25_2,19,Kmc,15.361930349652999,75.13062759389733
250,1,Raj Nagar,15.37144917,75.12815333500001
250,2,Gurudev Nagar,15.370411665,75.129690835
250,3,Old Employment Office (Vishweshwara Nagar)2,15.368805,75.13260667
250,4,Shani Dev Temple,15.37068583,75.133885835
250,5,Sub Jail,15.371469170000001,75.13425333
250,6,Adhyapak Nagar,15.371115835,75.136271665
250,7,Miskin Stop,15.37043583,75.137550835
250,8,Lion School,15.369216665,75.138855835
250,9,Vijaya Nagar,15.3676295,75.1384245
250,10,Vijaya Hotel,15.366191,75.13798249999999
250,11,Ashok Nagar,15.3653205,75.1365735
250,12,Garden,15.364202835,75.13543949999999
250,13,Ganesh Temple/ Bridge,15.362004165,75.137006665
250,14,Rotary School,15.358081556666667,75.13616177666667
250,15,Deshpande Nagar,15.356066776666665,75.13850422333333
250,16,Court,15.35244235,75.139162625
250,17,Hubli Obs (Outside),15.351252,75.13632
250,18,Noorani Market,15.3487605349152,75.13799986249865
250,19,Mahalaxmi Complex (Noorani Market),15.3472,75.137158
250,20,Kamaripet Police Station,15.344462,75.13667000000001
250,21,Koulpet,15.341852,75.13674850000001
250,22,New English School-H,15.339079869999999,75.13709849
250,23,Old Hubli Bridge,15.3370385,75.13481949999999
250,24,Karnataka Bank,15.336913,75.13322149999999
250,25,Old Hubli,15.336402,75.131203
250,26,Junglee Pet,15.332587,75.13202849999999
250,27,Eshwar Nagar,15.326359,75.1317
250,28,Someshwara Nagar,15.3235005,75.1312415
250,29,Bridge,15.324110000000001,75.128724
250,30,Nekkar Nagar,15.3244015,75.1266585
250_2,1,Nekkar Nagar,15.3244015,75.1266585
250_2,2,Bridge,15.324110000000001,75.128724
250_2,3,Someshwara Nagar,15.3235005,75.1312415
250_2,4,Eshwar Nagar,15.326359,75.1317
250_2,5,Junglee Pet,15.332587,75.13202849999999
250_2,6,Old Hubli,15.336402,75.131203
250_2,7,Karnataka Bank,15.336913,75.13322149999999
250_2,8,Old Hubli Bridge,15.3370385,75.13481949999999
250_2,9,New English School-H,15.339079869999999,75.13709849
250_2,10,Koulpet,15.341852,75.13674850000001
250_2,11,Kamaripet Police Station,15.344462,75.13667000000001
250_2,12,Noorani Market,15.3487605349152,75.13799986249865
250_2,13,Hubli Obs (Outside),15.351252,75.13632
250_2,14,Court,15.35244235,75.139162625
250_2,15,Deshpande Nagar,15.356066776666665,75.13850422333333
250_2,16,Rotary School,15.358081556666667,75.13616177666667
250_2,17,Bailappanavar Nagar,15.361658,75.135269
250_2,18,Pai Hotel,15.363137,75.134859
250_2,19,Ganesh Temple/ Bridge,15.362004165,75.137006665
250_2,20,Kaveri,15.364276499999999,75.135463
250_2,21,Ashok Nagar,15.3653205,75.1365735
250_2,22,Vijaya Hotel,15.366191,75.13798249999999
250_2,23,Thirupathi Bajar,15.367727,75.13838999999999
250_2,24,Lion School,15.369216665,75.138855835
250_2,25,Miskin Stop,15.37043583,75.137550835
250_2,26,Santhosh Nagar Cross,15.371133,75.136187
250_2,27,Sub Jail,15.371469170000001,75.13425333
250_2,28,Shani Dev Temple,15.37068583,75.133885835
250_2,29,Old Employment Office (Vishweshwara Nagar)1,15.368805,75.13274333
250_2,30,Gurudev Nagar,15.370411665,75.129690835
250_2,31,Raj Nagar,15.37144917,75.12815333500001
252,1,Kotari Nagar,15.35479,75.1736195
252,2,Railway Diesel Shed,15.3537725,75.169096
252,3,Rail Nagar,15.353558153965501,75.1681902729908
252,4,R G S,15.352473,75.164099
252,5,Chalukya Nagar,15.352552,75.1619005
252,6,Toll Naka-H,15.3526635,75.159684
252,7,Vinobha Nagar,15.352791000000002,75.15764433333334
252,8,Railway Society,15.3528225,75.1558825
252,9,Railway Work Shop,15.3530265,75.151578
252,10,Rpf Office,15.353131129822149,75.146332834454
252,11,Railway Station-H,15.352256816846449,75.1453905041761
252,12,Chandrakala Talkies,15.349279164999999,75.145650835
252,13,Cbt,15.3444674193908,75.14520201344315
252_2,1,Cbt,15.3444674193908,75.14520201344315
252_2,2,Chandrakala Talkies,15.349279164999999,75.145650835
252_2,3,Railway Station-H,15.352256816846449,75.1453905041761
252_2,4,Rpf Office,15.353131129822149,75.146332834454
252_2,5,Railway Work Shop,15.3530265,75.151578
252_2,6,Railway Society,15.3528225,75.1558825
252_2,7,Vinobha Nagar,15.352791000000002,75.15764433333334
252_2,8,Toll Naka-H,15.3526635,75.159684
252_2,9,Chalukya Nagar,15.352552,75.1619005
252_2,10,R G S,15.352473,75.164099
252_2,11,Rail Nagar,15.353558153965501,75.1681902729908
252_2,12,Railway Diesel Shed,15.3537725,75.169096
252_2,13,Kotari Nagar,15.35479,75.1736195
253,1,Railway Station-H,15.352256816846449,75.1453905041761
253,2,Corporation-H,15.3514155,75.14188899999999
253,3,Hubli Obs (Inside),15.3506932154367,75.13637812934971
253,4,Glass House,15.352517,75.133526
253,5,Hosur,15.354019,75.130184
253,6,Hanuman Temple-H,15.351641,75.128945
253,7,Bannigida,15.36244125,75.132926
253,8,Quarters,15.351182,75.1220395
253,9,R.W.H,15.350926000000001,75.1188365
253,10,New Bus Stand-H,15.3505045,75.116761
253,11,1St Gate,15.3506565,75.11479
253,12,2Nd Gate,15.350479,75.111707
253,13,Akshay Park,15.350715666666666,75.10896733333333
253,14,Basaveshwara Nagar Cross,15.351390666666667,75.10335466666668
253,15,Manjunatha Nagar Cross,15.35160868216956,75.10187980363615
253,16,Anand Nagar,15.3405635,75.10731100000001
253,17,Siddharud Mata,15.3352215,75.120312
253_2,1,Siddharud Mata,15.3352215,75.120312
253_2,2,Anand Nagar,15.3405635,75.10731100000001
253_2,3,Manjunatha Nagar Cross,15.35160868216956,75.10187980363615
253_2,4,Basaveshwara Nagar Cross,15.351390666666667,75.10335466666668
253_2,5,Akshay Park,15.350715666666666,75.10896733333333
253_2,6,2Nd Gate,15.350479,75.111707
253_2,7,1St Gate,15.3506565,75.11479
253_2,8,New Bus Stand-H,15.3505045,75.116761
253_2,9,R.W.H,15.350926000000001,75.1188365
253_2,10,Quarters,15.351182,75.1220395
253_2,11,Bannigida,15.36244125,75.132926
253_2,12,Hosur,15.354019,75.130184
253_2,13,Hubli Obs (Outside),15.351252,75.13632
253_2,14,Corporation-H,15.3514155,75.14188899999999
253_2,15,Railway Station-H,15.352256816846449,75.1453905041761
254,1,Railway Station-H,15.352256816846449,75.1453905041761
254,2,Corporation-H,15.3514155,75.14188899999999
254,3,Hubli Obs (Inside),15.3506932154367,75.13637812934971
254,4,Glass House,15.352517,75.133526
254,5,Hosur,15.354019,75.130184
254,6,Hanuman Temple-H,15.351641,75.128945
254,7,Bannigida,15.36244125,75.132926
254,8,Quarters,15.351182,75.1220395
254,9,R.W.H,15.350926000000001,75.1188365
254,10,New Bus Stand-H,15.3505045,75.116761
254,11,1St Gate,15.3506565,75.11479
254,12,2Nd Gate,15.350479,75.111707
254,13,Akshay Park,15.350715666666666,75.10896733333333
254,14,Basaveshwara Nagar Cross,15.351390666666667,75.10335466666668
254,15,Manjunatha Nagar Cross,15.35160868216956,75.10187980363615
254,16,Anand Nagar,15.3405635,75.10731100000001
254,17,Siddharud Mata,15.3352215,75.120312
254,18,Indi Pump Sh,15.336580999999999,75.126196
254_2,1,Indi Pump Sh,15.336580999999999,75.126196
254_2,2,Siddharud Mata,15.3352215,75.120312
254_2,3,Anand Nagar,15.3405635,75.10731100000001
254_2,4,Manjunatha Nagar Cross,15.35160868216956,75.10187980363615
254_2,5,Basaveshwara Nagar Cross,15.351390666666667,75.10335466666668
254_2,6,Akshay Park,15.350715666666666,75.10896733333333
254_2,7,2Nd Gate,15.350479,75.111707
254_2,8,1St Gate,15.3506565,75.11479
254_2,9,New Bus Stand-H,15.3505045,75.116761
254_2,10,R.W.H,15.350926000000001,75.1188365
254_2,11,Quarters,15.351182,75.1220395
254_2,12,Bannigida,15.36244125,75.132926
254_2,13,Hosur,15.354019,75.130184
254_2,14,Hubli Obs (Outside),15.351252,75.13632
254_2,15,Corporation-H,15.3514155,75.14188899999999
254_2,16,Railway Station-H,15.352256816846449,75.1453905041761
26,1,Navanagar City,15.394359,75.0790555
26,2,Bsr Circle,15.392511333333333,75.08153766666668
26,3,Cancer Hospital,15.395116333333334,75.08425199999999
26,4,Cancer Hospital Nh,15.3961090821868,75.0841185042992
26,5,Amargol Cross,15.3949125,75.0864165
26,6,Apmc Gate,15.39422,75.090884
26,7,Apmc,15.3932425,75.0938625
26,8,Sana College,15.391110000000001,75.098792
26,9,Darga,15.389607,75.101938
26,10,Bairidevarakoppa,15.386625,75.10593645
26,11,Fci Godown,15.383718850000001,75.10864355000001
26,12,Srinagar Cross H2,15.381787,75.113218
26,13,Unkal,15.3765645,75.113638
26,14,Unkal Cross Nh,15.372741,75.117554
26,15,Prerana College,15.3708185,75.1183415
26,16,Vidya Nagar (Bvb College),15.367777499999999,75.121093
26,17,Arts College,15.364881666666667,75.123965
26,18,Gurudatta Bhavana,15.362709,75.1258055
26,19,Kims,15.360851499999999,75.1268595
26,20,Mahila Vidya Pith (Hosur Terminal),15.3570165,75.129171
26,21,Hosur Cross,15.355021240701234,75.13037813474448
26,22,Hubli Obs (Outside),15.351252,75.13632
26,23,Corporation-H,15.3514155,75.14188899999999
26,24,Railway Station-H,15.352256816846449,75.1453905041761
26,25,Chandrakala Talkies,15.349279164999999,75.145650835
26,26,Ganesh Pet,15.34613833,75.14559333
26,27,Cbt,15.3444674193908,75.14520201344315
26_2,1,Cbt,15.3444674193908,75.14520201344315
26_2,2,Chandrakala Talkies,15.349279164999999,75.145650835
26_2,3,Railway Station-H,15.352256816846449,75.1453905041761
26_2,4,Corporation-H,15.3514155,75.14188899999999
26_2,5,Hubli Obs (Inside),15.3506932154367,75.13637812934971
26_2,6,Glass House,15.352517,75.133526
26_2,7,Hosur Cross,15.355021240701234,75.13037813474448
26_2,8,Hosur Corridor,15.35691,75.12888600000001
26_2,9,Jg Commerce College,15.3590733525212,75.12783566749385
26_2,10,Kmc Cross,15.360941839999999,75.126741675
26_2,11,Gurudatta Bhavana,15.362709,75.1258055
26_2,12,Arts College,15.364881666666667,75.123965
26_2,13,Vidya Nagar (Bvb College),15.367777499999999,75.121093
26_2,14,Prerana College,15.3708185,75.1183415
26_2,15,Unkal Cross Nh -,15.372411,75.117464
26_2,16,Unkal,15.3765645,75.113638
26_2,17,Srinagar Cross H1,15.38187,75.112856
26_2,18,Fci Godown,15.383718850000001,75.10864355000001
26_2,19,Bairidevarakoppa,15.386625,75.10593645
26_2,20,Darga,15.389607,75.101938
26_2,21,Shantinikethana,15.390966,75.098717
26_2,22,Apmc,15.3932425,75.0938625
26_2,23,Amargol Cross,15.3949125,75.0864165
26_2,24,Cancer Hospital,15.395116333333334,75.08425199999999
26_2,25,Bsr Circle,15.392511333333333,75.08153766666668
26_2,26,Navanagar City,15.394359,75.0790555
27,1,Cbt,15.3444674193908,75.14520201344315
27,2,Chandrakala Talkies,15.349279164999999,75.145650835
27,3,Railway Station-H,15.352256816846449,75.1453905041761
27,4,Corporation-H,15.3514155,75.14188899999999
27,5,Hubli Obs (Inside),15.3506932154367,75.13637812934971
27,6,Mahalaxmi Complex (Noorani Market),15.3472,75.137158
27,7,Kamaripet Police Station,15.344462,75.13667000000001
27,8,Koulpet,15.341852,75.13674850000001
27,9,New English School-H,15.339079869999999,75.13709849
27,10,Old Hubli Bridge,15.3370385,75.13481949999999
27,11,Karnataka Bank,15.336913,75.13322149999999
27,12,Old Hubli,15.336402,75.131203
27,13,Junglee Pet,15.332587,75.13202849999999
27,14,Bantikatte,15.33179,75.1299375
27,15,Tippu Nagar,15.329649,75.129005
27,16,Noorani Plot,15.327107,75.1279785
27,17,Nekkar Nagar,15.3244015,75.1266585
27_2,1,Nekar Nagar,15.324672,75.126899
27_2,2,Noorani Plot,15.327107,75.1279785
27_2,3,Tippu Nagar,15.329649,75.129005
27_2,4,Bantikatte,15.33179,75.1299375
27_2,5,Junglee Pet,15.332587,75.13202849999999
27_2,6,Old Hubli,15.336402,75.131203
27_2,7,Old Hubli Circle,15.336925333333333,75.13122766666667
27_2,8,Karnataka Bank,15.336913,75.13322149999999
27_2,9,Old Hubli Bridge,15.3370385,75.13481949999999
27_2,10,New English School-H,15.339079869999999,75.13709849
27_2,11,Koulpet,15.341852,75.13674850000001
27_2,12,Kamaripet Police Station,15.344462,75.13667000000001
27_2,13,Kabristan,15.344549210818052,75.13387685123209
27_2,14,Church,15.348363,75.136425
27_2,15,Hubli Obs (Inside),15.3506932154367,75.13637812934971
27_2,16,Obs Hbl,15.350879,75.137761
27_2,17,Corporation-H,15.3514155,75.14188899999999
27_2,18,Railway Station-H,15.352256816846449,75.1453905041761
27_2,19,Chandrakala Talkies,15.349279164999999,75.145650835
27_2,20,Ganesh Pet,15.34613833,75.14559333
27_2,21,Cbt,15.3444674193908,75.14520201344315
276,1,Mahila Vidya Pith (Hosur Terminal),15.3570165,75.129171
276,2,Jg Commerce College,15.3590733525212,75.12783566749385
276,3,Kmc Cross,15.360941839999999,75.126741675
276,4,Arts College,15.364881666666667,75.123965
276,5,Vidya Nagar (Bvb College),15.367777499999999,75.121093
276,6,Unkal Cross Nh -,15.372411,75.117464
276,7,Ambedkar Nagar,15.3754875,75.11720199999999
276,8,Siddappajja Mata,15.37769,75.117492
276,9,Vayuputra Badavane,15.379846,75.117902
276,10,Sai Nagar-H,15.382111,75.11772400000001
276,11,Ganesh Temple-H,15.382871,75.115821
276,12,Srinagar 1St Stop,15.3837975,75.116118
276,13,Srinagar 2Nd Stop,15.38529456012685,75.11658565228845
276,14,Chethan Business School,15.38619,75.1160125
276,15,Ambika Nagar,15.3857505,75.1149125
276,16,Masuti Stop,15.3869225,75.1141595
276,17,Taj Nagar H,15.3881115,75.11410000000001
276_2,1,Taj Nagar H,15.3881115,75.11410000000001
276_2,2,Masuti Stop,15.3869225,75.1141595
276_2,3,Ambika Nagar,15.3857505,75.1149125
276_2,4,Chethan Business School,15.38619,75.1160125
276_2,5,Srinagar 2Nd Stop,15.38529456012685,75.11658565228845
276_2,6,Srinagar 1St Stop,15.3837975,75.116118
276_2,7,Ganesh Temple-H,15.382871,75.115821
276_2,8,Sai Nagar-H,15.382111,75.11772400000001
276_2,9,Vayuputra Badavane,15.379846,75.117902
276_2,10,Siddappajja Mata,15.37769,75.117492
276_2,11,Ambedkar Nagar,15.3754875,75.11720199999999
276_2,12,Unkal Cross Nh,15.372741,75.117554
276_2,13,Vidya Nagar (Bvb College),15.367777499999999,75.121093
276_2,14,Arts College,15.364881666666667,75.123965
276_2,15,Kmc Cross,15.360941839999999,75.126741675
276_2,16,Mahila Vidya Pith (Hosur Terminal),15.3570165,75.129171
28,1,Court,15.35244235,75.139162625
28,2,Deshpande Nagar,15.356066776666665,75.13850422333333
28,3,Rotary School,15.358081556666667,75.13616177666667
28,4,Bailappanavar Nagar,15.361658,75.135269
28,5,Pai Hotel,15.363137,75.134859
28,6,Ganesh Temple/ Bridge,15.362004165,75.137006665
28,7,Kaveri,15.364276499999999,75.135463
28,8,Ashok Nagar,15.3653205,75.1365735
28,9,Vijaya Hotel,15.366191,75.13798249999999
28,10,Thirupathi Bajar,15.367727,75.13838999999999
28,11,Lion School,15.369216665,75.138855835
28,12,Miskin Stop,15.37043583,75.137550835
28,13,Santosh Nagar Cross,15.376567,75.13848
28,14,Sub Jail,15.371469170000001,75.13425333
28,15,Shani Dev Temple,15.37068583,75.133885835
28,16,Old Employment Office (Vishweshwara Nagar)1,15.368805,75.13274333
28,17,Gurudev Nagar,15.370411665,75.129690835
28,18,Old Central School,15.409631810922676,75.06308915888033
28,19,Raj Nagar,15.37144917,75.12815333500001
28,20,Hostel-H,15.3701655825,75.1336789175
28,21,Shiradi Nagar,15.3743275,75.125725835
28,22,Hostel Pathrakartha Nagar,15.376046500000001,75.12465449999999
28,23,Patrakarth Nagar,15.37741333,75.124494
28_2,1,Patrakarth Nagar,15.37741333,75.124494
28_2,2,Hostel Pathrakartha Nagar,15.376046500000001,75.12465449999999
28_2,3,Shiradi Nagar,15.3743275,75.125725835
28_2,4,Hostel-H,15.3701655825,75.1336789175
28_2,5,Raj Nagar,15.37144917,75.12815333500001
28_2,6,Gurudev Nagar,15.370411665,75.129690835
28_2,7,Old Central School,15.409631810922676,75.06308915888033
28_2,8,Old Employment Office (Vishweshwara Nagar)2,15.368805,75.13260667
28_2,9,Shani Dev Temple,15.37068583,75.133885835
28_2,10,Sub Jail,15.371469170000001,75.13425333
28_2,11,Santhosh Nagar Cross,15.371133,75.136187
28_2,12,Miskin Stop,15.37043583,75.137550835
28_2,13,Lion School,15.369216665,75.138855835
28_2,14,Thirupathi Bajar,15.367727,75.13838999999999
28_2,15,Vijaya Hotel,15.366191,75.13798249999999
28_2,16,Ashok Nagar,15.3653205,75.1365735
28_2,17,Kaveri,15.364276499999999,75.135463
28_2,18,Ganesh Temple/ Bridge,15.362004165,75.137006665
28_2,19,Rotary School,15.358081556666667,75.13616177666667
28_2,20,Deshpande Nagar,15.356066776666665,75.13850422333333
28_2,21,Court,15.35244235,75.139162625
288,1,Cbt,15.3444674193908,75.14520201344315
288,2,Railway Station-H,15.352256816846449,75.1453905041761
288,3,Corporation-H,15.3514155,75.14188899999999
288,4,Hubli Obs (Inside),15.3506932154367,75.13637812934971
288,5,Mahalaxmi Complex (Noorani Market),15.3472,75.137158
288,6,Kamaripet Police Station,15.344462,75.13667000000001
288,7,Koulpet,15.341852,75.13674850000001
288,8,New English School-H,15.339079869999999,75.13709849
288,9,Old Hubli Bridge,15.3370385,75.13481949999999
288,10,Karnataka Bank,15.336913,75.13322149999999
288,11,Old Hubli,15.336402,75.131203
288,12,Junglee Pet,15.332587,75.13202849999999
288,13,Bantikatte,15.33179,75.1299375
288,14,Tippu Nagar,15.329649,75.129005
288,15,Noorani Plot,15.327107,75.1279785
288,16,Nekkar Nagar,15.3244015,75.1266585
288,17,Renuka Colony,15.3203951471254,75.12946950815177
288_2,1,Renuka Colony,15.3203951471254,75.12946950815177
288_2,2,Nekar Nagar,15.324672,75.126899
288_2,3,Noorani Plot,15.327107,75.1279785
288_2,4,Tippu Nagar,15.329649,75.129005
288_2,5,Bantikatte,15.33179,75.1299375
288_2,6,Junglee Pet,15.332587,75.13202849999999
288_2,7,Old Hubli,15.336402,75.131203
288_2,8,Old Hubli Circle,15.336925333333333,75.13122766666667
288_2,9,Karnataka Bank,15.336913,75.13322149999999
288_2,10,Old Hubli Bridge,15.3370385,75.13481949999999
288_2,11,New English School-H,15.339079869999999,75.13709849
288_2,12,Koulpet,15.341852,75.13674850000001
288_2,13,Kamaripet Police Station,15.344462,75.13667000000001
288_2,14,Hubli Obs (Inside),15.3506932154367,75.13637812934971
288_2,15,Corporation-H,15.3514155,75.14188899999999
288_2,16,Railway Station-H,15.352256816846449,75.1453905041761
288_2,17,Cbt,15.3444674193908,75.14520201344315
289,1,Mahila Vidya Pith (Hosur Terminal),15.3570165,75.129171
289,2,Hosur Cross,15.355021240701234,75.13037813474448
289,3,Hubli Obs (Outside),15.351252,75.13632
289,4,Court,15.35244235,75.139162625
289,5,Desai Cross,15.354598500000002,75.1415005
289,6,Keshwapur,15.3592285,75.1462065
289,7,Gandhiwad,15.36133223758295,75.1478512677823
289_2,1,Gandhiwad,15.36133223758295,75.1478512677823
289_2,2,Keshwapur,15.3592285,75.1462065
289_2,3,Desai Cross,15.354598500000002,75.1415005
289_2,4,Court,15.35244235,75.139162625
289_2,5,Hubli Obs (Inside),15.3506932154367,75.13637812934971
289_2,6,Hosur Cross,15.355021240701234,75.13037813474448
289_2,7,Mahila Vidya Pith (Hosur Terminal),15.3570165,75.129171
29,1,Cbt,15.3444674193908,75.14520201344315
29,2,Chandrakala Talkies,15.349279164999999,75.145650835
29,3,Railway Station-H,15.352256816846449,75.1453905041761
29,4,Corporation-H,15.3514155,75.14188899999999
29,5,Court,15.35244235,75.139162625
29,6,Deshpande Nagar,15.356066776666665,75.13850422333333
29,7,Rotary School,15.358081556666667,75.13616177666667
29,8,Bailappanavar Nagar,15.361658,75.135269
29,9,Pai Hotel,15.363137,75.134859
29,10,Ganesh Temple/ Bridge,15.362004165,75.137006665
29,11,Kaveri,15.364276499999999,75.135463
29,12,Ashok Nagar,15.3653205,75.1365735
29,13,Vijaya Hotel,15.366191,75.13798249999999
29,14,Thirupathi Bajar,15.367727,75.13838999999999
29,15,Lion School,15.369216665,75.138855835
29,16,Miskin Stop,15.37043583,75.137550835
29,17,Santosh Nagar Cross,15.376567,75.13848
29,18,Sub Jail,15.371469170000001,75.13425333
29,19,Shani Dev Temple,15.37068583,75.133885835
29,20,Old Employment Office (Vishweshwara Nagar)1,15.368805,75.13274333
29,21,Gurudev Nagar,15.370411665,75.129690835
29,22,Old Central School,15.409631810922676,75.06308915888033
29,23,Raj Nagar,15.37144917,75.12815333500001
29,24,Hostel-H,15.3701655825,75.1336789175
29,25,Shiradi Nagar,15.3743275,75.125725835
29,26,Hostel Pathrakartha Nagar,15.376046500000001,75.12465449999999
29,27,Patrakarth Nagar,15.37741333,75.124494
29_2,1,Patrakarth Nagar,15.37741333,75.124494
29_2,2,Hostel Pathrakartha Nagar,15.376046500000001,75.12465449999999
29_2,3,Shiradi Nagar,15.3743275,75.125725835
29_2,4,Hostel-H,15.3701655825,75.1336789175
29_2,5,Old Central School,15.409631810922676,75.06308915888033
29_2,6,Raj Nagar,15.37144917,75.12815333500001
29_2,7,Gurudev Nagar,15.370411665,75.129690835
29_2,8,Old Employment Office (Vishweshwara Nagar)2,15.368805,75.13260667
29_2,9,Shani Dev Temple,15.37068583,75.133885835
29_2,10,Sub Jail,15.371469170000001,75.13425333
29_2,11,Santhosh Nagar Cross,15.371133,75.136187
29_2,12,Miskin Stop,15.37043583,75.137550835
29_2,13,Lion School,15.369216665,75.138855835
29_2,14,Thirupathi Bajar,15.367727,75.13838999999999
29_2,15,Vijaya Hotel,15.366191,75.13798249999999
29_2,16,Ashok Nagar,15.3653205,75.1365735
29_2,17,Kaveri,15.364276499999999,75.135463
29_2,18,Ganesh Temple/ Bridge,15.362004165,75.137006665
29_2,19,Rotary School,15.358081556666667,75.13616177666667
29_2,20,Deshpande Nagar,15.356066776666665,75.13850422333333
29_2,21,Court,15.35244235,75.139162625
29_2,22,Corporation-H,15.3514155,75.14188899999999
29_2,23,Railway Station-H,15.352256816846449,75.1453905041761
29_2,24,Chandrakala Talkies,15.349279164999999,75.145650835
29_2,25,Cbt,15.3444674193908,75.14520201344315
290,1,Kmc,15.361930349652999,75.13062759389733
290,2,Kims,15.360851499999999,75.1268595
290,3,Mahila Vidya Pith (Hosur Terminal),15.3570165,75.129171
290,4,Hosur Cross,15.355021240701234,75.13037813474448
290,5,Hubli Obs (Outside),15.351252,75.13632
290,6,Mahalaxmi Complex (Noorani Market),15.3472,75.137158
290,7,New English School-H,15.339079869999999,75.13709849
290,8,Old Hubli Bridge,15.3370385,75.13481949999999
290,9,Old Hubli Circle,15.336925333333333,75.13122766666667
290,10,Old Hubli,15.336402,75.131203
290,11,Junglee Pet,15.332587,75.13202849999999
290,12,Eshwar Nagar,15.326359,75.1317
290,13,Someshwara Nagar,15.3235005,75.1312415
290,14,Bridge,15.324110000000001,75.128724
290,15,Nekkar Nagar,15.3244015,75.1266585
290,16,Maruti Temple-H,15.323499,75.124665
290,17,Guru Siddeshwara Nagar,15.3230545,75.12325849999999
290,18,Santhosh Nagar,15.322579000000001,75.1217745
290,19,M/S,15.322433499999999,75.120449
290,20,Thimmasagara,15.310089999999999,75.112235
290_2,1,Thimmasagara,15.310089999999999,75.112235
290_2,2,M/S,15.322433499999999,75.120449
290_2,3,Santhosh Nagar,15.322579000000001,75.1217745
290_2,4,Guru Siddeshwara Nagar,15.3230545,75.12325849999999
290_2,5,Nekkar Nagar,15.3244015,75.1266585
290_2,6,Bridge,15.324110000000001,75.128724
290_2,7,Someshwara Nagar,15.3235005,75.1312415
290_2,8,Eshwar Nagar,15.326359,75.1317
290_2,9,Junglee Pet,15.332587,75.13202849999999
290_2,10,Old Hubli,15.336402,75.131203
290_2,11,Old Hubli Circle,15.336925333333333,75.13122766666667
290_2,12,Old Hubli Bridge,15.3370385,75.13481949999999
290_2,13,New English School-H,15.339079869999999,75.13709849
290_2,14,Kamaripet Police Station,15.344462,75.13667000000001
290_2,15,Mahalaxmi Complex (Noorani Market),15.3472,75.137158
290_2,16,Hubli Obs (Inside),15.3506932154367,75.13637812934971
290_2,17,Glass House,15.352517,75.133526
290_2,18,Hosur Cross,15.355021240701234,75.13037813474448
290_2,19,Mahila Vidya Pith (Hosur Terminal),15.3570165,75.129171
290_2,20,Jg Commerce College,15.3590733525212,75.12783566749385
290_2,21,Kims,15.360851499999999,75.1268595
290_2,22,Kmc,15.361930349652999,75.13062759389733
291,1,Railway Station-H,15.352256816846449,75.1453905041761
291,2,Corporation-H,15.3514155,75.14188899999999
291,3,Hubli Obs (Inside),15.3506932154367,75.13637812934971
291,4,Glass House,15.352517,75.133526
291,5,Hosur Cross,15.355021240701234,75.13037813474448
291,6,Hosur (Canara Hotel),15.35544155,75.13006884
291,7,Hosur Corridor,15.35691,75.12888600000001
291,8,Kims,15.360851499999999,75.1268595
291,9,Gurudatta Bhavana,15.362709,75.1258055
291,10,Arts College,15.364881666666667,75.123965
291,11,Vidya Nagar (Bvb College),15.367777499999999,75.121093
291,12,Prerana College,15.3708185,75.1183415
291,13,Unkal Cross Nh -,15.372411,75.117464
291,14,Unkal,15.3765645,75.113638
291,15,Srinagar Cross H1,15.38187,75.112856
291,16,Fci Godown,15.383718850000001,75.10864355000001
291,17,Bairidevarakoppa,15.386625,75.10593645
291,18,Darga,15.389607,75.101938
291,19,Shantinikethana,15.390966,75.098717
291,20,Apmc,15.3932425,75.0938625
291,21,Amargol Cross,15.3949125,75.0864165
291,22,Navanagar Corridor,15.3960601038671,75.0840843651925
291,23,Income Tax,15.399124,75.07942550000001
291,24,Rto Office,15.4009860428,75.0768215810204
291,25,K S F C,15.404317500000001,75.07099
291,26,Iskcon Temple,15.4052915,75.0688875
291,27,Rayapur,15.4060195,75.066791
291,28,K M F 1 - D2,15.409168,75.060733
291,29,Navalur Railway Station,15.4145235,75.05549149999999
291,30,Sdm Medical College,15.417109499999999,75.048833
291,31,Sattur Cross,15.417904499999999,75.04446300000001
291,32,Dental,15.418661,75.0412665
291,33,Dental Cross,15.42007155278445,75.0393727901783
291,34,Tadasinakoppa Cross,15.413162999999999,75.03226833333333
291,35,Navalur Cross,15.42720845,75.03424239
291,36,Ozone,15.430247999999999,75.0305755
291,37,Navlur K E B,15.4314745,75.027285
291,38,Lakamanahalli Corridor,15.432593,75.02541049999999
291,39,Kmf - D,15.4338825,75.0236025
291,40,Yalakki Shetter Colony,15.436132941869051,75.02176938649085
291,41,Gandhi Nagar Cross - D,15.4372,75.01961700000001
291,42,Vidya Giri,15.44013,75.017589
291,43,Suvarna Petrol Bunk,15.442373,75.015536
291,44,Modern Hall,15.444540250000001,75.01296325
291,45,Toll Naka - D,15.446940982389,75.01232067405317
291,46,Hosa Yallapur Cross,15.45037325,75.01101975
291,47,Nttf,15.4523115,75.0104
291,48,Court Circle,15.456254999999999,75.00698
291,49,Old Bus Stand Dharwad,15.459724,75.009244
291,50,Jubilee Circle,15.45894575,75.00781925
291,51,Old Dsp,15.462787500000001,75.0035225
291,52,K C Park,15.46369,75.001007
291,53,Mental Hospital,15.464470333333333,74.99838466666667
291,54,New Sp Office,15.466617930796467,74.99543122362164
291,55,New Bus Stand,15.469627,74.992804
291_2,1,New Bus Stand,15.469627,74.992804
291_2,2,New Sp Office,15.466617930796467,74.99543122362164
291_2,3,Mental Hospital,15.464470333333333,74.99838466666667
291_2,4,K C Park,15.46369,75.001007
291_2,5,Old Sp Office,15.4628345,75.003431
291_2,6,Corporation-D,15.4603805,75.00877600000001
291_2,7,Old Bus Stand Dharwad,15.459724,75.009244
291_2,8,Jubilee Circle,15.45894575,75.00781925
291_2,9,Court Circle,15.456254999999999,75.00698
291_2,10,Nttf,15.4523115,75.0104
291_2,11,Hosa Yallapur Cross,15.45037325,75.01101975
291_2,12,Toll Naka - D,15.446940982389,75.01232067405317
291_2,13,Modern Hall,15.444540250000001,75.01296325
291_2,14,Suvarna Petrol Bunk,15.442373,75.015536
291_2,15,Vidya Giri,15.44013,75.017589
291_2,16,Gandhi Nagar Cross - D,15.4372,75.01961700000001
291_2,17,Yalakki Shetter Colony,15.436132941869051,75.02176938649085
291_2,18,Kmf - D,15.4338825,75.0236025
291_2,19,Lakamanahalli Corridor,15.432593,75.02541049999999
291_2,20,Navlur K E B,15.4314745,75.027285
291_2,21,Ozone,15.430247999999999,75.0305755
291_2,22,Navlur Cross,15.42782197,75.0337055
291_2,23,Navalur Cross,15.42720845,75.03424239
291_2,24,Dental Cross,15.42007155278445,75.0393727901783
291_2,25,Dental,15.418661,75.0412665
291_2,26,Sattur Cross,15.417904499999999,75.04446300000001
291_2,27,Sdm Medical College,15.417109499999999,75.048833
291_2,28,Navalur Railway Station,15.4145235,75.05549149999999
291_2,29,K M F 1 - D,15.410093,75.060422
291_2,30,Rayapur,15.4060195,75.066791
291_2,31,Iskcon Temple,15.4052915,75.0688875
291_2,32,K S F C,15.404317500000001,75.07099
291_2,33,Rto Office,15.4009860428,75.0768215810204
291_2,34,Income Tax,15.399124,75.07942550000001
291_2,35,Navanagar Corridor,15.3960601038671,75.0840843651925
291_2,36,Amargol Cross,15.3949125,75.0864165
291_2,37,Apmc Gate,15.39422,75.090884
291_2,38,Apmc,15.3932425,75.0938625
291_2,39,Sana College,15.391110000000001,75.098792
291_2,40,Darga,15.389607,75.101938
291_2,41,Bairidevarakoppa,15.386625,75.10593645
291_2,42,Fci Godown,15.383718850000001,75.10864355000001
291_2,43,Srinagar Cross H2,15.381787,75.113218
291_2,44,Unkal,15.3765645,75.113638
291_2,45,Unkal Cross Nh,15.372741,75.117554
291_2,46,Prerana College,15.3708185,75.1183415
291_2,47,Vidya Nagar (Bvb College),15.367777499999999,75.121093
291_2,48,Arts College,15.364881666666667,75.123965
291_2,49,Gurudatta Bhavana,15.362709,75.1258055
291_2,50,Kims,15.360851499999999,75.1268595
291_2,51,Mahila Vidya Pith (Hosur Terminal),15.3570165,75.129171
291_2,52,Hosur,15.354019,75.130184
291_2,53,Hubli Obs (Outside),15.351252,75.13632
291_2,54,Corporation-H,15.3514155,75.14188899999999
291_2,55,Railway Station-H,15.352256816846449,75.1453905041761
292,1,Railway Station-H,15.352256816846449,75.1453905041761
292,2,Corporation-H,15.3514155,75.14188899999999
292,3,Hubli Obs (Inside),15.3506932154367,75.13637812934971
292,4,Hosur Cross,15.355021240701234,75.13037813474448
292,5,Hosur (Canara Hotel),15.35544155,75.13006884
292,6,Hosur Corridor,15.35691,75.12888600000001
292,7,Kims,15.360851499999999,75.1268595
292,8,Gurudatta Bhavana,15.362709,75.1258055
292,9,Arts College,15.364881666666667,75.123965
292,10,Vidya Nagar (Bvb College),15.367777499999999,75.121093
292,11,Prerana College,15.3708185,75.1183415
292,12,Unkal Cross Nh -,15.372411,75.117464
292,13,Unkal,15.3765645,75.113638
292,14,Srinagar Cross H1,15.38187,75.112856
292,15,Fci Godown,15.383718850000001,75.10864355000001
292,16,Bairidevarakoppa,15.386625,75.10593645
292,17,Darga,15.389607,75.101938
292,18,Shantinikethana,15.390966,75.098717
292,19,Apmc,15.3932425,75.0938625
292,20,Amargol Cross,15.3949125,75.0864165
292,21,Navanagar Corridor,15.3960601038671,75.0840843651925
292,22,Income Tax,15.399124,75.07942550000001
292,23,Rto Office,15.4009860428,75.0768215810204
292,24,K S F C,15.404317500000001,75.07099
292,25,Iskcon Temple,15.4052915,75.0688875
292,26,Rayapur,15.4060195,75.066791
292,27,K M F 1 - D2,15.409168,75.060733
292,28,Navalur Railway Station,15.4145235,75.05549149999999
292,29,Sdm Medical College,15.417109499999999,75.048833
292,30,Sattur Cross,15.417904499999999,75.04446300000001
292,31,Dental,15.418661,75.0412665
292,32,Dental Cross,15.42007155278445,75.0393727901783
292,33,Tadasinakoppa Cross,15.413162999999999,75.03226833333333
292,34,Navalur Cross,15.42720845,75.03424239
292,35,Ozone,15.430247999999999,75.0305755
292,36,Navlur K E B,15.4314745,75.027285
292,37,Lakamanahalli Corridor,15.432593,75.02541049999999
292,38,Kmf - D,15.4338825,75.0236025
292,39,Yalakki Shetter Colony,15.436132941869051,75.02176938649085
292,40,Gandhi Nagar Cross - D,15.4372,75.01961700000001
292,41,Vidya Giri,15.44013,75.017589
292,42,Suvarna Petrol Bunk,15.442373,75.015536
292,43,Toll Naka - D,15.446940982389,75.01232067405317
292,44,Hosa Yallapur Cross,15.45037325,75.01101975
292,45,Nttf,15.4523115,75.0104
292,46,Court Circle,15.456254999999999,75.00698
292,47,Old Bus Stand Dharwad,15.459724,75.009244
292_2,1,Old Bus Stand Dharwad,15.459724,75.009244
292_2,2,Jubilee Circle,15.45894575,75.00781925
292_2,3,Court Circle,15.456254999999999,75.00698
292_2,4,Nttf,15.4523115,75.0104
292_2,5,Hosa Yallapur Cross,15.45037325,75.01101975
292_2,6,Toll Naka - D,15.446940982389,75.01232067405317
292_2,7,Modern Hall,15.444540250000001,75.01296325
292_2,8,Suvarna Petrol Bunk,15.442373,75.015536
292_2,9,Vidya Giri,15.44013,75.017589
292_2,10,Gandhi Nagar Cross - D,15.4372,75.01961700000001
292_2,11,Yalakki Shetter Colony,15.436132941869051,75.02176938649085
292_2,12,Kmf - D,15.4338825,75.0236025
292_2,13,Lakamanahalli Corridor,15.432593,75.02541049999999
292_2,14,Navlur K E B,15.4314745,75.027285
292_2,15,Ozone,15.430247999999999,75.0305755
292_2,16,Navlur Cross,15.42782197,75.0337055
292_2,17,Navalur Cross,15.42720845,75.03424239
292_2,18,Dental Cross,15.42007155278445,75.0393727901783
292_2,19,Dental,15.418661,75.0412665
292_2,20,Sattur Cross,15.417904499999999,75.04446300000001
292_2,21,Sdm Medical College,15.417109499999999,75.048833
292_2,22,Navalur Railway Station,15.4145235,75.05549149999999
292_2,23,K M F 1 - D,15.410093,75.060422
292_2,24,Rayapur,15.4060195,75.066791
292_2,25,Iskcon Temple,15.4052915,75.0688875
292_2,26,K S F C,15.404317500000001,75.07099
292_2,27,Rto Office,15.4009860428,75.0768215810204
292_2,28,Income Tax,15.399124,75.07942550000001
292_2,29,Navanagar Corridor,15.3960601038671,75.0840843651925
292_2,30,Amargol Cross,15.3949125,75.0864165
292_2,31,Apmc Gate,15.39422,75.090884
292_2,32,Apmc,15.3932425,75.0938625
292_2,33,Sana College,15.391110000000001,75.098792
292_2,34,Darga,15.389607,75.101938
292_2,35,Bairidevarakoppa,15.386625,75.10593645
292_2,36,Fci Godown,15.383718850000001,75.10864355000001
292_2,37,Srinagar Cross H2,15.381787,75.113218
292_2,38,Unkal,15.3765645,75.113638
292_2,39,Unkal Cross Nh,15.372741,75.117554
292_2,40,Prerana College,15.3708185,75.1183415
292_2,41,Vidya Nagar (Bvb College),15.367777499999999,75.121093
292_2,42,Arts College,15.364881666666667,75.123965
292_2,43,Gurudatta Bhavana,15.362709,75.1258055
292_2,44,Kims,15.360851499999999,75.1268595
292_2,45,Mahila Vidya Pith (Hosur Terminal),15.3570165,75.129171
292_2,46,Hosur,15.354019,75.130184
292_2,47,Basava Vana (Old Bus Stand),15.352206,75.135204
292_2,48,Corporation-H,15.3514155,75.14188899999999
292_2,49,Railway Station-H,15.352256816846449,75.1453905041761
293,1,Cbt,15.3444674193908,75.14520201344315
293,2,Railway Station-H,15.352256816846449,75.1453905041761
293,3,Corporation-H,15.3514155,75.14188899999999
293,4,Hubli Obs (Inside),15.3506932154367,75.13637812934971
293,5,Glass House,15.352517,75.133526
293,6,Hosur Cross,15.355021240701234,75.13037813474448
293,7,Hosur (Canara Hotel),15.35544155,75.13006884
293,8,Hosur Corridor,15.35691,75.12888600000001
293,9,Kims,15.360851499999999,75.1268595
293,10,Gurudatta Bhavana,15.362709,75.1258055
293,11,Arts College,15.364881666666667,75.123965
293,12,Vidya Nagar (Bvb College),15.367777499999999,75.121093
293,13,Prerana College,15.3708185,75.1183415
293,14,Unkal Cross Nh -,15.372411,75.117464
293,15,Unkal,15.3765645,75.113638
293,16,Srinagar Cross H1,15.38187,75.112856
293,17,Fci Godown,15.383718850000001,75.10864355000001
293,18,Bairidevarakoppa,15.386625,75.10593645
293,19,Darga,15.389607,75.101938
293,20,Shantinikethana,15.390966,75.098717
293,21,Apmc,15.3932425,75.0938625
293,22,Amargol Cross,15.3949125,75.0864165
293,23,Navanagar Corridor,15.3960601038671,75.0840843651925
293,24,Income Tax,15.399124,75.07942550000001
293,25,Rto Office,15.4009860428,75.0768215810204
293,26,K S F C,15.404317500000001,75.07099
293,27,Iskcon Temple,15.4052915,75.0688875
293,28,Rayapur,15.4060195,75.066791
293,29,K M F 1 - D2,15.409168,75.060733
293,30,Navalur Railway Station,15.4145235,75.05549149999999
293,31,Sdm Medical College,15.417109499999999,75.048833
293,32,Sattur Cross,15.417904499999999,75.04446300000001
293,33,Dental,15.418661,75.0412665
293,34,Dental Cross,15.42007155278445,75.0393727901783
293,35,Tadasinakoppa Cross,15.413162999999999,75.03226833333333
293,36,Navalur Cross,15.42720845,75.03424239
293,37,Ozone,15.430247999999999,75.0305755
293,38,Navlur K E B,15.4314745,75.027285
293,39,Lakamanahalli Corridor,15.432593,75.02541049999999
293,40,Kmf - D,15.4338825,75.0236025
293,41,Yalakki Shetter Colony,15.436132941869051,75.02176938649085
293,42,Gandhi Nagar Cross - D,15.4372,75.01961700000001
293,43,Vidya Giri,15.44013,75.017589
293,44,Suvarna Petrol Bunk,15.442373,75.015536
293,45,Modern Hall,15.444540250000001,75.01296325
293,46,Toll Naka - D,15.446940982389,75.01232067405317
293,47,Hosa Yallapur Cross,15.45037325,75.01101975
293,48,Nttf,15.4523115,75.0104
293,49,Court Circle,15.456254999999999,75.00698
293,50,Old Bus Stand Dharwad,15.459724,75.009244
293,51,Jubilee Circle,15.45894575,75.00781925
293,52,Old Dsp,15.462787500000001,75.0035225
293,53,K C Park,15.46369,75.001007
293,54,Mental Hospital,15.464470333333333,74.99838466666667
293,55,New Sp Office,15.466617930796467,74.99543122362164
293,56,New Bus Stand,15.469627,74.992804
293_2,1,New Bus Stand,15.469627,74.992804
293_2,2,New Sp Office,15.466617930796467,74.99543122362164
293_2,3,Mental Hospital,15.464470333333333,74.99838466666667
293_2,4,K C Park,15.46369,75.001007
293_2,5,Old Sp Office,15.4628345,75.003431
293_2,6,Corporation-D,15.4603805,75.00877600000001
293_2,7,Old Bus Stand Dharwad,15.459724,75.009244
293_2,8,Jubilee Circle,15.45894575,75.00781925
293_2,9,Court Circle,15.456254999999999,75.00698
293_2,10,Nttf,15.4523115,75.0104
293_2,11,Hosa Yallapur Cross,15.45037325,75.01101975
293_2,12,Toll Naka - D,15.446940982389,75.01232067405317
293_2,13,Modern Hall,15.444540250000001,75.01296325
293_2,14,Suvarna Petrol Bunk,15.442373,75.015536
293_2,15,Vidya Giri,15.44013,75.017589
293_2,16,Gandhi Nagar Cross - D,15.4372,75.01961700000001
293_2,17,Yalakki Shetter Colony,15.436132941869051,75.02176938649085
293_2,18,Kmf - D,15.4338825,75.0236025
293_2,19,Lakamanahalli Corridor,15.432593,75.02541049999999
293_2,20,Navlur K E B,15.4314745,75.027285
293_2,21,Ozone,15.430247999999999,75.0305755
293_2,22,Navlur Cross,15.42782197,75.0337055
293_2,23,Navalur Cross,15.42720845,75.03424239
293_2,24,Dental Cross,15.42007155278445,75.0393727901783
293_2,25,Dental,15.418661,75.0412665
293_2,26,Sattur Cross,15.417904499999999,75.04446300000001
293_2,27,Sdm Medical College,15.417109499999999,75.048833
293_2,28,Navalur Railway Station,15.4145235,75.05549149999999
293_2,29,K M F 1 - D,15.410093,75.060422
293_2,30,Rayapur,15.4060195,75.066791
293_2,31,Iskcon Temple,15.4052915,75.0688875
293_2,32,K S F C,15.404317500000001,75.07099
293_2,33,Rto Office,15.4009860428,75.0768215810204
293_2,34,Income Tax,15.399124,75.07942550000001
293_2,35,Navanagar Corridor,15.3960601038671,75.0840843651925
293_2,36,Amargol Cross,15.3949125,75.0864165
293_2,37,Apmc Gate,15.39422,75.090884
293_2,38,Apmc,15.3932425,75.0938625
293_2,39,Sana College,15.391110000000001,75.098792
293_2,40,Darga,15.389607,75.101938
293_2,41,Bairidevarakoppa,15.386625,75.10593645
293_2,42,Fci Godown,15.383718850000001,75.10864355000001
293_2,43,Srinagar Cross H2,15.381787,75.113218
293_2,44,Unkal,15.3765645,75.113638
293_2,45,Unkal Cross Nh,15.372741,75.117554
293_2,46,Prerana College,15.3708185,75.1183415
293_2,47,Vidya Nagar (Bvb College),15.367777499999999,75.121093
293_2,48,Arts College,15.364881666666667,75.123965
293_2,49,Gurudatta Bhavana,15.362709,75.1258055
293_2,50,Kims,15.360851499999999,75.1268595
293_2,51,Mahila Vidya Pith (Hosur Terminal),15.3570165,75.129171
293_2,52,Hosur,15.354019,75.130184
293_2,53,Hubli Obs (Outside),15.351252,75.13632
293_2,54,Corporation-H,15.3514155,75.14188899999999
293_2,55,Railway Station-H,15.352256816846449,75.1453905041761
293_2,56,Cbt,15.3444674193908,75.14520201344315
294,1,Old Bus Stand Dharwad,15.459724,75.009244
294,2,Jubilee Circle,15.45894575,75.00781925
294,3,Court Circle,15.456254999999999,75.00698
294,4,Nttf,15.4523115,75.0104
294,5,Hosa Yallapur Cross,15.45037325,75.01101975
294,6,Toll Naka - D,15.446940982389,75.01232067405317
294,7,Modern Hall,15.444540250000001,75.01296325
294,8,Suvarna Petrol Bunk,15.442373,75.015536
294,9,Vidya Giri,15.44013,75.017589
294,10,Gandhi Nagar Cross - D,15.4372,75.01961700000001
294,11,Yalakki Shetter Colony,15.436132941869051,75.02176938649085
294,12,Kmf - D,15.4338825,75.0236025
294,13,Lakamanahalli Corridor,15.432593,75.02541049999999
294,14,Navlur K E B,15.4314745,75.027285
294,15,Ozone,15.430247999999999,75.0305755
294,16,Navlur Cross,15.42782197,75.0337055
294,17,Navalur Cross,15.42720845,75.03424239
294,18,Dental Cross,15.42007155278445,75.0393727901783
294,19,Dental,15.418661,75.0412665
294,20,Sattur Cross,15.417904499999999,75.04446300000001
294,21,Sdm Medical College,15.417109499999999,75.048833
294,22,Navalur Railway Station,15.4145235,75.05549149999999
294,23,K M F 1 - D,15.410093,75.060422
294,24,Rayapur,15.4060195,75.066791
294,25,Iskcon Temple,15.4052915,75.0688875
294,26,K S F C,15.404317500000001,75.07099
294,27,Rto Office,15.4009860428,75.0768215810204
294,28,Income Tax,15.399124,75.07942550000001
294,29,Navanagar Corridor,15.3960601038671,75.0840843651925
294,30,Amargol Cross,15.3949125,75.0864165
294,31,Apmc Gate,15.39422,75.090884
294,32,Apmc,15.3932425,75.0938625
294,33,Sana College,15.391110000000001,75.098792
294,34,Darga,15.389607,75.101938
294,35,Bairidevarakoppa,15.386625,75.10593645
294,36,Fci Godown,15.383718850000001,75.10864355000001
294,37,Srinagar Cross H2,15.381787,75.113218
294,38,Unkal,15.3765645,75.113638
294,39,Unkal Cross Nh,15.372741,75.117554
294,40,Prerana College,15.3708185,75.1183415
294,41,Vidya Nagar (Bvb College),15.367777499999999,75.121093
294,42,Arts College,15.364881666666667,75.123965
294,43,Gurudatta Bhavana,15.362709,75.1258055
294,44,Kims,15.360851499999999,75.1268595
294,45,Mahila Vidya Pith (Hosur Terminal),15.3570165,75.129171
294,46,Hosur,15.354019,75.130184
294,47,Basava Vana (Old Bus Stand),15.352206,75.135204
294,48,Corporation-H,15.3514155,75.14188899999999
294,49,Railway Station-H,15.352256816846449,75.1453905041761
294,50,Cbt,15.3444674193908,75.14520201344315
294_2,1,Cbt,15.3444674193908,75.14520201344315
294_2,2,Railway Station-H,15.352256816846449,75.1453905041761
294_2,3,Corporation-H,15.3514155,75.14188899999999
294_2,4,Hubli Obs (Inside),15.3506932154367,75.13637812934971
294_2,5,Hosur Cross,15.355021240701234,75.13037813474448
294_2,6,Hosur (Canara Hotel),15.35544155,75.13006884
294_2,7,Hosur Corridor,15.35691,75.12888600000001
294_2,8,Kims,15.360851499999999,75.1268595
294_2,9,Gurudatta Bhavana,15.362709,75.1258055
294_2,10,Arts College,15.364881666666667,75.123965
294_2,11,Vidya Nagar (Bvb College),15.367777499999999,75.121093
294_2,12,Prerana College,15.3708185,75.1183415
294_2,13,Unkal Cross Nh -,15.372411,75.117464
294_2,14,Unkal,15.3765645,75.113638
294_2,15,Srinagar Cross H1,15.38187,75.112856
294_2,16,Fci Godown,15.383718850000001,75.10864355000001
294_2,17,Bairidevarakoppa,15.386625,75.10593645
294_2,18,Darga,15.389607,75.101938
294_2,19,Shantinikethana,15.390966,75.098717
294_2,20,Apmc,15.3932425,75.0938625
294_2,21,Amargol Cross,15.3949125,75.0864165
294_2,22,Navanagar Corridor,15.3960601038671,75.0840843651925
294_2,23,Income Tax,15.399124,75.07942550000001
294_2,24,Rto Office,15.4009860428,75.0768215810204
294_2,25,K S F C,15.404317500000001,75.07099
294_2,26,Iskcon Temple,15.4052915,75.0688875
294_2,27,Rayapur,15.4060195,75.066791
294_2,28,K M F 1 - D2,15.409168,75.060733
294_2,29,Navalur Railway Station,15.4145235,75.05549149999999
294_2,30,Sdm Medical College,15.417109499999999,75.048833
294_2,31,Sattur Cross,15.417904499999999,75.04446300000001
294_2,32,Dental,15.418661,75.0412665
294_2,33,Dental Cross,15.42007155278445,75.0393727901783
294_2,34,Tadasinakoppa Cross,15.413162999999999,75.03226833333333
294_2,35,Navalur Cross,15.42720845,75.03424239
294_2,36,Ozone,15.430247999999999,75.0305755
294_2,37,Navlur K E B,15.4314745,75.027285
294_2,38,Lakamanahalli Corridor,15.432593,75.02541049999999
294_2,39,Kmf - D,15.4338825,75.0236025
294_2,40,Yalakki Shetter Colony,15.436132941869051,75.02176938649085
294_2,41,Gandhi Nagar Cross - D,15.4372,75.01961700000001
294_2,42,Vidya Giri,15.44013,75.017589
294_2,43,Suvarna Petrol Bunk,15.442373,75.015536
294_2,44,Toll Naka - D,15.446940982389,75.01232067405317
294_2,45,Hosa Yallapur Cross,15.45037325,75.01101975
294_2,46,Nttf,15.4523115,75.0104
294_2,47,Court Circle,15.456254999999999,75.00698
294_2,48,Old Bus Stand Dharwad,15.459724,75.009244
295,1,Gandhiwad,15.36133223758295,75.1478512677823
295,2,Keshwapur,15.3592285,75.1462065
295,3,Desai Cross,15.354598500000002,75.1415005
295,4,Court,15.35244235,75.139162625
295,5,Hubli Obs (Inside),15.3506932154367,75.13637812934971
295,6,Hosur Cross,15.355021240701234,75.13037813474448
295,7,Kmc,15.361930349652999,75.13062759389733
295_2,1,Kmc,15.361930349652999,75.13062759389733
295_2,2,Hosur Cross,15.355021240701234,75.13037813474448
295_2,3,Hubli Obs (Outside),15.351252,75.13632
295_2,4,Court,15.35244235,75.139162625
295_2,5,Desai Cross,15.354598500000002,75.1415005
295_2,6,Keshwapur,15.3592285,75.1462065
295_2,7,Gandhiwad,15.36133223758295,75.1478512677823
296,1,Cbt,15.3444674193908,75.14520201344315
296,2,Railway Station-H,15.352256816846449,75.1453905041761
296,3,Corporation-H,15.3514155,75.14188899999999
296,4,Court,15.35244235,75.139162625
296,5,Desai Cross,15.354598500000002,75.1415005
296,6,Keshwapur,15.3592285,75.1462065
296,7,Ramesh Bhavan,15.364672013333333,75.14898840666666
296,8,Hotel Preeti,15.373682500000001,75.15467699999999
296,9,Manoj Park,15.3753785386291,75.15839215332765
296_2,1,Manoj Park,15.3753785386291,75.15839215332765
296_2,2,Hotel Preeti,15.373682500000001,75.15467699999999
296_2,3,Shanti Nagar,15.36862475,75.15065625
296_2,4,Ramesh Bhavan,15.364672013333333,75.14898840666666
296_2,5,Azad Colony,15.362189,75.148558
296_2,6,Keshwapur,15.3592285,75.1462065
296_2,7,Desai Cross,15.354598500000002,75.1415005
296_2,8,Court,15.35244235,75.139162625
296_2,9,Corporation-H,15.3514155,75.14188899999999
296_2,10,Railway Station-H,15.352256816846449,75.1453905041761
296_2,11,Chandrakala Talkies,15.349279164999999,75.145650835
296_2,12,Ganesh Pet,15.34613833,75.14559333
296_2,13,Cbt,15.3444674193908,75.14520201344315
297,1,Cbt,15.3444674193908,75.14520201344315
297,2,Railway Station-H,15.352256816846449,75.1453905041761
297,3,Corporation-H,15.3514155,75.14188899999999
297,4,Hubli Obs (Inside),15.3506932154367,75.13637812934971
297,5,Mahalaxmi Complex (Noorani Market),15.3472,75.137158
297,6,Kamaripet Police Station,15.344462,75.13667000000001
297,7,Koulpet,15.341852,75.13674850000001
297,8,New English School-H,15.339079869999999,75.13709849
297,9,Old Hubli Bridge,15.3370385,75.13481949999999
297,10,Karnataka Bank,15.336913,75.13322149999999
297,11,Old Hubli,15.336402,75.131203
297,12,Junglee Pet,15.332587,75.13202849999999
297,13,Bantikatte,15.33179,75.1299375
297,14,Tippu Nagar,15.329649,75.129005
297,15,Noorani Plot,15.327107,75.1279785
297,16,Nekkar Nagar,15.3244015,75.1266585
297,17,Sindya Plot,15.3216171427155,75.1302089207843
297_2,1,Sindya Plot,15.3216171427155,75.1302089207843
297_2,2,Nekar Nagar,15.324672,75.126899
297_2,3,Old Hubli,15.336402,75.131203
297_2,4,Old Hubli Circle,15.336925333333333,75.13122766666667
297_2,5,Karnataka Bank,15.336913,75.13322149999999
297_2,6,Old Hubli Bridge,15.3370385,75.13481949999999
297_2,7,New English School-H,15.339079869999999,75.13709849
297_2,8,Hubli Obs (Inside),15.3506932154367,75.13637812934971
297_2,9,Corporation-H,15.3514155,75.14188899999999
297_2,10,Railway Station-H,15.352256816846449,75.1453905041761
297_2,11,Cbt,15.3444674193908,75.14520201344315
298,1,Noolvi,15.271438,75.1653625
298,2,Noolvi Cross,15.268582714285714,75.15226557142857
298,3,Noolvi Arogya Kendra,15.272106,75.16071199999999
298,4,Adhurgunchi College,15.277642,75.156795
298,5,Adhurgunchi Plot,15.2806865,75.1567975
298,6,Adhurgunchi,15.281863999999999,75.154369
298,7,Adhurgunchi Doddappana Gudi,15.28525,75.15392349999999
298,8,Kotgunsi,15.291972999999999,75.15141750000001
298,9,Kundagol Cross,15.295943,75.1464805
298,10,Gabbur Sh,15.317306,75.1440665
298,11,Bidnal Cross Sh,15.329774,75.14363900000001
298,12,New English School Sh,15.3386415,75.1375455
298,13,Obs Sh,15.350251965647585,75.1356732192144
298,14,Kmc,15.361930349652999,75.13062759389733
298_2,1,Kmc,15.361930349652999,75.13062759389733
298_2,2,Obs Sh,15.350251965647585,75.1356732192144
298_2,3,New English School Sh,15.3386415,75.1375455
298_2,4,Bankapur Chouk Sh,15.335399500000001,75.1417405
298_2,5,Bidnal Cross Sh,15.329774,75.14363900000001
298_2,6,Gabbur Sh,15.317306,75.1440665
298_2,7,Kundagol Cross,15.295943,75.1464805
298_2,8,Kotgunsi,15.291972999999999,75.15141750000001
298_2,9,Adhurgunchi Doddappana Gudi,15.28525,75.15392349999999
298_2,10,Adhurgunchi,15.281863999999999,75.154369
298_2,11,Adhurgunchi Plot,15.2806865,75.1567975
298_2,12,Adhurgunchi College,15.277642,75.156795
298_2,13,Noolvi Arogya Kendra,15.272106,75.16071199999999
298_2,14,Noolvi Cross,15.268582714285714,75.15226557142857
298_2,15,Noolvi,15.271438,75.1653625
3,1,Anand Nagar,15.3405635,75.10731100000001
3,2,Anand Nagar Cross,15.338408165,75.10906066499999
3,3,New Shimla Nagar-X,15.338087999999999,75.1104385
3,4,Fateh Shah Nagar,15.337610665,75.112273165
3,5,Gurunath Nagar,15.337498335,75.114461665
3,6,Abhinaya Nagar,15.337499165,75.117364165
3,7,Siddarudh Mata Cross,15.337141335,75.11975699999999
3,8,Anand Nagar Cross(Girani),15.336168,75.1254145
3,9,Indi Pump,15.3368715,75.127151
3,10,Old Hubli,15.336402,75.131203
3,11,Karnataka Bank,15.336913,75.13322149999999
3,12,Old Hubli Bridge,15.3370385,75.13481949999999
3,13,New English School-H,15.339079869999999,75.13709849
3,14,Koulpet,15.341852,75.13674850000001
3,15,Kamaripet Police Station,15.344462,75.13667000000001
3,16,Mahalaxmi Complex (Noorani Market),15.3472,75.137158
3,17,Hubli Obs (Inside),15.3506932154367,75.13637812934971
3,18,Corporation-H,15.3514155,75.14188899999999
3,19,Railway Station-H,15.352256816846449,75.1453905041761
3,20,Chandrakala Talkies,15.349279164999999,75.145650835
3,21,Cbt,15.3444674193908,75.14520201344315
3_2,1,Cbt,15.3444674193908,75.14520201344315
3_2,2,Chandrakala Talkies,15.349279164999999,75.145650835
3_2,3,Railway Station-H,15.352256816846449,75.1453905041761
3_2,4,Corporation-H,15.3514155,75.14188899999999
3_2,5,Mahalaxmi Complex (Noorani Market),15.3472,75.137158
3_2,6,Kamaripet Police Station,15.344462,75.13667000000001
3_2,7,Koulpet,15.341852,75.13674850000001
3_2,8,New English School-H,15.339079869999999,75.13709849
3_2,9,Old Hubli Bridge,15.3370385,75.13481949999999
3_2,10,Karnataka Bank,15.336913,75.13322149999999
3_2,11,Old Hubli Circle,15.336925333333333,75.13122766666667
3_2,12,Indi Pump,15.3368715,75.127151
3_2,13,Anand Nagar Cross(Girani),15.336168,75.1254145
3_2,14,Siddarudh Mata Cross,15.337141335,75.11975699999999
3_2,15,Abhinaya Nagar,15.337499165,75.117364165
3_2,16,Gurunath Nagar,15.337498335,75.114461665
3_2,17,Fateh Shah Nagar,15.337610665,75.112273165
3_2,18,New Shimla Nagar-X,15.338087999999999,75.1104385
3_2,19,Anand Nagar Cross,15.338408165,75.10906066499999
3_2,20,Anand Nagar,15.3405635,75.10731100000001
30,1,Patrakarth Nagar,15.37741333,75.124494
30,2,Hostel Pathrakartha Nagar,15.376046500000001,75.12465449999999
30,3,Shiradi Nagar,15.3743275,75.125725835
30,4,Hostel-H,15.3701655825,75.1336789175
30,5,Old Central School,15.409631810922676,75.06308915888033
30,6,Gurudev Nagar,15.370411665,75.129690835
30,7,Old Employment Office (Vishweshwara Nagar)2,15.368805,75.13260667
30,8,Shani Dev Temple,15.37068583,75.133885835
30,9,Sub Jail,15.371469170000001,75.13425333
30,10,Santhosh Nagar Cross,15.371133,75.136187
30,11,Miskin Stop,15.37043583,75.137550835
30,12,Lion School,15.369216665,75.138855835
30,13,Thirupathi Bajar,15.367727,75.13838999999999
30,14,Vijaya Hotel,15.366191,75.13798249999999
30,15,Ashok Nagar,15.3653205,75.1365735
30,16,Kaveri,15.364276499999999,75.135463
30,17,Ganesh Temple/ Bridge,15.362004165,75.137006665
30,18,Rotary School,15.358081556666667,75.13616177666667
30,19,Deshpande Nagar,15.356066776666665,75.13850422333333
30,20,Court,15.35244235,75.139162625
30,21,Hubli Obs (Inside),15.3506932154367,75.13637812934971
30_2,1,Hubli Obs (Inside),15.3506932154367,75.13637812934971
30_2,2,Court,15.35244235,75.139162625
30_2,3,Deshpande Nagar,15.356066776666665,75.13850422333333
30_2,4,Rotary School,15.358081556666667,75.13616177666667
30_2,5,Bailappanavar Nagar,15.361658,75.135269
30_2,6,Pai Hotel,15.363137,75.134859
30_2,7,Ganesh Temple/ Bridge,15.362004165,75.137006665
30_2,8,Kaveri,15.364276499999999,75.135463
30_2,9,Ashok Nagar,15.3653205,75.1365735
30_2,10,Vijaya Hotel,15.366191,75.13798249999999
30_2,11,Thirupathi Bajar,15.367727,75.13838999999999
30_2,12,Lion School,15.369216665,75.138855835
30_2,13,Miskin Stop,15.37043583,75.137550835
30_2,14,Santhosh Nagar Cross,15.371133,75.136187
30_2,15,Sub Jail,15.371469170000001,75.13425333
30_2,16,Shani Dev Temple,15.37068583,75.133885835
30_2,17,Old Employment Office (Vishweshwara Nagar)1,15.368805,75.13274333
30_2,18,Gurudev Nagar,15.370411665,75.129690835
30_2,19,Old Central School,15.409631810922676,75.06308915888033
30_2,20,Hostel-H,15.3701655825,75.1336789175
30_2,21,Shiradi Nagar,15.3743275,75.125725835
30_2,22,Hostel Pathrakartha Nagar,15.376046500000001,75.12465449999999
30_2,23,Patrakarth Nagar,15.37741333,75.124494
31,1,Cbt,15.3444674193908,75.14520201344315
31,2,Chandrakala Talkies,15.349279164999999,75.145650835
31,3,Railway Station-H,15.352256816846449,75.1453905041761
31,4,Corporation-H,15.3514155,75.14188899999999
31,5,Hubli Obs (Inside),15.3506932154367,75.13637812934971
31,6,Mahalaxmi Complex (Noorani Market),15.3472,75.137158
31,7,Kamaripet Police Station,15.344462,75.13667000000001
31,8,Koulpet,15.341852,75.13674850000001
31,9,New English School-H,15.339079869999999,75.13709849
31,10,Old Hubli Bridge,15.3370385,75.13481949999999
31,11,Karnataka Bank,15.336913,75.13322149999999
31,12,Old Hubli,15.336402,75.131203
31,13,Old Hubli Circle,15.336925333333333,75.13122766666667
31,14,Indi Pump,15.3368715,75.127151
31,15,Anand Nagar Cross (Girini),15.3361085636403,75.1256955382963
31,16,Siddarudh Mata Cross,15.337141335,75.11975699999999
31,17,Abhinaya Nagar,15.337499165,75.117364165
31,18,Gurunath Nagar,15.337498335,75.114461665
31,19,New Shimla Nagar-X,15.338087999999999,75.1104385
31,20,Anand Nagar Cross,15.338408165,75.10906066499999
31,21,Anand Nagar,15.3405635,75.10731100000001
31,22,Handicap Hospital,15.341014099160233,75.09836305028783
31_2,1,Handicap Hospital,15.341014099160233,75.09836305028783
31_2,2,Anand Nagar,15.3405635,75.10731100000001
31_2,3,Anand Nagar Cross,15.338408165,75.10906066499999
31_2,4,New Shimla Nagar-X,15.338087999999999,75.1104385
31_2,5,Gurunath Nagar,15.337498335,75.114461665
31_2,6,Abhinaya Nagar,15.337499165,75.117364165
31_2,7,Siddarudh Mata Cross,15.337141335,75.11975699999999
31_2,8,Anand Nagar Cross (Girini),15.3361085636403,75.1256955382963
31_2,9,Indi Pump,15.3368715,75.127151
31_2,10,Old Hubli 1St Stop,15.336969,75.12991
31_2,11,Old Hubli,15.336402,75.131203
31_2,12,Karnataka Bank,15.336913,75.13322149999999
31_2,13,Old Hubli Bridge,15.3370385,75.13481949999999
31_2,14,New English School-H,15.339079869999999,75.13709849
31_2,15,Koulpet,15.341852,75.13674850000001
31_2,16,Kamaripet Police Station,15.344462,75.13667000000001
31_2,17,Church,15.348363,75.136425
31_2,18,Hubli Obs (Inside),15.3506932154367,75.13637812934971
31_2,19,Corporation-H,15.3514155,75.14188899999999
31_2,20,Railway Station-H,15.352256816846449,75.1453905041761
31_2,21,Chandrakala Talkies,15.349279164999999,75.145650835
31_2,22,Cbt,15.3444674193908,75.14520201344315
33,1,Navlur,15.428914500000001,75.0415075
33,2,Navlur School,15.428422000000001,75.0390415
33,3,Chavani,15.4282675,75.0360685
33,4,Navalur Cross,15.42720845,75.03424239
33,5,Navlur K E B,15.4314745,75.027285
33,6,Lakamanahalli Corridor,15.432593,75.02541049999999
33,7,Kmf - D,15.4338825,75.0236025
33,8,Yalakki Shetter Colony,15.436132941869051,75.02176938649085
33,9,Gandhi Nagar Cross - D,15.4372,75.01961700000001
33,10,Vidya Giri,15.44013,75.017589
33,11,Suvarna Petrol Bunk,15.442373,75.015536
33,12,Modern Hall,15.444540250000001,75.01296325
33,13,Toll Naka - D,15.446940982389,75.01232067405317
33,14,Hosa Yallapur Cross,15.45037325,75.01101975
33,15,Nttf,15.4523115,75.0104
33,16,Court Circle,15.456254999999999,75.00698
33,17,Jubilee Circle,15.45894575,75.00781925
33,18,Cbt-D,15.4606685,75.01141700000001
33_2,1,Cbt-D,15.4606685,75.01141700000001
33_2,2,Jubilee Circle,15.45894575,75.00781925
33_2,3,Court Circle,15.456254999999999,75.00698
33_2,4,Nttf,15.4523115,75.0104
33_2,5,Hosa Yallapur Cross,15.45037325,75.01101975
33_2,6,Toll Naka - D,15.446940982389,75.01232067405317
33_2,7,Modern Hall,15.444540250000001,75.01296325
33_2,8,Suvarna Petrol Bunk,15.442373,75.015536
33_2,9,Vidya Giri,15.44013,75.017589
33_2,10,Gandhi Nagar Cross - D,15.4372,75.01961700000001
33_2,11,Yalakki Shetter Colony,15.436132941869051,75.02176938649085
33_2,12,Kmf - D,15.4338825,75.0236025
33_2,13,Lakamanahalli Corridor,15.432593,75.02541049999999
33_2,14,Navlur K E B,15.4314745,75.027285
33_2,15,Navlur Cross,15.42782197,75.0337055
33_2,16,Chavani,15.4282675,75.0360685
33_2,17,Navlur School,15.428422000000001,75.0390415
33_2,18,Navlur,15.428914500000001,75.0415075
338,1,Stage,15.342253661411581,75.14675297393637
338,2,Stage,15.342253661411581,75.14675297393637
343,1,Bommasamudra,15.2367905,75.117603
343,2,Bommasamudra 1St Stop,15.238052,75.11740549999999
343,3,Bommasamudra Cross,15.253546,75.122783
343,4,Belgali,15.256297,75.1263555
343,5,Belgali Govt School,15.256342499999999,75.128763
343,6,Monkey Factory,15.264365999999999,75.13856849999999
343,7,Noolvi Cross,15.268582714285714,75.15226557142857
343,8,Noolvi,15.271438,75.1653625
343,9,Adhurgunchi,15.281863999999999,75.154369
343,10,Budurshingi,15.290190744806134,75.14702836140124
343,11,Kundagol Cross,15.295943,75.1464805
343,12,Gabbur Sh,15.317306,75.1440665
343,13,Bidnal Cross Sh,15.329774,75.14363900000001
343,14,New English School Sh,15.3386415,75.1375455
343,15,Obs Sh,15.350251965647585,75.1356732192144
343,16,Hosur Terminal,15.3570921772309,75.12880797876
343_2,1,Hosur Terminal,15.3570921772309,75.12880797876
343_2,2,Obs Sh,15.350251965647585,75.1356732192144
343_2,3,Murusavira Matta Cross Sh,15.348655,75.13802
343_2,4,New English School Sh,15.3386415,75.1375455
343_2,5,Bankapur Chouk Sh,15.335399500000001,75.1417405
343_2,6,Bidnal Cross Sh,15.329774,75.14363900000001
343_2,7,Gabbur Sh,15.317306,75.1440665
343_2,8,Kundagol Cross,15.295943,75.1464805
343_2,9,Budurshingi,15.290190744806134,75.14702836140124
343_2,10,Adhurgunchi,15.281863999999999,75.154369
343_2,11,Noolvi,15.271438,75.1653625
343_2,12,Noolvi Cross,15.268582714285714,75.15226557142857
343_2,13,Monkey Factory,15.264365999999999,75.13856849999999
343_2,14,Belgali Govt School,15.256342499999999,75.128763
343_2,15,Belgali,15.256297,75.1263555
343_2,16,Bommasamudra Cross,15.253546,75.122783
343_2,17,Bommasamudra 1St Stop,15.238052,75.11740549999999
343_2,18,Bommasamudra,15.2367905,75.117603
344-C,1,Hosur Terminal,15.3570921772309,75.12880797876
344-C,2,New English School Sh,15.3386415,75.1375455
344-C,3,Gabbur Sh,15.317306,75.1440665
344-C,4,Kundagol Cross,15.295943,75.1464805
344-C,5,Budurshingi Cross,15.2887277598344,75.1455195177695
344-C,6,Noolvi Cross,15.268582714285714,75.15226557142857
344-C,7,Belgali,15.256297,75.1263555
344-C,8,Bommasamudra Cross,15.253546,75.122783
344-C,9,Bommasamudra,15.2367905,75.117603
344-C,10,Virapur,15.24680272078,75.1040170888445
344-C,11,Kardikoppa,15.2364925,75.09799
344-C,12,Virapur,15.24680272078,75.1040170888445
344-C,13,Belgali,15.256297,75.1263555
344-C,14,Noolvi Cross,15.268582714285714,75.15226557142857
344-C,15,Budurshingi Cross,15.2887277598344,75.1455195177695
344-C,16,Kundagol Cross,15.295943,75.1464805
344-C,17,Gabbur Sh,15.317306,75.1440665
344-C,18,New English School Sh,15.3386415,75.1375455
344-C,19,Hosur Terminal,15.3570921772309,75.12880797876
345,1,Cbt,15.3444674193908,75.14520201344315
345,2,Railway Station-H,15.352256816846449,75.1453905041761
345,3,Corporation-H,15.3514155,75.14188899999999
345,4,Hubli Obs (Inside),15.3506932154367,75.13637812934971
345,5,Hosur Cross,15.355021240701234,75.13037813474448
345,6,Hosur (Canara Hotel),15.35544155,75.13006884
345,7,Hosur Corridor,15.35691,75.12888600000001
345,8,Kims,15.360851499999999,75.1268595
345,9,Gurudatta Bhavana,15.362709,75.1258055
345,10,Arts College,15.364881666666667,75.123965
345,11,Vidya Nagar (Bvb College),15.367777499999999,75.121093
345,12,Prerana College,15.3708185,75.1183415
345,13,Unkal Cross Nh -,15.372411,75.117464
345,14,Unkal,15.3765645,75.113638
345,15,Srinagar Cross H1,15.38187,75.112856
345,16,Fci Godown,15.383718850000001,75.10864355000001
345,17,Bairidevarakoppa,15.386625,75.10593645
345,18,Darga,15.389607,75.101938
345,19,Shantinikethana,15.390966,75.098717
345,20,Apmc,15.3932425,75.0938625
345,21,Amargol Cross,15.3949125,75.0864165
345,22,Navanagar Corridor,15.3960601038671,75.0840843651925
345,23,Income Tax,15.399124,75.07942550000001
345,24,Rto Office,15.4009860428,75.0768215810204
345,25,K S F C,15.404317500000001,75.07099
345,26,Iskcon Temple,15.4052915,75.0688875
345,27,Rayapur,15.4060195,75.066791
345,28,K M F 1 - D2,15.409168,75.060733
345,29,Navalur Railway Station,15.4145235,75.05549149999999
345,30,Sdm Medical College,15.417109499999999,75.048833
345,31,Sattur Cross,15.417904499999999,75.04446300000001
345,32,Sattur,15.408113,75.0448105
345,33,Dental,15.418661,75.0412665
345,34,Dental Cross,15.42007155278445,75.0393727901783
345,35,Tadasinakoppa Cross,15.413162999999999,75.03226833333333
345,36,Navalur Cross,15.42720845,75.03424239
345,37,Navlur,15.428914500000001,75.0415075
345,38,Ozone,15.430247999999999,75.0305755
345,39,Navlur K E B,15.4314745,75.027285
345,40,Lakamanahalli Corridor,15.432593,75.02541049999999
345,41,Kmf - D,15.4338825,75.0236025
345,42,Yalakki Shetter Colony,15.436132941869051,75.02176938649085
345,43,Gandhi Nagar Cross - D,15.4372,75.01961700000001
345,44,Vidya Giri,15.44013,75.017589
345,45,Suvarna Petrol Bunk,15.442373,75.015536
345,46,Modern Hall,15.444540250000001,75.01296325
345,47,Toll Naka - D,15.446940982389,75.01232067405317
345,48,Hosa Yallapur Cross,15.45037325,75.01101975
345,49,Nttf,15.4523115,75.0104
345,50,Court Circle,15.456254999999999,75.00698
345,51,Old Bus Stand Dharwad,15.459724,75.009244
345,52,Jubilee Circle,15.45894575,75.00781925
345,53,Old Sp Office,15.4628345,75.003431
345,54,K C Park,15.46369,75.001007
345,55,Mental Hospital,15.464470333333333,74.99838466666667
345,56,S P Office,15.466489,74.995387
345,57,New Bus Stand-D,15.467312963922167,74.99356261227416
345,58,Gtc,15.474909,74.9855426
345,59,Agri College,15.4907075,74.983435
345_2,1,Agri College,15.4907075,74.983435
345_2,2,Gtc,15.474909,74.9855426
345_2,3,New Bus Stand,15.469627,74.992804
345_2,4,New Sp Office,15.466617930796467,74.99543122362164
345_2,5,Mental Hospital,15.464470333333333,74.99838466666667
345_2,6,K C Park,15.46369,75.001007
345_2,7,Old Sp Office,15.4628345,75.003431
345_2,8,Corporation-D,15.4603805,75.00877600000001
345_2,9,Old Bus Stand Dharwad,15.459724,75.009244
345_2,10,Jubilee Circle,15.45894575,75.00781925
345_2,11,Court Circle,15.456254999999999,75.00698
345_2,12,Nttf,15.4523115,75.0104
345_2,13,Hosa Yallapur Cross,15.45037325,75.01101975
345_2,14,Toll Naka - D,15.446940982389,75.01232067405317
345_2,15,Modern Hall,15.444540250000001,75.01296325
345_2,16,Suvarna Petrol Bunk,15.442373,75.015536
345_2,17,Vidya Giri,15.44013,75.017589
345_2,18,Gandhi Nagar Cross - D,15.4372,75.01961700000001
345_2,19,Yalakki Shetter Colony,15.436132941869051,75.02176938649085
345_2,20,Kmf - D,15.4338825,75.0236025
345_2,21,Lakamanahalli Corridor,15.432593,75.02541049999999
345_2,22,Navlur K E B,15.4314745,75.027285
345_2,23,Ozone,15.430247999999999,75.0305755
345_2,24,Navlur Cross,15.42782197,75.0337055
345_2,25,Navlur,15.428914500000001,75.0415075
345_2,26,Navalur Cross,15.42720845,75.03424239
345_2,27,Dental Cross,15.42007155278445,75.0393727901783
345_2,28,Dental,15.418661,75.0412665
345_2,29,Sattur Cross,15.417904499999999,75.04446300000001
345_2,30,Sattur,15.408113,75.0448105
345_2,31,Sdm Medical College,15.417109499999999,75.048833
345_2,32,Navalur Railway Station,15.4145235,75.05549149999999
345_2,33,K M F 1 - D,15.410093,75.060422
345_2,34,Rayapur,15.4060195,75.066791
345_2,35,Iskcon Temple,15.4052915,75.0688875
345_2,36,K S F C,15.404317500000001,75.07099
345_2,37,Rto Office,15.4009860428,75.0768215810204
345_2,38,Income Tax,15.399124,75.07942550000001
345_2,39,Navanagar Corridor,15.3960601038671,75.0840843651925
345_2,40,Amargol Cross,15.3949125,75.0864165
345_2,41,Apmc Gate,15.39422,75.090884
345_2,42,Apmc,15.3932425,75.0938625
345_2,43,Sana College,15.391110000000001,75.098792
345_2,44,Darga,15.389607,75.101938
345_2,45,Bairidevarakoppa,15.386625,75.10593645
345_2,46,Fci Godown,15.383718850000001,75.10864355000001
345_2,47,Srinagar Cross H2,15.381787,75.113218
345_2,48,Unkal,15.3765645,75.113638
345_2,49,Unkal Cross Nh,15.372741,75.117554
345_2,50,Prerana College,15.3708185,75.1183415
345_2,51,Vidya Nagar (Bvb College),15.367777499999999,75.121093
345_2,52,Arts College,15.364881666666667,75.123965
345_2,53,Gurudatta Bhavana,15.362709,75.1258055
345_2,54,Kims,15.360851499999999,75.1268595
345_2,55,Mahila Vidya Pith (Hosur Terminal),15.3570165,75.129171
345_2,56,Hosur,15.354019,75.130184
345_2,57,Basava Vana (Old Bus Stand),15.352206,75.135204
345_2,58,Corporation-H,15.3514155,75.14188899999999
345_2,59,Railway Station-H,15.352256816846449,75.1453905041761
345_2,60,Cbt,15.3444674193908,75.14520201344315
346,1,Cbt,15.3444674193908,75.14520201344315
346,2,Railway Station-H,15.352256816846449,75.1453905041761
346,3,Corporation-H,15.3514155,75.14188899999999
346,4,Hubli Obs (Inside),15.3506932154367,75.13637812934971
346,5,Glass House,15.352517,75.133526
346,6,M M Joshi,15.352953,75.130029
346,7,Hanuman Temple-H,15.351641,75.128945
346,8,Bannigida,15.36244125,75.132926
346,9,Quarters,15.351182,75.1220395
346,10,Rwh,15.350895000000001,75.1188075
346,11,New Bus Stand-H,15.3505045,75.116761
346,12,Lakshmi Nagar,15.3583525,75.10701
346,13,Laxminagar Petrol Bank,15.3602148439545,75.109910576399
346_2,1,Laxminagar Petrol Bank,15.3602148439545,75.109910576399
346_2,2,Lakshmi Nagar,15.3583525,75.10701
346_2,3,New Bus Stand-H,15.3505045,75.116761
346_2,4,Rwh,15.350895000000001,75.1188075
346_2,5,Quarters,15.351182,75.1220395
346_2,6,Bannigida,15.36244125,75.132926
346_2,7,Hanuman Temple-H,15.351641,75.128945
346_2,8,Hosur,15.354019,75.130184
346_2,9,Hubli Obs (Outside),15.351252,75.13632
346_2,10,Corporation-H,15.3514155,75.14188899999999
346_2,11,Railway Station-H,15.352256816846449,75.1453905041761
346_2,12,Cbt,15.3444674193908,75.14520201344315
347,1,Cbt,15.3444674193908,75.14520201344315
347,2,Chandrakala Talkies,15.349279164999999,75.145650835
347,3,Railway Station-H,15.352256816846449,75.1453905041761
347,4,Corporation-H,15.3514155,75.14188899999999
347,5,Hubli Obs (Inside),15.3506932154367,75.13637812934971
347,6,Mahalaxmi Complex (Noorani Market),15.3472,75.137158
347,7,Kamaripet Police Station,15.344462,75.13667000000001
347,8,Koulpet,15.341852,75.13674850000001
347,9,New English School-H,15.339079869999999,75.13709849
347,10,Old Hubli Bridge,15.3370385,75.13481949999999
347,11,Karnataka Bank,15.336913,75.13322149999999
347,12,Old Hubli,15.336402,75.131203
347,13,Old Hubli Circle,15.336925333333333,75.13122766666667
347,14,Indi Pump,15.3368715,75.127151
347,15,Sharavati Nagar,15.3297739527335,75.1265555049236
347_2,1,Sharavati Nagar,15.3297739527335,75.1265555049236
347_2,2,Indi Pump,15.3368715,75.127151
347_2,3,Old Hubli 1St Stop,15.336969,75.12991
347_2,4,Old Hubli,15.336402,75.131203
347_2,5,Karnataka Bank,15.336913,75.13322149999999
347_2,6,Old Hubli Bridge,15.3370385,75.13481949999999
347_2,7,New English School-H,15.339079869999999,75.13709849
347_2,8,Koulpet,15.341852,75.13674850000001
347_2,9,Kamaripet Police Station,15.344462,75.13667000000001
347_2,10,Church,15.348363,75.136425
347_2,11,Hubli Obs (Inside),15.3506932154367,75.13637812934971
347_2,12,Corporation-H,15.3514155,75.14188899999999
347_2,13,Railway Station-H,15.352256816846449,75.1453905041761
347_2,14,Chandrakala Talkies,15.349279164999999,75.145650835
347_2,15,Cbt,15.3444674193908,75.14520201344315
372,1,Cbt,15.3444674193908,75.14520201344315
372,2,Chandrakala Talkies,15.349279164999999,75.145650835
372,3,Railway Station-H,15.352256816846449,75.1453905041761
372,4,Corporation-H,15.3514155,75.14188899999999
372,5,Mahalaxmi Complex (Noorani Market),15.3472,75.137158
372,6,Kamaripet Police Station,15.344462,75.13667000000001
372,7,Koulpet,15.341852,75.13674850000001
372,8,New English School-H,15.339079869999999,75.13709849
372,9,Old Hubli Bridge,15.3370385,75.13481949999999
372,10,Karnataka Bank,15.336913,75.13322149999999
372,11,Old Hubli,15.336402,75.131203
372,12,Junglee Pet,15.332587,75.13202849999999
372,13,Eshwar Nagar,15.326359,75.1317
372,14,Someshwara Nagar,15.3235005,75.1312415
372,15,Bridge,15.324110000000001,75.128724
372,16,Nekkar Nagar,15.3244015,75.1266585
372,17,Maruti Temple-H,15.323499,75.124665
372,18,Guru Siddeshwara Nagar,15.3230545,75.12325849999999
372,19,Santhosh Nagar,15.322579000000001,75.1217745
372,20,M/S,15.322433499999999,75.120449
372_2,1,M/S,15.322433499999999,75.120449
372_2,2,Santhosh Nagar,15.322579000000001,75.1217745
372_2,3,Guru Siddeshwara Nagar,15.3230545,75.12325849999999
372_2,4,Nekar Nagar,15.324672,75.126899
372_2,5,Bridge,15.324110000000001,75.128724
372_2,6,Someshwara Nagar,15.3235005,75.1312415
372_2,7,Eshwar Nagar,15.326359,75.1317
372_2,8,Junglee Pet,15.332587,75.13202849999999
372_2,9,Old Hubli,15.336402,75.131203
372_2,10,Old Hubli Circle,15.336925333333333,75.13122766666667
372_2,11,Karnataka Bank,15.336913,75.13322149999999
372_2,12,Old Hubli Bridge,15.3370385,75.13481949999999
372_2,13,New English School-H,15.339079869999999,75.13709849
372_2,14,Koulpet,15.341852,75.13674850000001
372_2,15,Kamaripet Police Station,15.344462,75.13667000000001
372_2,16,Church,15.348363,75.136425
372_2,17,Hubli Obs (Inside),15.3506932154367,75.13637812934971
372_2,18,Corporation-H,15.3514155,75.14188899999999
372_2,19,Railway Station-H,15.352256816846449,75.1453905041761
372_2,20,Chandrakala Talkies,15.349279164999999,75.145650835
372_2,21,Cbt,15.3444674193908,75.14520201344315
39,1,Hubli Obs (Outside),15.351252,75.13632
39,2,Court,15.35244235,75.139162625
39,3,Deshpande Nagar,15.356066776666665,75.13850422333333
39,4,Rotary School,15.358081556666667,75.13616177666667
39,5,Bailappanavar Nagar,15.361658,75.135269
39,6,Pai Hotel,15.363137,75.134859
39,7,Ganesh Temple/ Bridge,15.362004165,75.137006665
39,8,Garden,15.364202835,75.13543949999999
39,9,Ashok Nagar,15.3653205,75.1365735
39,10,Vijaya Hotel,15.366191,75.13798249999999
39,11,Vijaya Nagar,15.3676295,75.1384245
39,12,Lion School,15.369216665,75.138855835
39,13,Miskin Stop,15.37043583,75.137550835
39,14,Adhyapak Nagar,15.371115835,75.136271665
39,15,Sub Jail,15.371469170000001,75.13425333
39,16,Shani Dev Temple,15.37068583,75.133885835
39,17,Old Employment Office (Vishweshwara Nagar)1,15.368805,75.13274333
39,18,Gurudev Nagar,15.370411665,75.129690835
39,19,Raj Nagar,15.37144917,75.12815333500001
39_2,1,Raj Nagar,15.37144917,75.12815333500001
39_2,2,Gurudev Nagar,15.370411665,75.129690835
39_2,3,Old Employment Office (Vishweshwara Nagar)2,15.368805,75.13260667
39_2,4,Shani Dev Temple,15.37068583,75.133885835
39_2,5,Sub Jail,15.371469170000001,75.13425333
39_2,6,Adhyapak Nagar,15.371115835,75.136271665
39_2,7,Miskin Stop,15.37043583,75.137550835
39_2,8,Lion School,15.369216665,75.138855835
39_2,9,Vijaya Nagar,15.3676295,75.1384245
39_2,10,Vijaya Hotel,15.366191,75.13798249999999
39_2,11,Ashok Nagar,15.3653205,75.1365735
39_2,12,Garden,15.364202835,75.13543949999999
39_2,13,Ganesh Temple/ Bridge,15.362004165,75.137006665
39_2,14,Rotary School,15.358081556666667,75.13616177666667
39_2,15,Deshpande Nagar,15.356066776666665,75.13850422333333
39_2,16,Court,15.35244235,75.139162625
39_2,17,Hubli Obs (Inside),15.3506932154367,75.13637812934971
399,1,Dummawad,15.315910500000001,75.00851750000001
399,2,Dummad Water Tank,15.319152,75.008706
399,3,Neer Sagar Cross,15.3288275,75.0086285
399,4,Jodhalli Cross,15.3427545,75.0087345
399,5,Jodalli Cross 1St Stop,15.344718,75.00832349999999
399,6,Jodhalli Matha,15.349311,75.008422
399,7,Awalakki Factory,15.357038,75.00721250000001
399,8,Kanive Honnapur N H,15.367756669558075,75.0067691780541
399,9,Kanive Honnapur Water Tank,15.3693835,75.0080525
399,10,Kanive Honnapur 1St Stop,15.3670698021125,75.0103522501127
399,11,Joshi Farm,15.3638569744952,75.017615117008
399,12,Sai Wood Works,15.361624500000001,75.0233585
399,13,Vajpey Nagar,15.360630223847526,75.02720168192003
399,14,Tarihal Politechnic,15.3586135,75.03442100000001
399,15,Tarihal -X,15.359244,75.045469
399,16,Vijaya Bank,15.3594075,75.047304
399,17,Steel Factory,15.359579499999999,75.0490875
399,18,Toll Gate,15.3597325,75.052089
399,19,Jagadish Nagar Cross,15.3559365,75.0574705
399,20,Infosys,15.3525335,75.062562
399,21,Deshpande Foundation,15.352754000000001,75.0676165
399,22,Durga Gudi,15.357231666666666,75.08218833333333
399,23,Gokul Cross,15.354122,75.079631
399,24,Airport,15.35598472333832,75.08580822603624
399,25,Kec,15.354208845640276,75.09142434264085
399,26,Neharu Nagar Water Tank,15.352369666666666,75.097318
399,27,Manjunatha Nagar Cross,15.35160868216956,75.10187980363615
399,28,Basaveshwara Nagar Cross,15.351390666666667,75.10335466666668
399,29,Akshay Park,15.350715666666666,75.10896733333333
399,30,New Bus Stand-H,15.3505045,75.116761
399,31,Rwh,15.350895000000001,75.1188075
399,32,Quarters,15.351182,75.1220395
399,33,Hosur,15.354019,75.130184
399,34,Hosur Terminal,15.3570921772309,75.12880797876
399_2,1,Hosur Terminal,15.3570921772309,75.12880797876
399_2,2,M M Joshi,15.352953,75.130029
399_2,3,Hanuman Temple-H,15.351641,75.128945
399_2,4,Quarters,15.351182,75.1220395
399_2,5,Rwh,15.350895000000001,75.1188075
399_2,6,New Bus Stand-H,15.3505045,75.116761
399_2,7,Akshay Park,15.350715666666666,75.10896733333333
399_2,8,Basaveshwara Nagar Cross,15.351390666666667,75.10335466666668
399_2,9,Manjunatha Nagar Cross,15.35160868216956,75.10187980363615
399_2,10,Neharu Nagar Water Tank,15.352369666666666,75.097318
399_2,11,Kec,15.354208845640276,75.09142434264085
399_2,12,Airport,15.35598472333832,75.08580822603624
399_2,13,Gokul Cross,15.354122,75.079631
399_2,14,Durga Gudi,15.357231666666666,75.08218833333333
399_2,15,Deshpande Foundation,15.352754000000001,75.0676165
399_2,16,Infosys,15.3525335,75.062562
399_2,17,Jagadish Nagar Cross,15.3559365,75.0574705
399_2,18,Toll Gate,15.3597325,75.052089
399_2,19,Steel Factory,15.359579499999999,75.0490875
399_2,20,Vijaya Bank,15.3594075,75.047304
399_2,21,Tarihal -X,15.359244,75.045469
399_2,22,Tarihal Politechnic,15.3586135,75.03442100000001
399_2,23,Vajpey Nagar,15.360630223847526,75.02720168192003
399_2,24,Sai Wood Works,15.361624500000001,75.0233585
399_2,25,Joshi Farm,15.3638569744952,75.017615117008
399_2,26,Kanive Honnapur 1St Stop,15.3670698021125,75.0103522501127
399_2,27,Kanive Honnapur Water Tank,15.3693835,75.0080525
399_2,28,Kanive Honnapur N H,15.367756669558075,75.0067691780541
399_2,29,Awalakki Factory,15.357038,75.00721250000001
399_2,30,Jodhalli Matha,15.349311,75.008422
399_2,31,Jodalli Cross 1St Stop,15.344718,75.00832349999999
399_2,32,Jodhalli Cross,15.3427545,75.0087345
399_2,33,Neer Sagar Cross,15.3288275,75.0086285
399_2,34,Dummad Water Tank,15.319152,75.008706
399_2,35,Dummawad,15.315910500000001,75.00851750000001
3G,1,Grid,15.331718,75.120619
3G,2,Bidnal Cross,15.3290369325,75.14660269
3G,3,Bankapur Chowk,15.335373115,75.14170128500001
3G,4,New English School-H,15.339079869999999,75.13709849
3G,5,Koulpet,15.341852,75.13674850000001
3G,6,Mahalaxmi Complex (Noorani Market),15.3472,75.137158
3G,7,Hubli Obs (Inside),15.3506932154367,75.13637812934971
3G,8,Hosur Cross,15.355021240701234,75.13037813474448
3G,9,Hosur Corridor,15.35691,75.12888600000001
3G,10,Kmc,15.361930349652999,75.13062759389733
3G_2,1,Kmc,15.361930349652999,75.13062759389733
3G_2,2,Hosur Corridor,15.35691,75.12888600000001
3G_2,3,Hosur Cross,15.355021240701234,75.13037813474448
3G_2,4,Hubli Obs (Outside),15.351252,75.13632
3G_2,5,Mahalaxmi Complex (Noorani Market),15.3472,75.137158
3G_2,6,Koulpet,15.341852,75.13674850000001
3G_2,7,New English School-H,15.339079869999999,75.13709849
3G_2,8,Bankapur Chowk,15.335373115,75.14170128500001
3G_2,9,Bidnal Cross,15.3290369325,75.14660269
3G_2,10,Grid,15.331718,75.120619
406,1,Cbt,15.3444674193908,75.14520201344315
406,2,Chandrakala Talkies,15.349279164999999,75.145650835
406,3,Railway Station-H,15.352256816846449,75.1453905041761
406,4,Corporation-H,15.3514155,75.14188899999999
406,5,Hubli Obs (Inside),15.3506932154367,75.13637812934971
406,6,Glass House,15.352517,75.133526
406,7,Hosur Cross,15.355021240701234,75.13037813474448
406,8,Mahila Vidya Pith (Hosur Terminal),15.3570165,75.129171
406,9,Jg Commerce College,15.3590733525212,75.12783566749385
406,10,Kims,15.360851499999999,75.1268595
406,11,Kmc,15.361930349652999,75.13062759389733
406_2,1,Kmc,15.361930349652999,75.13062759389733
406_2,2,Kims,15.360851499999999,75.1268595
406_2,3,Mahila Vidya Pith (Hosur Terminal),15.3570165,75.129171
406_2,4,Hosur Cross,15.355021240701234,75.13037813474448
406_2,5,Hubli Obs (Outside),15.351252,75.13632
406_2,6,Corporation-H,15.3514155,75.14188899999999
406_2,7,Railway Station-H,15.352256816846449,75.1453905041761
406_2,8,Chandrakala Talkies,15.349279164999999,75.145650835
406_2,9,Cbt,15.3444674193908,75.14520201344315
46,1,Cbt,15.3444674193908,75.14520201344315
46,2,Chandrakala Talkies,15.349279164999999,75.145650835
46,3,Railway Station-H,15.352256816846449,75.1453905041761
46,4,Corporation-H,15.3514155,75.14188899999999
46,5,Court,15.35244235,75.139162625
46,6,Deshpande Nagar,15.356066776666665,75.13850422333333
46,7,Rotary School,15.358081556666667,75.13616177666667
46,8,Bailappanavar Nagar,15.361658,75.135269
46,9,Pai Hotel,15.363137,75.134859
46,10,Ganesh Temple/ Bridge,15.362004165,75.137006665
46,11,Kaveri,15.364276499999999,75.135463
46,12,Ashok Nagar,15.3653205,75.1365735
46,13,Vijaya Hotel,15.366191,75.13798249999999
46,14,Thirupathi Bajar,15.367727,75.13838999999999
46,15,Lion School,15.369216665,75.138855835
46,16,Miskin Stop,15.37043583,75.137550835
46,17,Santhosh Nagar Cross,15.371133,75.136187
46,18,Chaitra School,15.3739165,75.1372565
46,19,Santosh Nagar-H,15.374620835,75.136449165
46,20,Siddharuda Colony,15.3757925,75.1359285
46,21,Madhura Park,15.3769445,75.1361605
46,22,J K School,15.378184999999998,75.13392666499999
46,23,Shakti Colony 2Nd Cross,15.378795333333334,75.13211033333333
46,24,Shakti Colony Cross,15.37701,75.132321
46,25,Shakti Colony,15.376328,75.1336565
46_2,1,Shakti Colony,15.376328,75.1336565
46_2,2,Shakti Colony 1St Stop,15.376009,75.132519
46_2,3,Shakti Colony 2Nd Cross,15.378795333333334,75.13211033333333
46_2,4,J K School,15.378184999999998,75.13392666499999
46_2,5,Madhura Park,15.3769445,75.1361605
46_2,6,Siddharuda Colony,15.3757925,75.1359285
46_2,7,Santosh Nagar-H,15.374620835,75.136449165
46_2,8,Chaitra School,15.3739165,75.1372565
46_2,9,Santhosh Nagar Cross,15.371133,75.136187
46_2,10,Miskin Stop,15.37043583,75.137550835
46_2,11,Lion School,15.369216665,75.138855835
46_2,12,Thirupathi Bajar,15.367727,75.13838999999999
46_2,13,Vijaya Hotel,15.366191,75.13798249999999
46_2,14,Ashok Nagar,15.3653205,75.1365735
46_2,15,Kaveri,15.364276499999999,75.135463
46_2,16,Ganesh Temple/ Bridge,15.362004165,75.137006665
46_2,17,Rotary School,15.358081556666667,75.13616177666667
46_2,18,Deshpande Nagar,15.356066776666665,75.13850422333333
46_2,19,Court,15.35244235,75.139162625
46_2,20,Corporation-H,15.3514155,75.14188899999999
46_2,21,Railway Station-H,15.352256816846449,75.1453905041761
46_2,22,Chandrakala Talkies,15.349279164999999,75.145650835
46_2,23,Cbt,15.3444674193908,75.14520201344315
468,1,Cbt,15.3444674193908,75.14520201344315
468,2,Chandrakala Talkies,15.349279164999999,75.145650835
468,3,Railway Station-H,15.352256816846449,75.1453905041761
468,4,Corporation-H,15.3514155,75.14188899999999
468,5,Hubli Obs (Inside),15.3506932154367,75.13637812934971
468,6,Glass House,15.352517,75.133526
468,7,Hosur Cross,15.355021240701234,75.13037813474448
468,8,Hosur Corridor,15.35691,75.12888600000001
468,9,Jg Commerce College,15.3590733525212,75.12783566749385
468,10,Kims,15.360851499999999,75.1268595
468,11,Gurudatta Bhavana,15.362709,75.1258055
468,12,Arts College,15.364881666666667,75.123965
468,13,Vidya Nagar (Bvb College),15.367777499999999,75.121093
468,14,Prerana College,15.3708185,75.1183415
468,15,Unkal Cross Nh -,15.372411,75.117464
468,16,Unkal,15.3765645,75.113638
468,17,Srinagar Cross H1,15.38187,75.112856
468,18,Fci Godown,15.383718850000001,75.10864355000001
468,19,Bairidevarakoppa,15.386625,75.10593645
468,20,Apmc H Gate,15.3890785,75.1033515
468,21,Fruits Market,15.390671000000001,75.1046265
468,22,Vegitable Market,15.3925525,75.1046395
468,23,Rice Market,15.3940845,75.1046585
468,24,Onion Market,15.394359999999999,75.102636
468,25,Apmc Basava Nagar,15.3973255,75.102486
468_2,1,Apmc Basava Nagar,15.3973255,75.102486
468_2,2,Onion Market,15.394359999999999,75.102636
468_2,3,Rice Market,15.3940845,75.1046585
468_2,4,Vegitable Market,15.3925525,75.1046395
468_2,5,Fruits Market,15.390671000000001,75.1046265
468_2,6,Apmc H Gate,15.3890785,75.1033515
468_2,7,Bairidevarakoppa,15.386625,75.10593645
468_2,8,Fci Godown,15.383718850000001,75.10864355000001
468_2,9,Srinagar Cross H2,15.381787,75.113218
468_2,10,Unkal,15.3765645,75.113638
468_2,11,Unkal Cross Nh,15.372741,75.117554
468_2,12,Prerana College,15.3708185,75.1183415
468_2,13,Vidya Nagar (Bvb College),15.367777499999999,75.121093
468_2,14,Arts College,15.364881666666667,75.123965
468_2,15,Gurudatta Bhavana,15.362709,75.1258055
468_2,16,Kims,15.360851499999999,75.1268595
468_2,17,Mahila Vidya Pith (Hosur Terminal),15.3570165,75.129171
468_2,18,Hosur,15.354019,75.130184
468_2,19,Obs Hbl,15.350879,75.137761
468_2,20,Corporation-H,15.3514155,75.14188899999999
468_2,21,Railway Station-H,15.352256816846449,75.1453905041761
468_2,22,Chandrakala Talkies,15.349279164999999,75.145650835
468_2,23,Ganesh Pet,15.34613833,75.14559333
468_2,24,Cbt,15.3444674193908,75.14520201344315
47,1,Cbt,15.3444674193908,75.14520201344315
47,2,Chandrakala Talkies,15.349279164999999,75.145650835
47,3,Railway Station-H,15.352256816846449,75.1453905041761
47,4,Corporation-H,15.3514155,75.14188899999999
47,5,Hubli Obs (Inside),15.3506932154367,75.13637812934971
47,6,Glass House,15.352517,75.133526
47,7,Hosur Cross,15.355021240701234,75.13037813474448
47,8,Hosur Corridor,15.35691,75.12888600000001
47,9,Jg Commerce College,15.3590733525212,75.12783566749385
47,10,Kmc Cross,15.360941839999999,75.126741675
47,11,Gurudatta Bhavana,15.362709,75.1258055
47,12,Arts College,15.364881666666667,75.123965
47,13,Vidya Nagar (Bvb College),15.367777499999999,75.121093
47,14,Prerana College,15.3708185,75.1183415
47,15,Unkal Cross Nh -,15.372411,75.117464
47,16,Unkal,15.3765645,75.113638
47,17,Srinagar Cross H1,15.38187,75.112856
47,18,Fci Godown,15.383718850000001,75.10864355000001
47,19,Bairidevarakoppa,15.386625,75.10593645
47,20,Darga,15.389607,75.101938
47,21,Shantinikethana,15.390966,75.098717
47,22,Apmc,15.3932425,75.0938625
47,23,Amargol Cross,15.3949125,75.0864165
47,24,Cancer Hospital,15.395116333333334,75.08425199999999
47,25,Bsr Circle,15.392511333333333,75.08153766666668
47,26,Navanagar City,15.394359,75.0790555
47,27,Sankalpa Semiconductors,15.3962635,75.07583199999999
47,28,Karnataka Law University,15.400095,75.071556
47,29,Amar Nagar,15.399609,75.07069000000001
47,30,Suthagatti,15.397573,75.06584050000001
47_2,1,Suthagatti,15.397573,75.06584050000001
47_2,2,Amar Nagar,15.399609,75.07069000000001
47_2,3,Karnataka Law Univercity,15.400025,75.071355
47_2,4,Sankalpa Semiconductors,15.3962635,75.07583199999999
47_2,5,Navanagar City,15.394359,75.0790555
47_2,6,Bsr Circle,15.392511333333333,75.08153766666668
47_2,7,Cancer Hospital,15.395116333333334,75.08425199999999
47_2,8,Cancer Hospital Nh,15.3961090821868,75.0841185042992
47_2,9,Amargol Cross,15.3949125,75.0864165
47_2,10,Apmc Gate,15.39422,75.090884
47_2,11,Apmc,15.3932425,75.0938625
47_2,12,Sana College,15.391110000000001,75.098792
47_2,13,Darga,15.389607,75.101938
47_2,14,Bairidevarakoppa,15.386625,75.10593645
47_2,15,Fci Godown,15.383718850000001,75.10864355000001
47_2,16,Srinagar Cross H2,15.381787,75.113218
47_2,17,Unkal,15.3765645,75.113638
47_2,18,Unkal Cross Nh,15.372741,75.117554
47_2,19,Prerana College,15.3708185,75.1183415
47_2,20,Vidya Nagar (Bvb College),15.367777499999999,75.121093
47_2,21,Arts College,15.364881666666667,75.123965
47_2,22,Gurudatta Bhavana,15.362709,75.1258055
47_2,23,Kims,15.360851499999999,75.1268595
47_2,24,Mahila Vidya Pith (Hosur Terminal),15.3570165,75.129171
47_2,25,Hosur Cross,15.355021240701234,75.13037813474448
47_2,26,Obs Hbl,15.350879,75.137761
47_2,27,Corporation-H,15.3514155,75.14188899999999
47_2,28,Railway Station-H,15.352256816846449,75.1453905041761
47_2,29,Chandrakala Talkies,15.349279164999999,75.145650835
47_2,30,Ganesh Pet,15.34613833,75.14559333
47_2,31,Cbt,15.3444674193908,75.14520201344315
48,1,Taj Nagar H,15.3881115,75.11410000000001
48,2,Masuti Stop,15.3869225,75.1141595
48,3,Ambika Nagar,15.3857505,75.1149125
48,4,Chethan Business School,15.38619,75.1160125
48,5,Srinagar 2Nd Stop,15.38529456012685,75.11658565228845
48,6,Srinagar 1St Stop,15.3837975,75.116118
48,7,Ganesh Temple-H,15.382871,75.115821
48,8,Sai Nagar-H,15.382111,75.11772400000001
48,9,Vayuputra Badavane,15.379846,75.117902
48,10,Siddappajja Mata,15.37769,75.117492
48,11,Ambedkar Nagar,15.3754875,75.11720199999999
48,12,Unkal Cross Nh,15.372741,75.117554
48,13,Vidya Nagar (Bvb College),15.367777499999999,75.121093
48,14,Arts College,15.364881666666667,75.123965
48,15,Kmc Cross,15.360941839999999,75.126741675
48,16,Mahila Vidya Pith (Hosur Terminal),15.3570165,75.129171
48,17,Hosur Cross,15.355021240701234,75.13037813474448
48,18,Hubli Obs (Outside),15.351252,75.13632
48,19,Corporation-H,15.3514155,75.14188899999999
48,20,Railway Station-H,15.352256816846449,75.1453905041761
48,21,Chandrakala Talkies,15.349279164999999,75.145650835
48,22,Cbt,15.3444674193908,75.14520201344315
48_2,1,Cbt,15.3444674193908,75.14520201344315
48_2,2,Chandrakala Talkies,15.349279164999999,75.145650835
48_2,3,Railway Station-H,15.352256816846449,75.1453905041761
48_2,4,Corporation-H,15.3514155,75.14188899999999
48_2,5,Hubli Obs (Inside),15.3506932154367,75.13637812934971
48_2,6,Glass House,15.352517,75.133526
48_2,7,Hosur Cross,15.355021240701234,75.13037813474448
48_2,8,Mahila Vidya Pith (Hosur Terminal),15.3570165,75.129171
48_2,9,Jg Commerce College,15.3590733525212,75.12783566749385
48_2,10,Kmc Cross,15.360941839999999,75.126741675
48_2,11,Arts College,15.364881666666667,75.123965
48_2,12,Vidya Nagar (Bvb College),15.367777499999999,75.121093
48_2,13,Unkal Cross Nh -,15.372411,75.117464
48_2,14,Ambedkar Nagar,15.3754875,75.11720199999999
48_2,15,Siddappajja Mata,15.37769,75.117492
48_2,16,Vayuputra Badavane,15.379846,75.117902
48_2,17,Sai Nagar-H,15.382111,75.11772400000001
48_2,18,Ganesh Temple-H,15.382871,75.115821
48_2,19,Srinagar 1St Stop,15.3837975,75.116118
48_2,20,Srinagar 2Nd Stop,15.38529456012685,75.11658565228845
48_2,21,Chethan Business School,15.38619,75.1160125
48_2,22,Ambika Nagar,15.3857505,75.1149125
48_2,23,Masuti Stop,15.3869225,75.1141595
48_2,24,Taj Nagar H,15.3881115,75.11410000000001
488,1,Siddharud Mata,15.3352215,75.120312
488,2,Siddarudh Mata Cross,15.337141335,75.11975699999999
488,3,Ganesh Nagar,15.336658,75.12134950000001
488,4,Bankers Colony,15.338588999999999,75.1203905
488,5,Murdeshwara Factory,15.341352,75.1183445
488,6,Hemareddy Mallamma Colony,15.3450980603618,75.113462531477
488,7,Oriental School,15.345773000000001,75.11140950000001
488,8,Akshay Park,15.350715666666666,75.10896733333333
488,9,2Nd Gate,15.350479,75.111707
488,10,1St Gate,15.3506565,75.11479
488,11,New Bus Stand-H,15.3505045,75.116761
488,12,Rwh,15.350895000000001,75.1188075
488,13,Quarters,15.351182,75.1220395
488,14,Bannigida,15.36244125,75.132926
488,15,Hosur,15.354019,75.130184
488,16,Hubli Obs (Outside),15.351252,75.13632
488,17,Corporation-H,15.3514155,75.14188899999999
488,18,Railway Station-H,15.352256816846449,75.1453905041761
488,19,Chandrakala Talkies,15.349279164999999,75.145650835
488,20,Cbt,15.3444674193908,75.14520201344315
488_2,1,Cbt,15.3444674193908,75.14520201344315
488_2,2,Chandrakala Talkies,15.349279164999999,75.145650835
488_2,3,Railway Station-H,15.352256816846449,75.1453905041761
488_2,4,Corporation-H,15.3514155,75.14188899999999
488_2,5,Hubli Obs (Inside),15.3506932154367,75.13637812934971
488_2,6,Glass House,15.352517,75.133526
488_2,7,Hosur,15.354019,75.130184
488_2,8,Bannigida,15.36244125,75.132926
488_2,9,Quarters,15.351182,75.1220395
488_2,10,Rwh,15.350895000000001,75.1188075
488_2,11,New Bus Stand-H,15.3505045,75.116761
488_2,12,1St Gate,15.3506565,75.11479
488_2,13,2Nd Gate,15.350479,75.111707
488_2,14,Akshay Park,15.350715666666666,75.10896733333333
488_2,15,Oriental School,15.345773000000001,75.11140950000001
488_2,16,Hemareddy Mallamma Colony,15.3450980603618,75.113462531477
488_2,17,Murdeshwara Factory,15.341352,75.1183445
488_2,18,Bankers Colony,15.338588999999999,75.1203905
488_2,19,Ganesh Nagar,15.336658,75.12134950000001
488_2,20,Siddarudh Mata Cross,15.337141335,75.11975699999999
488_2,21,Siddharud Mata,15.3352215,75.120312
4H,1,Hosur Corridor1,15.3571998809253,75.1291920046025
4H,2,Hosur Cross,15.355021240701234,75.13037813474448
4H,3,Hanuman Temple-H,15.351641,75.128945
4H,4,Quarters,15.351182,75.1220395
4H,5,R.W.H,15.350926000000001,75.1188365
4H,6,New Bus Stand-H,15.3505045,75.116761
4H,7,Akshay Park,15.350715666666666,75.10896733333333
4H,8,Manjunatha Nagar Cross,15.35160868216956,75.10187980363615
4H,9,Neharu Nagar Water Tank,15.352369666666666,75.097318
4H,10,Kec,15.354208845640276,75.09142434264085
4H,11,B D K,15.3551535,75.08834350000001
4H,12,Airport,15.35598472333832,75.08580822603624
4H,13,K L E College,15.3545415,75.0830885
4H,14,Gokul Cross,15.354122,75.079631
4H,15,Gokul,15.351278,75.08083049999999
4H_2,1,Gokul,15.351278,75.08083049999999
4H_2,2,Gokul Cross,15.354122,75.079631
4H_2,3,K L E College,15.3545415,75.0830885
4H_2,4,Airport,15.35598472333832,75.08580822603624
4H_2,5,B D K,15.3551535,75.08834350000001
4H_2,6,Kec,15.354208845640276,75.09142434264085
4H_2,7,Neharu Nagar Water Tank,15.352369666666666,75.097318
4H_2,8,Manjunatha Nagar Cross,15.35160868216956,75.10187980363615
4H_2,9,Basaveshwara Nagar Cross,15.351390666666667,75.10335466666668
4H_2,10,Akshay Park,15.350715666666666,75.10896733333333
4H_2,11,New Bus Stand-H,15.3505045,75.116761
4H_2,12,Rwh,15.350895000000001,75.1188075
4H_2,13,Quarters,15.351182,75.1220395
4H_2,14,Hanuman Temple-H,15.351641,75.128945
4H_2,15,Hosur Cross,15.355021240701234,75.13037813474448
4H_2,16,Hosur Corridor1,15.3571998809253,75.1291920046025
50,1,Cbt,15.3444674193908,75.14520201344315
50,2,Chandrakala Talkies,15.349279164999999,75.145650835
50,3,Railway Station-H,15.352256816846449,75.1453905041761
50,4,Corporation-H,15.3514155,75.14188899999999
50,5,Hubli Obs (Inside),15.3506932154367,75.13637812934971
50,6,Glass House,15.352517,75.133526
50,7,Hosur Cross,15.355021240701234,75.13037813474448
50,8,Mahila Vidya Pith (Hosur Terminal),15.3570165,75.129171
50,9,Jg Commerce College,15.3590733525212,75.12783566749385
50,10,Kmc Cross,15.360941839999999,75.126741675
50,11,Arts College,15.364881666666667,75.123965
50,12,Vidya Nagar (Bvb College),15.367777499999999,75.121093
50,13,Unkal Cross Nh -,15.372411,75.117464
50,14,Unkal,15.3765645,75.113638
50,15,Srinagar Cross H1,15.38187,75.112856
50,16,Masuti Stop,15.3869225,75.1141595
50,17,Taj Nagar H,15.3881115,75.11410000000001
50_2,1,Taj Nagar H,15.3881115,75.11410000000001
50_2,2,Masuti Stop,15.3869225,75.1141595
50_2,3,Srinagar Cross H2,15.381787,75.113218
50_2,4,Unkal,15.3765645,75.113638
50_2,5,Unkal Cross Nh,15.372741,75.117554
50_2,6,Prerana College,15.3708185,75.1183415
50_2,7,Vidya Nagar (Bvb College),15.367777499999999,75.121093
50_2,8,Arts College,15.364881666666667,75.123965
50_2,9,Gurudatta Bhavana,15.362709,75.1258055
50_2,10,Kmc Cross,15.360941839999999,75.126741675
50_2,11,Hosur Corridor,15.35691,75.12888600000001
50_2,12,Hosur,15.354019,75.130184
50_2,13,Obs Hbl,15.350879,75.137761
50_2,14,Corporation-H,15.3514155,75.14188899999999
50_2,15,Railway Station-H,15.352256816846449,75.1453905041761
50_2,16,Chandrakala Talkies,15.349279164999999,75.145650835
50_2,17,Ganesh Pet,15.34613833,75.14559333
50_2,18,Cbt,15.3444674193908,75.14520201344315
508,1,Gopanakoppa,15.374813900923051,75.1441600174851
508,2,Venkatesh Colony,15.371976,75.144353
508,3,Bengeri,15.3698425,75.14568
508,4,Soda Factory,15.3681885,75.1480565
508,5,Shanti Nagar,15.36862475,75.15065625
508,6,Ramesh Bhavan,15.364672013333333,75.14898840666666
508,7,Azad Colony,15.362189,75.148558
508,8,Keshwapur,15.3592285,75.1462065
508,9,Desai Cross,15.354598500000002,75.1415005
508,10,Court,15.35244235,75.139162625
508,11,Hubli Obs (Inside),15.3506932154367,75.13637812934971
508,12,Glass House,15.352517,75.133526
508,13,Hosur,15.354019,75.130184
508,14,Bannigida,15.36244125,75.132926
508,15,Quarters,15.351182,75.1220395
508,16,Rwh,15.350895000000001,75.1188075
508,17,New Bus Stand-H,15.3505045,75.116761
508,18,1St Gate,15.3506565,75.11479
508,19,2Nd Gate,15.350479,75.111707
508,20,Akshay Park,15.350715666666666,75.10896733333333
508,21,Basaveshwara Nagar Cross,15.351390666666667,75.10335466666668
508,22,Manjunatha Nagar Cross,15.35160868216956,75.10187980363615
508,23,Silver Town Cross,15.351900535129566,75.09951371402751
508,24,Neharu Nagar Water Tank,15.352369666666666,75.097318
508,25,Arjun Vihar Cross,15.352898,75.09515475
508,26,Kec,15.354208845640276,75.09142434264085
508,27,B D K,15.3551535,75.08834350000001
508,28,Airport,15.35598472333832,75.08580822603624
508,29,K L E College,15.3545415,75.0830885
508,30,Gokul Cross,15.354122,75.079631
508,31,Anjaneya Nagar,15.353205500000001,75.07979950000001
508,32,Gokul,15.351278,75.08083049999999
508_2,1,Gokul,15.351278,75.08083049999999
508_2,2,Anjaneya Nagar,15.353205500000001,75.07979950000001
508_2,3,Gokul Cross,15.354122,75.079631
508_2,4,K L E College,15.3545415,75.0830885
508_2,5,Airport,15.35598472333832,75.08580822603624
508_2,6,B D K,15.3551535,75.08834350000001
508_2,7,Kec,15.354208845640276,75.09142434264085
508_2,8,Arjun Vihar Cross,15.352898,75.09515475
508_2,9,Neharu Nagar Water Tank,15.352369666666666,75.097318
508_2,10,Silver Town Cross,15.351900535129566,75.09951371402751
508_2,11,Manjunatha Nagar Cross,15.35160868216956,75.10187980363615
508_2,12,Basaveshwara Nagar Cross,15.351390666666667,75.10335466666668
508_2,13,Akshay Park,15.350715666666666,75.10896733333333
508_2,14,2Nd Gate,15.350479,75.111707
508_2,15,1St Gate,15.3506565,75.11479
508_2,16,New Bus Stand-H,15.3505045,75.116761
508_2,17,Rwh,15.350895000000001,75.1188075
508_2,18,Quarters,15.351182,75.1220395
508_2,19,Bannigida,15.36244125,75.132926
508_2,20,Hosur,15.354019,75.130184
508_2,21,Hubli Obs (Outside),15.351252,75.13632
508_2,22,Court,15.35244235,75.139162625
508_2,23,Desai Cross,15.354598500000002,75.1415005
508_2,24,Keshwapur,15.3592285,75.1462065
508_2,25,Azad Colony,15.362189,75.148558
508_2,26,Ramesh Bhavan,15.364672013333333,75.14898840666666
508_2,27,Shanti Nagar,15.36862475,75.15065625
508_2,28,Soda Factory,15.3681885,75.1480565
508_2,29,Bengeri,15.3698425,75.14568
508_2,30,Venkatesh Colony,15.371976,75.144353
508_2,31,Gopanakoppa,15.374813900923051,75.1441600174851
51,1,Hubli Obs (Inside),15.3506932154367,75.13637812934971
51,2,Hosur,15.354019,75.130184
51,3,Bannigida,15.36244125,75.132926
51,4,Quarters,15.351182,75.1220395
51,5,Rwh,15.350895000000001,75.1188075
51,6,New Bus Stand-H,15.3505045,75.116761
51,7,1St Gate,15.3506565,75.11479
51,8,2Nd Gate,15.350479,75.111707
51,9,Akshay Park,15.350715666666666,75.10896733333333
51,10,Basaveshwara Nagar Cross,15.351390666666667,75.10335466666668
51,11,Manjunatha Nagar Cross,15.35160868216956,75.10187980363615
51,12,Neharu Nagar Water Tank,15.352369666666666,75.097318
51,13,Arjun Vihar Cross,15.352898,75.09515475
51,14,Murarji Nagar 1St Stop,15.349132,75.0948205
51,15,Murarji Nagar 2Nd Stop,15.348404,75.0916105
51,16,Lohiya Nagar,15.345474,75.091632
51_2,1,Lohiya Nagar,15.345474,75.091632
51_2,2,Murarji Nagar 2Nd Stop,15.348404,75.0916105
51_2,3,Murarji Nagar 1St Stop,15.349132,75.0948205
51_2,4,Arjun Vihar Cross,15.352898,75.09515475
51_2,5,Neharu Nagar Water Tank,15.352369666666666,75.097318
51_2,6,Manjunatha Nagar Cross,15.35160868216956,75.10187980363615
51_2,7,Akshay Park,15.350715666666666,75.10896733333333
51_2,8,1St Gate,15.3506565,75.11479
51_2,9,New Bus Stand-H,15.3505045,75.116761
51_2,10,Rwh,15.350895000000001,75.1188075
51_2,11,Quarters,15.351182,75.1220395
51_2,12,Bannigida,15.36244125,75.132926
51_2,13,Hosur,15.354019,75.130184
51_2,14,Hubli Obs (Inside),15.3506932154367,75.13637812934971
516-C,1,Cbt,15.3444674193908,75.14520201344315
516-C,2,Chandrakala Talkies,15.349279164999999,75.145650835
516-C,3,Railway Station-H,15.352256816846449,75.1453905041761
516-C,4,Corporation-H,15.3514155,75.14188899999999
516-C,5,Court,15.35244235,75.139162625
516-C,6,Desai Cross,15.354598500000002,75.1415005
516-C,7,Keshwapur,15.3592285,75.1462065
516-C,8,Azad Colony,15.362189,75.148558
516-C,9,Ramesh Bhavan,15.364672013333333,75.14898840666666
516-C,10,Shanti Nagar,15.36862475,75.15065625
516-C,11,Soda Factory,15.3681885,75.1480565
516-C,12,Bengeri,15.3698425,75.14568
516-C,13,Venkatesh Colony,15.371976,75.144353
516-C,14,Gopanakoppa,15.374813900923051,75.1441600174851
516-C,15,Shiva Colony,15.376727,75.141709
516-C,16,Santosh Nagar Cross,15.376567,75.13848
516-C,17,Santosh Nagar 2Nd Stop,15.377171,75.136146
516-C,18,J K School,15.378184999999998,75.13392666499999
516-C,19,Shakti Colony 2Nd Cross,15.378795333333334,75.13211033333333
516-C,20,Venkteshwara Temple-H,15.358057666666667,75.10993366666666
516-C,21,Kaveri Colony,15.382554,75.124528
516-C,22,Jyothi Colony,15.383118,75.119928
516-C,23,Sai Nagar-H,15.382111,75.11772400000001
516-C,24,Vayuputra Badavane,15.379846,75.117902
516-C,25,Siddappajja Mata,15.37769,75.117492
516-C,26,Ambedkar Nagar,15.3754875,75.11720199999999
516-C,27,Unkal Cross Nh,15.372741,75.117554
516-C,28,Prerana College,15.3708185,75.1183415
516-C,29,Vidya Nagar (Bvb College),15.367777499999999,75.121093
516-C,30,Arts College,15.364881666666667,75.123965
516-C,31,Gurudatta Bhavana,15.362709,75.1258055
516-C,32,Kmc Cross,15.360941839999999,75.126741675
516-C,33,Hosur Corridor,15.35691,75.12888600000001
516-C,34,Hosur,15.354019,75.130184
516-C,35,Hubli Obs (Outside),15.351252,75.13632
516-C,36,Corporation-H,15.3514155,75.14188899999999
516-C,37,Railway Station-H,15.352256816846449,75.1453905041761
516-C,38,Chandrakala Talkies,15.349279164999999,75.145650835
516-C,39,Ganesh Pet,15.34613833,75.14559333
516-C,40,Cbt,15.3444674193908,75.14520201344315
52,1,Cbt,15.3444674193908,75.14520201344315
52,2,Chandrakala Talkies,15.349279164999999,75.145650835
52,3,Railway Station-H,15.352256816846449,75.1453905041761
52,4,Corporation-H,15.3514155,75.14188899999999
52,5,Mahalaxmi Complex (Noorani Market),15.3472,75.137158
52,6,Kamaripet Police Station,15.344462,75.13667000000001
52,7,Koulpet,15.341852,75.13674850000001
52,8,New English School-H,15.339079869999999,75.13709849
52,9,Old Hubli Bridge,15.3370385,75.13481949999999
52,10,Karnataka Bank,15.336913,75.13322149999999
52,11,Old Hubli,15.336402,75.131203
52,12,Junglee Pet,15.332587,75.13202849999999
52,13,Eshwar Nagar,15.326359,75.1317
52,14,Someshwara Nagar,15.3235005,75.1312415
52,15,Bridge,15.324110000000001,75.128724
52,16,Nekkar Nagar,15.3244015,75.1266585
52,17,Maruti Temple-H,15.323499,75.124665
52,18,Guru Siddeshwara Nagar,15.3230545,75.12325849999999
52,19,Santhosh Nagar,15.322579000000001,75.1217745
52,20,M/S,15.322433499999999,75.120449
52,21,Thimmasagara,15.310089999999999,75.112235
52_2,1,Thimmasagara,15.310089999999999,75.112235
52_2,2,M/S,15.322433499999999,75.120449
52_2,3,Santhosh Nagar,15.322579000000001,75.1217745
52_2,4,Guru Siddeshwara Nagar,15.3230545,75.12325849999999
52_2,5,Nekar Nagar,15.324672,75.126899
52_2,6,Bridge,15.324110000000001,75.128724
52_2,7,Someshwara Nagar,15.3235005,75.1312415
52_2,8,Eshwar Nagar,15.326359,75.1317
52_2,9,Junglee Pet,15.332587,75.13202849999999
52_2,10,Old Hubli,15.336402,75.131203
52_2,11,Karnataka Bank,15.336913,75.13322149999999
52_2,12,Old Hubli Bridge,15.3370385,75.13481949999999
52_2,13,New English School-H,15.339079869999999,75.13709849
52_2,14,Koulpet,15.341852,75.13674850000001
52_2,15,Kamaripet Police Station,15.344462,75.13667000000001
52_2,16,Church,15.348363,75.136425
52_2,17,Hubli Obs (Inside),15.3506932154367,75.13637812934971
52_2,18,Corporation-H,15.3514155,75.14188899999999
52_2,19,Railway Station-H,15.352256816846449,75.1453905041761
52_2,20,Chandrakala Talkies,15.349279164999999,75.145650835
52_2,21,Cbt,15.3444674193908,75.14520201344315
54,1,Cbt,15.3444674193908,75.14520201344315
54,2,Chandrakala Talkies,15.349279164999999,75.145650835
54,3,Railway Station-H,15.352256816846449,75.1453905041761
54,4,Corporation-H,15.3514155,75.14188899999999
54,5,Court,15.35244235,75.139162625
54,6,Desai Cross,15.354598500000002,75.1415005
54,7,Keshwapur,15.3592285,75.1462065
54,8,Azad Colony,15.362189,75.148558
54,9,Ramesh Bhavan,15.364672013333333,75.14898840666666
54,10,Shandilya Ashram,15.36476136,75.146370255
54,11,Dhayanad Colony,15.3647655,75.145766
54,12,Duff And Dumb School,15.364392500000001,75.1431825
54,13,Durga Bekary,15.3632975,75.1416725
54,14,Bhavani Nagar Cross,15.362702500000001,75.14077194000001
54,15,Bhavani Nagar,15.361112134999999,75.14092931
54_2,1,Bhavani Nagar,15.361112134999999,75.14092931
54_2,2,Bhavani Nagar Cross,15.362702500000001,75.14077194000001
54_2,3,Durga Bekary,15.3632975,75.1416725
54_2,4,Duff And Dumb School,15.364392500000001,75.1431825
54_2,5,Dhayanad Colony,15.3647655,75.145766
54_2,6,Shandilya Ashram,15.36476136,75.146370255
54_2,7,Ramesh Bhavan,15.364672013333333,75.14898840666666
54_2,8,Azad Colony,15.362189,75.148558
54_2,9,Keshwapur,15.3592285,75.1462065
54_2,10,Desai Cross,15.354598500000002,75.1415005
54_2,11,Court,15.35244235,75.139162625
54_2,12,Corporation-H,15.3514155,75.14188899999999
54_2,13,Railway Station-H,15.352256816846449,75.1453905041761
54_2,14,Chandrakala Talkies,15.349279164999999,75.145650835
54_2,15,Ganesh Pet,15.34613833,75.14559333
54_2,16,Cbt,15.3444674193908,75.14520201344315
56,1,Kmc,15.361930349652999,75.13062759389733
56,2,Kmc Cross,15.360941839999999,75.126741675
56,3,Mahila Vidya Pith (Hosur Terminal),15.3570165,75.129171
56,4,Hosur Cross,15.355021240701234,75.13037813474448
56,5,Hubli Obs (Outside),15.351252,75.13632
56,6,Mahalaxmi Complex (Noorani Market),15.3472,75.137158
56,7,Kamaripet Police Station,15.344462,75.13667000000001
56,8,New English School-H,15.339079869999999,75.13709849
56,9,Old Hubli Circle,15.336925333333333,75.13122766666667
56,10,Indi Pump,15.3368715,75.127151
56,11,Anand Nagar Cross(Girani),15.336168,75.1254145
56,12,Siddarudh Mata Cross,15.337141335,75.11975699999999
56,13,Abhinaya Nagar,15.337499165,75.117364165
56,14,Gurunath Nagar,15.337498335,75.114461665
56,15,Fateh Shah Nagar,15.337610665,75.112273165
56,16,New Shimla Nagar-X,15.338087999999999,75.1104385
56,17,Anand Nagar Cross,15.338408165,75.10906066499999
56,18,Siddharameshwara Nagar,15.339243,75.104348
56,19,Anand Nagar,15.3405635,75.10731100000001
56_2,1,Anand Nagar,15.3405635,75.10731100000001
56_2,2,Anand Nagar Cross,15.338408165,75.10906066499999
56_2,3,New Shimla Nagar-X,15.338087999999999,75.1104385
56_2,4,Fateh Shah Nagar,15.337610665,75.112273165
56_2,5,Gurunath Nagar,15.337498335,75.114461665
56_2,6,Abhinaya Nagar,15.337499165,75.117364165
56_2,7,Siddarudh Mata Cross,15.337141335,75.11975699999999
56_2,8,Anand Nagar Cross(Girani),15.336168,75.1254145
56_2,9,Indi Pump,15.3368715,75.127151
56_2,10,Old Hubli Circle,15.336925333333333,75.13122766666667
56_2,11,Old Hubli Bridge,15.3370385,75.13481949999999
56_2,12,Karnataka Bank,15.336913,75.13322149999999
56_2,13,New English School-H,15.339079869999999,75.13709849
56_2,14,Kamaripet Police Station,15.344462,75.13667000000001
56_2,15,Mahalaxmi Complex (Noorani Market),15.3472,75.137158
56_2,16,Hubli Obs (Inside),15.3506932154367,75.13637812934971
56_2,17,Glass House,15.352517,75.133526
56_2,18,Hosur Cross,15.355021240701234,75.13037813474448
56_2,19,Mahila Vidya Pith (Hosur Terminal),15.3570165,75.129171
56_2,20,Jg Commerce College,15.3590733525212,75.12783566749385
56_2,21,Kims,15.360851499999999,75.1268595
56_2,22,Kmc,15.361930349652999,75.13062759389733
576-C,1,Cbt,15.3444674193908,75.14520201344315
576-C,2,Chandrakala Talkies,15.349279164999999,75.145650835
576-C,3,Railway Station-H,15.352256816846449,75.1453905041761
576-C,4,Corporation-H,15.3514155,75.14188899999999
576-C,5,Hubli Obs (Inside),15.3506932154367,75.13637812934971
576-C,6,Glass House,15.352517,75.133526
576-C,7,Hosur,15.354019,75.130184
576-C,8,Bannigida,15.36244125,75.132926
576-C,9,Quarters,15.351182,75.1220395
576-C,10,Rwh,15.350895000000001,75.1188075
576-C,11,New Bus Stand-H,15.3505045,75.116761
576-C,12,1St Gate,15.3506565,75.11479
576-C,13,2Nd Gate,15.350479,75.111707
576-C,14,Akshay Park,15.350715666666666,75.10896733333333
576-C,15,Basaveshwara Nagar Cross,15.351390666666667,75.10335466666668
576-C,16,Manjunatha Nagar Cross,15.35160868216956,75.10187980363615
576-C,17,Silver Town Cross,15.351900535129566,75.09951371402751
576-C,18,Neharu Nagar Water Tank,15.352369666666666,75.097318
576-C,19,Arjun Vihar Cross,15.352898,75.09515475
576-C,20,Murarji Nagar 1St Stop,15.349132,75.0948205
576-C,21,Murarji Nagar 2Nd Stop,15.348404,75.0916105
576-C,22,Water Tank,15.346737,75.091249
576-C,23,Lohiya Nagar,15.345474,75.091632
576-C,24,Giri Nagar H,15.343498,75.092124
576-C,25,Giri Nagar 2Nd Stop,15.343643,75.094787
576-C,26,Kere 1St Stop,15.345885,75.094554
576-C,27,Kannada School,15.346925,75.094636
576-C,28,Murarji Nagar,15.348936,75.094806
576-C,29,Arjun Vihar Cross,15.352898,75.09515475
576-C,30,Neharu Nagar Water Tank,15.352369666666666,75.097318
576-C,31,Silver Town Cross,15.351900535129566,75.09951371402751
576-C,32,Manjunatha Nagar Cross,15.35160868216956,75.10187980363615
576-C,33,Basaveshwara Nagar Cross,15.351390666666667,75.10335466666668
576-C,34,Akshay Park,15.350715666666666,75.10896733333333
576-C,35,2Nd Gate,15.350479,75.111707
576-C,36,1St Gate,15.3506565,75.11479
576-C,37,New Bus Stand-H,15.3505045,75.116761
576-C,38,Rwh,15.350895000000001,75.1188075
576-C,39,Quarters,15.351182,75.1220395
576-C,40,Bannigida,15.36244125,75.132926
576-C,41,Hosur,15.354019,75.130184
576-C,42,Hubli Obs (Outside),15.351252,75.13632
576-C,43,Corporation-H,15.3514155,75.14188899999999
576-C,44,Railway Station-H,15.352256816846449,75.1453905041761
576-C,45,Chandrakala Talkies,15.349279164999999,75.145650835
576-C,46,Cbt,15.3444674193908,75.14520201344315
5H,1,Cbt,15.3444674193908,75.14520201344315
5H,2,Chandrakala Talkies,15.349279164999999,75.145650835
5H,3,Railway Station-H,15.352256816846449,75.1453905041761
5H,4,Corporation-H,15.3514155,75.14188899999999
5H,5,Hubli Obs (Inside),15.3506932154367,75.13637812934971
5H,6,Glass House,15.352517,75.133526
5H,7,Hosur Cross,15.355021240701234,75.13037813474448
5H,8,Mahila Vidya Pith (Hosur Terminal),15.3570165,75.129171
5H,9,Jg Commerce College,15.3590733525212,75.12783566749385
5H,10,Kmc Cross,15.360941839999999,75.126741675
5H,11,Arts College,15.364881666666667,75.123965
5H,12,Shirur Park,15.36323175,75.12155025
5H,13,Ayyappa Swamy Temple,15.361648,75.116865
5H,14,Siddeshwara Park (Shirur Park 2Nd Stage),15.361253,75.115418
5H,15,Siddheshwara Park Cross (Chetana College Cross),15.36164207250455,75.115315546282
5H,16,Bharati Nagar Cl,15.3625350107416,75.11508945607505
5H,17,Banashankari Extension,15.363427000000001,75.11477066666667
5H,18,Devi Nagar,15.3656405,75.113105
5H,19,Bridge (Kumar Vyas Nagar),15.367766371980451,75.11284460872051
5H,20,Katti Mangalamma Temple,15.3693095,75.113074
5H,21,Lingaraj Nagar,15.371235,75.1145075
5H,22,Lingaraj Nagar Cross,15.3712665,75.11286949999999
5H,23,Hanumanth Nagar Cross,15.372226,75.112705
5H,24,Hanamant Nagar,15.3711689224066,75.1120018959045
5H_2,1,Hanamant Nagar,15.3711689224066,75.1120018959045
5H_2,2,Hanumanth Nagar Cross,15.372226,75.112705
5H_2,3,Lingaraj Nagar Cross,15.3712665,75.11286949999999
5H_2,4,Lingaraj Nagar,15.371235,75.1145075
5H_2,5,Katti Mangalamma Temple,15.3693095,75.113074
5H_2,6,Bridge (Kumar Vyas Nagar),15.367766371980451,75.11284460872051
5H_2,7,Devi Nagar,15.3656405,75.113105
5H_2,8,Banashankari Extension,15.363427000000001,75.11477066666667
5H_2,9,Bharati Nagar Cl,15.3625350107416,75.11508945607505
5H_2,10,Siddheshwara Park Cross (Chetana College Cross),15.36164207250455,75.115315546282
5H_2,11,Siddeshwara Park (Shirur Park 2Nd Stage),15.361253,75.115418
5H_2,12,Ayyappa Swamy Temple,15.361648,75.116865
5H_2,13,Shirur Park,15.36323175,75.12155025
5H_2,14,Arts College,15.364881666666667,75.123965
5H_2,15,Kmc Cross,15.360941839999999,75.126741675
5H_2,16,Mahila Vidya Pith (Hosur Terminal),15.3570165,75.129171
5H_2,17,Hosur Cross,15.355021240701234,75.13037813474448
5H_2,18,Hubli Obs (Outside),15.351252,75.13632
5H_2,19,Corporation-H,15.3514155,75.14188899999999
5H_2,20,Railway Station-H,15.352256816846449,75.1453905041761
5H_2,21,Chandrakala Talkies,15.349279164999999,75.145650835
5H_2,22,Cbt,15.3444674193908,75.14520201344315
64,1,Kmc,15.361930349652999,75.13062759389733
64,2,Kims,15.360851499999999,75.1268595
64,3,Mahila Vidya Pith (Hosur Terminal),15.3570165,75.129171
64,4,Hosur,15.354019,75.130184
64,5,Hubli Obs (Outside),15.351252,75.13632
64,6,Mahalaxmi Complex (Noorani Market),15.3472,75.137158
64,7,Kamaripet Police Station,15.344462,75.13667000000001
64,8,Kabristan,15.344549210818052,75.13387685123209
64,9,Mts,15.3426305,75.13306349999999
64,10,Arvind Nagar Cross,15.341154,75.132528
64,11,Chennapet,15.3388905,75.1321445
64,12,Old Hubli Circle,15.336925333333333,75.13122766666667
64,13,Indi Pump,15.3368715,75.127151
64,14,Siddharud Mata Cross,15.335276666666667,75.12420200000001
64,15,Siddharud Mata School,15.333013,75.1220895
64,16,Grid,15.331718,75.120619
64_2,1,Grid,15.331718,75.120619
64_2,2,Siddharud Mata School,15.333013,75.1220895
64_2,3,Siddharud Mata Cross,15.335276666666667,75.12420200000001
64_2,4,Indi Pump,15.3368715,75.127151
64_2,5,Old Hubli Circle,15.336925333333333,75.13122766666667
64_2,6,Chennapet,15.3388905,75.1321445
64_2,7,Arvind Nagar,15.341049,75.132501
64_2,8,Mts,15.3426305,75.13306349999999
64_2,9,Church,15.348363,75.136425
64_2,10,Hubli Obs (Inside),15.3506932154367,75.13637812934971
64_2,11,Glass House,15.352517,75.133526
64_2,12,Hosur Cross,15.355021240701234,75.13037813474448
64_2,13,Mahila Vidya Pith (Hosur Terminal),15.3570165,75.129171
64_2,14,Jg Commerce College,15.3590733525212,75.12783566749385
64_2,15,Kims,15.360851499999999,75.1268595
64_2,16,Kmc,15.361930349652999,75.13062759389733
68,1,Gokul,15.351278,75.08083049999999
68,2,Anjaneya Nagar,15.353205500000001,75.07979950000001
68,3,Gokul Cross,15.354122,75.079631
68,4,K L E College,15.3545415,75.0830885
68,5,Airport,15.35598472333832,75.08580822603624
68,6,B D K,15.3551535,75.08834350000001
68,7,Kec,15.354208845640276,75.09142434264085
68,8,Arjun Vihar Cross,15.352898,75.09515475
68,9,Neharu Nagar Water Tank,15.352369666666666,75.097318
68,10,Silver Town Cross,15.351900535129566,75.09951371402751
68,11,Manjunatha Nagar Cross,15.35160868216956,75.10187980363615
68,12,Basaveshwara Nagar Cross,15.351390666666667,75.10335466666668
68,13,Akshay Park,15.350715666666666,75.10896733333333
68,14,2Nd Gate,15.350479,75.111707
68,15,1St Gate,15.3506565,75.11479
68,16,New Bus Stand-H,15.3505045,75.116761
68,17,Rwh,15.350895000000001,75.1188075
68,18,Quarters,15.351182,75.1220395
68,19,Bannigida,15.36244125,75.132926
68,20,Hosur,15.354019,75.130184
68,21,Hubli Obs (Outside),15.351252,75.13632
68_2,1,Hubli Obs (Inside),15.3506932154367,75.13637812934971
68_2,2,Glass House,15.352517,75.133526
68_2,3,Hosur,15.354019,75.130184
68_2,4,Bannigida,15.36244125,75.132926
68_2,5,Quarters,15.351182,75.1220395
68_2,6,Rwh,15.350895000000001,75.1188075
68_2,7,New Bus Stand-H,15.3505045,75.116761
68_2,8,1St Gate,15.3506565,75.11479
68_2,9,2Nd Gate,15.350479,75.111707
68_2,10,Akshay Park,15.350715666666666,75.10896733333333
68_2,11,Basaveshwara Nagar Cross,15.351390666666667,75.10335466666668
68_2,12,Manjunatha Nagar Cross,15.35160868216956,75.10187980363615
68_2,13,Silver Town Cross,15.351900535129566,75.09951371402751
68_2,14,Neharu Nagar Water Tank,15.352369666666666,75.097318
68_2,15,Arjun Vihar Cross,15.352898,75.09515475
68_2,16,Kec,15.354208845640276,75.09142434264085
68_2,17,B D K,15.3551535,75.08834350000001
68_2,18,Airport,15.35598472333832,75.08580822603624
68_2,19,K L E College,15.3545415,75.0830885
68_2,20,Gokul Cross,15.354122,75.079631
68_2,21,Anjaneya Nagar,15.353205500000001,75.07979950000001
68_2,22,Gokul,15.351278,75.08083049999999
69,1,Mahila Vidya Pith (Hosur Terminal),15.3570165,75.129171
69,2,Hosur Cross,15.355021240701234,75.13037813474448
69,3,Hubli Obs (Outside),15.351252,75.13632
69,4,Mahalaxmi Complex (Noorani Market),15.3472,75.137158
69,5,New English School-H,15.339079869999999,75.13709849
69,6,Karnataka Bank,15.336913,75.13322149999999
69,7,Old Hubli,15.336402,75.131203
69,8,Junglee Pet,15.332587,75.13202849999999
69,9,Eshwar Nagar,15.326359,75.1317
69,10,Someshwara Nagar,15.3235005,75.1312415
69,11,Bridge,15.324110000000001,75.128724
69,12,Nekkar Nagar,15.3244015,75.1266585
69_2,1,Nekkar Nagar,15.3244015,75.1266585
69_2,2,Bridge,15.324110000000001,75.128724
69_2,3,Someshwara Nagar,15.3235005,75.1312415
69_2,4,Eshwar Nagar,15.326359,75.1317
69_2,5,Junglee Pet,15.332587,75.13202849999999
69_2,6,Old Hubli,15.336402,75.131203
69_2,7,Karnataka Bank,15.336913,75.13322149999999
69_2,8,New English School-H,15.339079869999999,75.13709849
69_2,9,Mahalaxmi Complex (Noorani Market),15.3472,75.137158
69_2,10,Hubli Obs (Inside),15.3506932154367,75.13637812934971
69_2,11,Hosur Cross,15.355021240701234,75.13037813474448
69_2,12,Hosur Corridor,15.35691,75.12888600000001
70,1,Gokul,15.351278,75.08083049999999
70,2,Anjaneya Nagar,15.353205500000001,75.07979950000001
70,3,Gokul Cross,15.354122,75.079631
70,4,K L E College,15.3545415,75.0830885
70,5,Airport,15.35598472333832,75.08580822603624
70,6,B D K,15.3551535,75.08834350000001
70,7,Kec,15.354208845640276,75.09142434264085
70,8,Arjun Vihar Cross,15.352898,75.09515475
70,9,Neharu Nagar Water Tank,15.352369666666666,75.097318
70,10,Silver Town Cross,15.351900535129566,75.09951371402751
70,11,Manjunatha Nagar Cross,15.35160868216956,75.10187980363615
70,12,Basaveshwara Nagar Cross,15.351390666666667,75.10335466666668
70,13,Akshay Park,15.350715666666666,75.10896733333333
70,14,2Nd Gate,15.350479,75.111707
70,15,1St Gate,15.3506565,75.11479
70,16,New Bus Stand-H,15.3505045,75.116761
70,17,Rwh,15.350895000000001,75.1188075
70,18,Quarters,15.351182,75.1220395
70,19,Bannigida,15.36244125,75.132926
70,20,Hosur,15.354019,75.130184
70,21,Hubli Obs (Outside),15.351252,75.13632
70,22,Corporation-H,15.3514155,75.14188899999999
70,23,Railway Station-H,15.352256816846449,75.1453905041761
70_2,1,Railway Station-H,15.352256816846449,75.1453905041761
70_2,2,Corporation-H,15.3514155,75.14188899999999
70_2,3,Hubli Obs (Inside),15.3506932154367,75.13637812934971
70_2,4,Glass House,15.352517,75.133526
70_2,5,Hosur,15.354019,75.130184
70_2,6,Bannigida,15.36244125,75.132926
70_2,7,Quarters,15.351182,75.1220395
70_2,8,Rwh,15.350895000000001,75.1188075
70_2,9,New Bus Stand-H,15.3505045,75.116761
70_2,10,1St Gate,15.3506565,75.11479
70_2,11,2Nd Gate,15.350479,75.111707
70_2,12,Akshay Park,15.350715666666666,75.10896733333333
70_2,13,Basaveshwara Nagar Cross,15.351390666666667,75.10335466666668
70_2,14,Manjunatha Nagar Cross,15.35160868216956,75.10187980363615
70_2,15,Silver Town Cross,15.351900535129566,75.09951371402751
70_2,16,Neharu Nagar Water Tank,15.352369666666666,75.097318
70_2,17,Arjun Vihar Cross,15.352898,75.09515475
70_2,18,Kec,15.354208845640276,75.09142434264085
70_2,19,B D K,15.3551535,75.08834350000001
70_2,20,Airport,15.35598472333832,75.08580822603624
70_2,21,K L E College,15.3545415,75.0830885
70_2,22,Gokul Cross,15.354122,75.079631
70_2,23,Anjaneya Nagar,15.353205500000001,75.07979950000001
70_2,24,Gokul,15.351278,75.08083049999999
71,1,Hubli Obs (Inside),15.3506932154367,75.13637812934971
71,2,Glass House,15.352517,75.133526
71,3,Hosur,15.354019,75.130184
71,4,Bannigida,15.36244125,75.132926
71,5,Quarters,15.351182,75.1220395
71,6,Rwh,15.350895000000001,75.1188075
71,7,New Bus Stand-H,15.3505045,75.116761
71,8,1St Gate,15.3506565,75.11479
71,9,2Nd Gate,15.350479,75.111707
71,10,Akshay Park,15.350715666666666,75.10896733333333
71,11,Basaveshwara Nagar Cross,15.351390666666667,75.10335466666668
71,12,Manjunatha Nagar Cross,15.35160868216956,75.10187980363615
71,13,Manjunatha Nagar,15.348510333333332,75.10315100000001
71,14,J.P. Nagar 2Nd Cross,15.348312499999999,75.10520700000001
71,15,J.P. Nagar Cross,15.3481345,75.106398
71,16,J P Nagar,15.3467675,75.10698450000001
71,17,Padmaraj Nagar,15.345073,75.106588
71_2,1,Padmaraj Nagar,15.345073,75.106588
71_2,2,J P Nagar,15.3467675,75.10698450000001
71_2,3,J.P. Nagar Cross,15.3481345,75.106398
71_2,4,J.P. Nagar 2Nd Cross,15.348312499999999,75.10520700000001
71_2,5,Manjunatha Nagar,15.348510333333332,75.10315100000001
71_2,6,Manjunatha Nagar Cross,15.35160868216956,75.10187980363615
71_2,7,Basaveshwara Nagar Cross,15.351390666666667,75.10335466666668
71_2,8,Akshay Park,15.350715666666666,75.10896733333333
71_2,9,2Nd Gate,15.350479,75.111707
71_2,10,1St Gate,15.3506565,75.11479
71_2,11,New Bus Stand-H,15.3505045,75.116761
71_2,12,Rwh,15.350895000000001,75.1188075
71_2,13,Quarters,15.351182,75.1220395
71_2,14,Bannigida,15.36244125,75.132926
71_2,15,Hosur,15.354019,75.130184
71_2,16,Basava Vana (Old Bus Stand),15.352206,75.135204
71_2,17,Hubli Obs (Outside),15.351252,75.13632
72,1,Mahila Vidya Pith (Hosur Terminal),15.3570165,75.129171
72,2,Hosur,15.354019,75.130184
72,3,Hubli Obs (Outside),15.351252,75.13632
72,4,Mahalaxmi Complex (Noorani Market),15.3472,75.137158
72,5,Kamaripet Police Station,15.344462,75.13667000000001
72,6,Koulpet,15.341852,75.13674850000001
72,7,New English School-H,15.339079869999999,75.13709849
72,8,Bankapur Chowk,15.335373115,75.14170128500001
72,9,Bidnal Cross,15.3290369325,75.14660269
72,10,Gabbur,15.317556204999999,75.14400198999999
72_2,1,Gabbur,15.317556204999999,75.14400198999999
72_2,2,Bidnal Cross,15.3290369325,75.14660269
72_2,3,Bankapur Chowk,15.335373115,75.14170128500001
72_2,4,New English School-H,15.339079869999999,75.13709849
72_2,5,Koulpet,15.341852,75.13674850000001
72_2,6,Kamaripet Police Station,15.344462,75.13667000000001
72_2,7,Kabristan,15.344549210818052,75.13387685123209
72_2,8,Church,15.348363,75.136425
72_2,9,Hubli Obs (Inside),15.3506932154367,75.13637812934971
72_2,10,Glass House,15.352517,75.133526
72_2,11,Hosur Cross,15.355021240701234,75.13037813474448
72_2,12,Mahila Vidya Pith (Hosur Terminal),15.3570165,75.129171
73,1,Kmc,15.361930349652999,75.13062759389733
73,2,Kmc Cross,15.360941839999999,75.126741675
73,3,Mahila Vidya Pith (Hosur Terminal),15.3570165,75.129171
73,4,Hosur,15.354019,75.130184
73,5,Obs Sh,15.350251965647585,75.1356732192144
73,6,Bannigida,15.36244125,75.132926
73,7,Quarters,15.351182,75.1220395
73,8,R.W.H,15.350926000000001,75.1188365
73,9,New Bus Stand-H,15.3505045,75.116761
73,10,1St Gate,15.3506565,75.11479
73,11,2Nd Gate,15.350479,75.111707
73,12,Akshay Park,15.350715666666666,75.10896733333333
73,13,Basaveshwara Nagar Cross,15.351390666666667,75.10335466666668
73,14,Manjunatha Nagar Cross,15.35160868216956,75.10187980363615
73,15,Neharu Nagar Water Tank,15.352369666666666,75.097318
73,16,Kec,15.354208845640276,75.09142434264085
73,17,Airport,15.35598472333832,75.08580822603624
73,18,K L E College,15.3545415,75.0830885
73,19,Gokul Cross,15.354122,75.079631
73,20,Gokul,15.351278,75.08083049999999
73_2,1,Gokul,15.351278,75.08083049999999
73_2,2,Gokul Cross,15.354122,75.079631
73_2,3,K L E College,15.3545415,75.0830885
73_2,4,Airport,15.35598472333832,75.08580822603624
73_2,5,Kec,15.354208845640276,75.09142434264085
73_2,6,Neharu Nagar Water Tank,15.352369666666666,75.097318
73_2,7,Manjunatha Nagar Cross,15.35160868216956,75.10187980363615
73_2,8,Basaveshwara Nagar Cross,15.351390666666667,75.10335466666668
73_2,9,Akshay Park,15.350715666666666,75.10896733333333
73_2,10,2Nd Gate,15.350479,75.111707
73_2,11,1St Gate,15.3506565,75.11479
73_2,12,New Bus Stand-H,15.3505045,75.116761
73_2,13,Rwh,15.350895000000001,75.1188075
73_2,14,Quarters,15.351182,75.1220395
73_2,15,Bannigida,15.36244125,75.132926
73_2,16,Hosur,15.354019,75.130184
73_2,17,Hubli Obs (Outside),15.351252,75.13632
73_2,18,Mahila Vidya Pith (Hosur Terminal),15.3570165,75.129171
73_2,19,Kims,15.360851499999999,75.1268595
73_2,20,Kmc,15.361930349652999,75.13062759389733
74,1,Mahila Vidya Pith (Hosur Terminal),15.3570165,75.129171
74,2,Hubli Obs (Outside),15.351252,75.13632
74,3,Noorani Market,15.3487605349152,75.13799986249865
74,4,New English School-H,15.339079869999999,75.13709849
74,5,Bankapur Chowk,15.335373115,75.14170128500001
74,6,Bidnal Cross Pb Road,15.329689,75.143671
74,7,Gabbur,15.317556204999999,75.14400198999999
74,8,Kundagol Cross,15.295943,75.1464805
74,9,Kotgunsi,15.291972999999999,75.15141750000001
74,10,Adhurgunchi Doddappana Gudi,15.28525,75.15392349999999
74,11,Adhurgunchi,15.281863999999999,75.154369
74,12,Adhurgunchi Plot,15.2806865,75.1567975
74,13,Adhurgunchi College,15.277642,75.156795
74,14,Noolvi Arogya Kendra,15.272106,75.16071199999999
74,15,Noolvi Cross,15.268582714285714,75.15226557142857
74,16,Sharevada Cross,15.259578999999999,75.16957149999999
74,17,Sharevada,15.258347,75.1694485
74_2,1,Sharevada,15.258347,75.1694485
74_2,2,Sharevada Cross,15.259578999999999,75.16957149999999
74_2,3,Noolvi Cross,15.268582714285714,75.15226557142857
74_2,4,Noolvi Arogya Kendra,15.272106,75.16071199999999
74_2,5,Adhurgunchi College,15.277642,75.156795
74_2,6,Adhurgunchi Plot,15.2806865,75.1567975
74_2,7,Adhurgunchi,15.281863999999999,75.154369
74_2,8,Adhurgunchi Doddappana Gudi,15.28525,75.15392349999999
74_2,9,Kotgunsi,15.291972999999999,75.15141750000001
74_2,10,Kundagol Cross,15.295943,75.1464805
74_2,11,Gabbur,15.317556204999999,75.14400198999999
74_2,12,Bidnal Cross,15.3290369325,75.14660269
74_2,13,Bankapur Chowk,15.335373115,75.14170128500001
74_2,14,New English School-H,15.339079869999999,75.13709849
74_2,15,Koulpet,15.341852,75.13674850000001
74_2,16,Noorani Market,15.3487605349152,75.13799986249865
74_2,17,Hubli Obs (Inside),15.3506932154367,75.13637812934971
74_2,18,Glass House,15.352517,75.133526
74_2,19,Hosur Cross,15.355021240701234,75.13037813474448
74_2,20,Mahila Vidya Pith (Hosur Terminal),15.3570165,75.129171
75,1,Cbt,15.3444674193908,75.14520201344315
75,2,Chandrakala Talkies,15.349279164999999,75.145650835
75,3,Railway Station-H,15.352256816846449,75.1453905041761
75,4,Corporation-H,15.3514155,75.14188899999999
75,5,Mahalaxmi Complex (Noorani Market),15.3472,75.137158
75,6,Kamaripet Police Station,15.344462,75.13667000000001
75,7,Koulpet,15.341852,75.13674850000001
75,8,New English School-H,15.339079869999999,75.13709849
75,9,Old Hubli Bridge,15.3370385,75.13481949999999
75,10,Karnataka Bank,15.336913,75.13322149999999
75,11,Old Hubli Circle,15.336925333333333,75.13122766666667
75,12,Indi Pump,15.3368715,75.127151
75,13,Siddharud Mata,15.3352215,75.120312
75_2,1,Siddharud Mata,15.3352215,75.120312
75_2,2,Indi Pump,15.3368715,75.127151
75_2,3,Old Hubli,15.336402,75.131203
75_2,4,Karnataka Bank,15.336913,75.13322149999999
75_2,5,Old Hubli Bridge,15.3370385,75.13481949999999
75_2,6,New English School-H,15.339079869999999,75.13709849
75_2,7,Koulpet,15.341852,75.13674850000001
75_2,8,Kamaripet Police Station,15.344462,75.13667000000001
75_2,9,Mahalaxmi Complex (Noorani Market),15.3472,75.137158
75_2,10,Hubli Obs (Inside),15.3506932154367,75.13637812934971
75_2,11,Corporation-H,15.3514155,75.14188899999999
75_2,12,Railway Station-H,15.352256816846449,75.1453905041761
75_2,13,Chandrakala Talkies,15.349279164999999,75.145650835
75_2,14,Cbt,15.3444674193908,75.14520201344315
76,1,Cbt,15.3444674193908,75.14520201344315
76,2,Chandrakala Talkies,15.349279164999999,75.145650835
76,3,Railway Station-H,15.352256816846449,75.1453905041761
76,4,Corporation-H,15.3514155,75.14188899999999
76,5,Hubli Obs (Inside),15.3506932154367,75.13637812934971
76,6,Glass House,15.352517,75.133526
76,7,Hosur,15.354019,75.130184
76,8,Bannigida,15.36244125,75.132926
76,9,Quarters,15.351182,75.1220395
76,10,Rwh,15.350895000000001,75.1188075
76,11,New Bus Stand-H,15.3505045,75.116761
76,12,1St Gate,15.3506565,75.11479
76,13,2Nd Gate,15.350479,75.111707
76,14,Akshay Park,15.350715666666666,75.10896733333333
76,15,Basaveshwara Nagar Cross,15.351390666666667,75.10335466666668
76,16,Manjunatha Nagar Cross,15.35160868216956,75.10187980363615
76,17,Silver Town Cross,15.351900535129566,75.09951371402751
76,18,Neharu Nagar Water Tank,15.352369666666666,75.097318
76,19,Arjun Vihar Cross,15.352898,75.09515475
76,20,Kec,15.354208845640276,75.09142434264085
76,21,B D K,15.3551535,75.08834350000001
76,22,Airport,15.35598472333832,75.08580822603624
76,23,K L E College,15.3545415,75.0830885
76,24,Gokul Cross,15.354122,75.079631
76,25,Anjaneya Nagar,15.353205500000001,75.07979950000001
76,26,Gokul,15.351278,75.08083049999999
76,27,Nanda Gokul,15.3489445,75.07912400000001
76,28,Nanda Gokula 1St Stop,15.348095,75.077884
76,29,Banjara Colony Cross,15.347639000000001,75.07253
76,30,Banjara Colony,15.350733,75.0709415
76_2,1,Banjara Colony,15.350733,75.0709415
76_2,2,Banjara Colony Cross,15.347639000000001,75.07253
76_2,3,Nanda Gokula 1St Stop,15.348095,75.077884
76_2,4,Nanda Gokul,15.3489445,75.07912400000001
76_2,5,Gokul,15.351278,75.08083049999999
76_2,6,Anjaneya Nagar,15.353205500000001,75.07979950000001
76_2,7,Gokul Cross,15.354122,75.079631
76_2,8,K L E College,15.3545415,75.0830885
76_2,9,Airport,15.35598472333832,75.08580822603624
76_2,10,B D K,15.3551535,75.08834350000001
76_2,11,Kec,15.354208845640276,75.09142434264085
76_2,12,Arjun Vihar Cross,15.352898,75.09515475
76_2,13,Neharu Nagar Water Tank,15.352369666666666,75.097318
76_2,14,Silver Town Cross,15.351900535129566,75.09951371402751
76_2,15,Manjunatha Nagar Cross,15.35160868216956,75.10187980363615
76_2,16,Basaveshwara Nagar Cross,15.351390666666667,75.10335466666668
76_2,17,Akshay Park,15.350715666666666,75.10896733333333
76_2,18,2Nd Gate,15.350479,75.111707
76_2,19,1St Gate,15.3506565,75.11479
76_2,20,New Bus Stand-H,15.3505045,75.116761
76_2,21,Rwh,15.350895000000001,75.1188075
76_2,22,Quarters,15.351182,75.1220395
76_2,23,Bannigida,15.36244125,75.132926
76_2,24,Hosur,15.354019,75.130184
76_2,25,Hubli Obs (Outside),15.351252,75.13632
76_2,26,Corporation-H,15.3514155,75.14188899999999
76_2,27,Railway Station-H,15.352256816846449,75.1453905041761
76_2,28,Chandrakala Talkies,15.349279164999999,75.145650835
76_2,29,Cbt,15.3444674193908,75.14520201344315
78,1,Nekkar Nagar,15.3244015,75.1266585
78,2,Bridge,15.324110000000001,75.128724
78,3,Someshwara Nagar,15.3235005,75.1312415
78,4,Eshwar Nagar,15.326359,75.1317
78,5,Junglee Pet,15.332587,75.13202849999999
78,6,Old Hubli,15.336402,75.131203
78,7,Old Hubli Circle,15.336925333333333,75.13122766666667
78,8,Old Hubli Bridge,15.3370385,75.13481949999999
78,9,New English School-H,15.339079869999999,75.13709849
78,10,Kamaripet Police Station,15.344462,75.13667000000001
78,11,Mahalaxmi Complex (Noorani Market),15.3472,75.137158
78,12,Hubli Obs (Inside),15.3506932154367,75.13637812934971
78,13,Glass House,15.352517,75.133526
78,14,Hosur Cross,15.355021240701234,75.13037813474448
78,15,Mahila Vidya Pith (Hosur Terminal),15.3570165,75.129171
78,16,Jg Commerce College,15.3590733525212,75.12783566749385
78,17,Kims,15.360851499999999,75.1268595
78,18,Kmc,15.361930349652999,75.13062759389733
78_2,1,Kmc,15.361930349652999,75.13062759389733
78_2,2,Kims,15.360851499999999,75.1268595
78_2,3,Mahila Vidya Pith (Hosur Terminal),15.3570165,75.129171
78_2,4,Hosur Cross,15.355021240701234,75.13037813474448
78_2,5,Hubli Obs (Outside),15.351252,75.13632
78_2,6,Mahalaxmi Complex (Noorani Market),15.3472,75.137158
78_2,7,Kamaripet Police Station,15.344462,75.13667000000001
78_2,8,New English School-H,15.339079869999999,75.13709849
78_2,9,Old Hubli Bridge,15.3370385,75.13481949999999
78_2,10,Old Hubli Circle,15.336925333333333,75.13122766666667
78_2,11,Old Hubli,15.336402,75.131203
78_2,12,Junglee Pet,15.332587,75.13202849999999
78_2,13,Eshwar Nagar,15.326359,75.1317
78_2,14,Someshwara Nagar,15.3235005,75.1312415
78_2,15,Bridge,15.324110000000001,75.128724
78_2,16,Nekkar Nagar,15.3244015,75.1266585
81,1,Siddharud Mata,15.3352215,75.120312
81,2,Siddharud Mata Cross,15.335276666666667,75.12420200000001
81,3,Indi Pump,15.3368715,75.127151
81,4,Old Hubli,15.336402,75.131203
81,5,Old Hubli Bridge,15.3370385,75.13481949999999
81,6,New English School-H,15.339079869999999,75.13709849
81,7,Koulpet,15.341852,75.13674850000001
81,8,Mahalaxmi Complex (Noorani Market),15.3472,75.137158
81,9,Hubli Obs (Inside),15.3506932154367,75.13637812934971
81,10,Glass House,15.352517,75.133526
81,11,Hosur Cross,15.355021240701234,75.13037813474448
81,12,Mahila Vidya Pith (Hosur Terminal),15.3570165,75.129171
81_2,1,Mahila Vidya Pith (Hosur Terminal),15.3570165,75.129171
81_2,2,Hosur Cross,15.355021240701234,75.13037813474448
81_2,3,Hubli Obs (Outside),15.351252,75.13632
81_2,4,Kamaripet Police Station,15.344462,75.13667000000001
81_2,5,Koulpet,15.341852,75.13674850000001
81_2,6,New English School-H,15.339079869999999,75.13709849
81_2,7,Old Hubli Bridge,15.3370385,75.13481949999999
81_2,8,Karnataka Bank,15.336913,75.13322149999999
81_2,9,Old Hubli,15.336402,75.131203
81_2,10,Indi Pump,15.3368715,75.127151
81_2,11,Anand Nagar Cross (Girini),15.3361085636403,75.1256955382963
81_2,12,Siddharud Mata Cross,15.335276666666667,75.12420200000001
81_2,13,Siddharud Mata,15.3352215,75.120312
82,1,Driver Training School,15.380316,75.041309
82,2,Driver Training School 2Nd Cross,15.374657500000001,75.04731699999999
82,3,Driver Training School Cross,15.369608,75.044955
82,4,K . E. B .,15.365254281369,75.0486851246508
82,5,Nh  -,15.3633337096488,75.0445875640987
82,6,Vijaya Bank,15.3594075,75.047304
82,7,Steel Factory,15.359579499999999,75.0490875
82,8,Toll Gate,15.3597325,75.052089
82,9,Jagadish Nagar Cross,15.3559365,75.0574705
82,10,Infosys,15.3525335,75.062562
82,11,Deshpande Foundation,15.352754000000001,75.0676165
82,12,Police Quartz,15.35318,75.071618
82,13,Gokul Cross,15.354122,75.079631
82,14,K L E College,15.3545415,75.0830885
82,15,Airport,15.35598472333832,75.08580822603624
82,16,B D K,15.3551535,75.08834350000001
82,17,Kec,15.354208845640276,75.09142434264085
82,18,Arjun Vihar Cross,15.352898,75.09515475
82,19,Neharu Nagar Water Tank,15.352369666666666,75.097318
82,20,Silver Town Cross,15.351900535129566,75.09951371402751
82,21,Manjunatha Nagar Cross,15.35160868216956,75.10187980363615
82,22,Basaveshwara Nagar Cross,15.351390666666667,75.10335466666668
82,23,Akshay Park,15.350715666666666,75.10896733333333
82,24,2Nd Gate,15.350479,75.111707
82,25,1St Gate,15.3506565,75.11479
82,26,New Bus Stand-H,15.3505045,75.116761
82,27,R.W.H,15.350926000000001,75.1188365
82,28,Quarters,15.351182,75.1220395
82,29,Bannigida,15.36244125,75.132926
82,30,Hosur,15.354019,75.130184
82,31,Hosur Cross,15.355021240701234,75.13037813474448
82,32,Mahila Vidya Pith (Hosur Terminal),15.3570165,75.129171
82_2,1,Mahila Vidya Pith (Hosur Terminal),15.3570165,75.129171
82_2,2,Hosur Cross,15.355021240701234,75.13037813474448
82_2,3,Hosur,15.354019,75.130184
82_2,4,Bannigida,15.36244125,75.132926
82_2,5,Quarters,15.351182,75.1220395
82_2,6,R.W.H,15.350926000000001,75.1188365
82_2,7,New Bus Stand-H,15.3505045,75.116761
82_2,8,1St Gate,15.3506565,75.11479
82_2,9,2Nd Gate,15.350479,75.111707
82_2,10,Akshay Park,15.350715666666666,75.10896733333333
82_2,11,Basaveshwara Nagar Cross,15.351390666666667,75.10335466666668
82_2,12,Manjunatha Nagar Cross,15.35160868216956,75.10187980363615
82_2,13,Silver Town Cross,15.351900535129566,75.09951371402751
82_2,14,Neharu Nagar Water Tank,15.352369666666666,75.097318
82_2,15,Arjun Vihar Cross,15.352898,75.09515475
82_2,16,Kec,15.354208845640276,75.09142434264085
82_2,17,B D K,15.3551535,75.08834350000001
82_2,18,Airport,15.35598472333832,75.08580822603624
82_2,19,K L E College,15.3545415,75.0830885
82_2,20,Gokul Cross,15.354122,75.079631
82_2,21,Police Quartz,15.35318,75.071618
82_2,22,Deshpande Foundation,15.352754000000001,75.0676165
82_2,23,Infosys,15.3525335,75.062562
82_2,24,Jagadish Nagar Cross,15.3559365,75.0574705
82_2,25,Toll Gate,15.3597325,75.052089
82_2,26,Steel Factory,15.359579499999999,75.0490875
82_2,27,Vijaya Bank,15.3594075,75.047304
82_2,28,Nh  -,15.3633337096488,75.0445875640987
82_2,29,K . E. B .,15.365254281369,75.0486851246508
82_2,30,Driver Training School Cross,15.369608,75.044955
82_2,31,Driver Training School 2Nd Cross,15.374657500000001,75.04731699999999
82_2,32,Cotton Mill,15.372646,75.046633
82_2,33,Driver Training School,15.380316,75.041309
83,1,Cbt,15.3444674193908,75.14520201344315
83,2,Chandrakala Talkies,15.349279164999999,75.145650835
83,3,Railway Station-H,15.352256816846449,75.1453905041761
83,4,Corporation-H,15.3514155,75.14188899999999
83,5,Hubli Obs (Inside),15.3506932154367,75.13637812934971
83,6,Glass House,15.352517,75.133526
83,7,Hosur,15.354019,75.130184
83,8,Bannigida,15.36244125,75.132926
83,9,Quarters,15.351182,75.1220395
83,10,R.W.H,15.350926000000001,75.1188365
83,11,New Bus Stand-H,15.3505045,75.116761
83,12,1St Gate,15.3506565,75.11479
83,13,2Nd Gate,15.350479,75.111707
83,14,Akshay Park,15.350715666666666,75.10896733333333
83,15,Basaveshwara Nagar Cross,15.351390666666667,75.10335466666668
83,16,Manjunatha Nagar Cross,15.35160868216956,75.10187980363615
83,17,Silver Town Cross,15.351900535129566,75.09951371402751
83,18,Neharu Nagar Water Tank,15.352369666666666,75.097318
83,19,Arjun Vihar Cross,15.352898,75.09515475
83,20,Kec,15.354208845640276,75.09142434264085
83,21,B D K,15.3551535,75.08834350000001
83,22,Airport,15.35598472333832,75.08580822603624
83,23,K L E College,15.3545415,75.0830885
83,24,Gokul Cross,15.354122,75.079631
83,25,Police Quartz,15.35318,75.071618
83,26,Deshpande Foundation,15.352754000000001,75.0676165
83,27,Infosys,15.3525335,75.062562
83,28,Jagadish Nagar Cross,15.3559365,75.0574705
83,29,Toll Gate,15.3597325,75.052089
83,30,Steel Factory,15.359579499999999,75.0490875
83,31,Vijaya Bank,15.3594075,75.047304
83,32,Nh  -,15.3633337096488,75.0445875640987
83,33,Driver Training School Cross,15.369608,75.044955
83,34,Driver Training School 2Nd Cross,15.374657500000001,75.04731699999999
83,35,Cotton Mill,15.372646,75.046633
83,36,Driver Training School,15.380316,75.041309
83_2,1,Driver Training School,15.380316,75.041309
83_2,2,Driver Training School 2Nd Cross,15.374657500000001,75.04731699999999
83_2,3,Driver Training School Cross,15.369608,75.044955
83_2,4,Nh  -,15.3633337096488,75.0445875640987
83_2,5,Vijaya Bank,15.3594075,75.047304
83_2,6,Steel Factory,15.359579499999999,75.0490875
83_2,7,Toll Gate,15.3597325,75.052089
83_2,8,Jagadish Nagar Cross,15.3559365,75.0574705
83_2,9,Infosys,15.3525335,75.062562
83_2,10,Deshpande Foundation,15.352754000000001,75.0676165
83_2,11,Police Quartz,15.35318,75.071618
83_2,12,Gokul Cross,15.354122,75.079631
83_2,13,K L E College,15.3545415,75.0830885
83_2,14,Airport,15.35598472333832,75.08580822603624
83_2,15,B D K,15.3551535,75.08834350000001
83_2,16,Kec,15.354208845640276,75.09142434264085
83_2,17,Arjun Vihar Cross,15.352898,75.09515475
83_2,18,Neharu Nagar Water Tank,15.352369666666666,75.097318
83_2,19,Silver Town Cross,15.351900535129566,75.09951371402751
83_2,20,Manjunatha Nagar Cross,15.35160868216956,75.10187980363615
83_2,21,Basaveshwara Nagar Cross,15.351390666666667,75.10335466666668
83_2,22,Akshay Park,15.350715666666666,75.10896733333333
83_2,23,2Nd Gate,15.350479,75.111707
83_2,24,1St Gate,15.3506565,75.11479
83_2,25,New Bus Stand-H,15.3505045,75.116761
83_2,26,R.W.H,15.350926000000001,75.1188365
83_2,27,Quarters,15.351182,75.1220395
83_2,28,Bannigida,15.36244125,75.132926
83_2,29,Hosur,15.354019,75.130184
83_2,30,Obs Hbl,15.350879,75.137761
83_2,31,Corporation-H,15.3514155,75.14188899999999
83_2,32,Railway Station-H,15.352256816846449,75.1453905041761
83_2,33,Chandrakala Talkies,15.349279164999999,75.145650835
83_2,34,Ganesh Pet,15.34613833,75.14559333
83_2,35,Cbt,15.3444674193908,75.14520201344315
84,1,Driver Training School,15.380316,75.041309
84,2,Driver Training School 2Nd Cross,15.374657500000001,75.04731699999999
84,3,Driver Training School Cross,15.369608,75.044955
84,4,K . E. B .,15.365254281369,75.0486851246508
84,5,Nh  -,15.3633337096488,75.0445875640987
84,6,Vijaya Bank,15.3594075,75.047304
84,7,Steel Factory,15.359579499999999,75.0490875
84,8,Toll Gate,15.3597325,75.052089
84,9,Jagadish Nagar Cross,15.3559365,75.0574705
84,10,Infosys,15.3525335,75.062562
84,11,Deshpande Foundation,15.352754000000001,75.0676165
84,12,Police Quartz,15.35318,75.071618
84,13,Gokul Cross,15.354122,75.079631
84,14,K L E College,15.3545415,75.0830885
84,15,Airport,15.35598472333832,75.08580822603624
84,16,B D K,15.3551535,75.08834350000001
84,17,Kec,15.354208845640276,75.09142434264085
84,18,Arjun Vihar Cross,15.352898,75.09515475
84,19,Neharu Nagar Water Tank,15.352369666666666,75.097318
84,20,Silver Town Cross,15.351900535129566,75.09951371402751
84,21,Manjunatha Nagar Cross,15.35160868216956,75.10187980363615
84,22,Basaveshwara Nagar Cross,15.351390666666667,75.10335466666668
84,23,Akshay Park,15.350715666666666,75.10896733333333
84,24,2Nd Gate,15.350479,75.111707
84,25,1St Gate,15.3506565,75.11479
84,26,New Bus Stand-H,15.3505045,75.116761
84,27,R.W.H,15.350926000000001,75.1188365
84,28,Quarters,15.351182,75.1220395
84,29,Bannigida,15.36244125,75.132926
84,30,Hosur,15.354019,75.130184
84,31,Hubli Obs (Outside),15.351252,75.13632
84_2,1,Hubli Obs (Inside),15.3506932154367,75.13637812934971
84_2,2,Glass House,15.352517,75.133526
84_2,3,Hosur,15.354019,75.130184
84_2,4,Bannigida,15.36244125,75.132926
84_2,5,Quarters,15.351182,75.1220395
84_2,6,R.W.H,15.350926000000001,75.1188365
84_2,7,New Bus Stand-H,15.3505045,75.116761
84_2,8,1St Gate,15.3506565,75.11479
84_2,9,2Nd Gate,15.350479,75.111707
84_2,10,Akshay Park,15.350715666666666,75.10896733333333
84_2,11,Basaveshwara Nagar Cross,15.351390666666667,75.10335466666668
84_2,12,Manjunatha Nagar Cross,15.35160868216956,75.10187980363615
84_2,13,Silver Town Cross,15.351900535129566,75.09951371402751
84_2,14,Neharu Nagar Water Tank,15.352369666666666,75.097318
84_2,15,Arjun Vihar Cross,15.352898,75.09515475
84_2,16,Kec,15.354208845640276,75.09142434264085
84_2,17,B D K,15.3551535,75.08834350000001
84_2,18,Airport,15.35598472333832,75.08580822603624
84_2,19,K L E College,15.3545415,75.0830885
84_2,20,Gokul Cross,15.354122,75.079631
84_2,21,Police Quartz,15.35318,75.071618
84_2,22,Deshpande Foundation,15.352754000000001,75.0676165
84_2,23,Infosys,15.3525335,75.062562
84_2,24,Jagadish Nagar Cross,15.3559365,75.0574705
84_2,25,Toll Gate,15.3597325,75.052089
84_2,26,Steel Factory,15.359579499999999,75.0490875
84_2,27,Vijaya Bank,15.3594075,75.047304
84_2,28,Nh  -,15.3633337096488,75.0445875640987
84_2,29,K . E. B .,15.365254281369,75.0486851246508
84_2,30,Cotton Mill,15.372646,75.046633
84_2,31,Driver Training School,15.380316,75.041309
85,1,Cbt,15.3444674193908,75.14520201344315
85,2,Chandrakala Talkies,15.349279164999999,75.145650835
85,3,Railway Station-H,15.352256816846449,75.1453905041761
85,4,Corporation-H,15.3514155,75.14188899999999
85,5,Hubli Obs (Inside),15.3506932154367,75.13637812934971
85,6,Glass House,15.352517,75.133526
85,7,Hosur,15.354019,75.130184
85,8,Bannigida,15.36244125,75.132926
85,9,Quarters,15.351182,75.1220395
85,10,R.W.H,15.350926000000001,75.1188365
85,11,New Bus Stand-H,15.3505045,75.116761
85,12,1St Gate,15.3506565,75.11479
85,13,2Nd Gate,15.350479,75.111707
85,14,Akshay Park,15.350715666666666,75.10896733333333
85,15,Basaveshwara Nagar Cross,15.351390666666667,75.10335466666668
85,16,Manjunatha Nagar Cross,15.35160868216956,75.10187980363615
85,17,Silver Town Cross,15.351900535129566,75.09951371402751
85,18,Neharu Nagar Water Tank,15.352369666666666,75.097318
85,19,Arjun Vihar Cross,15.352898,75.09515475
85,20,Kec,15.354208845640276,75.09142434264085
85,21,B D K,15.3551535,75.08834350000001
85,22,Airport,15.35598472333832,75.08580822603624
85,23,K L E College,15.3545415,75.0830885
85,24,Gokul Cross,15.354122,75.079631
85,25,Police Quartz,15.35318,75.071618
85,26,Deshpande Foundation,15.352754000000001,75.0676165
85,27,Infosys,15.3525335,75.062562
85,28,Jagadish Nagar Cross,15.3559365,75.0574705
85,29,Toll Gate,15.3597325,75.052089
85,30,Steel Factory,15.359579499999999,75.0490875
85,31,Vijaya Bank,15.3594075,75.047304
85,32,Nh  -,15.3633337096488,75.0445875640987
85,33,K . E. B .,15.365254281369,75.0486851246508
85,34,Gamangatti Industrial,15.379823996546,75.0465729759039
85_2,1,Gamangatti Industrial,15.379823996546,75.0465729759039
85_2,2,K . E. B .,15.365254281369,75.0486851246508
85_2,3,Nh  -,15.3633337096488,75.0445875640987
85_2,4,Vijaya Bank,15.3594075,75.047304
85_2,5,Steel Factory,15.359579499999999,75.0490875
85_2,6,Toll Gate,15.3597325,75.052089
85_2,7,Jagadish Nagar Cross,15.3559365,75.0574705
85_2,8,Infosys,15.3525335,75.062562
85_2,9,Deshpande Foundation,15.352754000000001,75.0676165
85_2,10,Police Quartz,15.35318,75.071618
85_2,11,Gokul Cross,15.354122,75.079631
85_2,12,K L E College,15.3545415,75.0830885
85_2,13,Airport,15.35598472333832,75.08580822603624
85_2,14,B D K,15.3551535,75.08834350000001
85_2,15,Kec,15.354208845640276,75.09142434264085
85_2,16,Arjun Vihar Cross,15.352898,75.09515475
85_2,17,Neharu Nagar Water Tank,15.352369666666666,75.097318
85_2,18,Silver Town Cross,15.351900535129566,75.09951371402751
85_2,19,Manjunatha Nagar Cross,15.35160868216956,75.10187980363615
85_2,20,Basaveshwara Nagar Cross,15.351390666666667,75.10335466666668
85_2,21,Akshay Park,15.350715666666666,75.10896733333333
85_2,22,2Nd Gate,15.350479,75.111707
85_2,23,1St Gate,15.3506565,75.11479
85_2,24,New Bus Stand-H,15.3505045,75.116761
85_2,25,R.W.H,15.350926000000001,75.1188365
85_2,26,Quarters,15.351182,75.1220395
85_2,27,Bannigida,15.36244125,75.132926
85_2,28,Hosur,15.354019,75.130184
85_2,29,Hubli Obs (Outside),15.351252,75.13632
85_2,30,Corporation-H,15.3514155,75.14188899999999
85_2,31,Railway Station-H,15.352256816846449,75.1453905041761
85_2,32,Chandrakala Talkies,15.349279164999999,75.145650835
85_2,33,Ganesh Pet,15.34613833,75.14559333
85_2,34,Cbt,15.3444674193908,75.14520201344315
86,1,Mahila Vidya Pith (Hosur Terminal),15.3570165,75.129171
86,2,Hosur,15.354019,75.130184
86,3,Hubli Obs (Outside),15.351252,75.13632
86,4,Corporation-H,15.3514155,75.14188899999999
86,5,Railway Station-H,15.352256816846449,75.1453905041761
86,6,Rpf Office,15.353131129822149,75.146332834454
86,7,Railway Work Shop,15.3530265,75.151578
86,8,Railway Society,15.3528225,75.1558825
86,9,Vinobha Nagar,15.352791000000002,75.15764433333334
86,10,Toll Naka-H,15.3526635,75.159684
86,11,Chalukya Nagar,15.352552,75.1619005
86,12,R G S,15.352473,75.164099
86,13,Rail Nagar,15.353558153965501,75.1681902729908
86,14,Railway Diesel Shed,15.3537725,75.169096
86,15,Kotari Nagar,15.35479,75.1736195
86_2,1,Kotari Nagar,15.35479,75.1736195
86_2,2,Railway Diesel Shed,15.3537725,75.169096
86_2,3,Rail Nagar,15.353558153965501,75.1681902729908
86_2,4,R G S,15.352473,75.164099
86_2,5,Chalukya Nagar,15.352552,75.1619005
86_2,6,Toll Naka-H,15.3526635,75.159684
86_2,7,Vinobha Nagar,15.352791000000002,75.15764433333334
86_2,8,Railway Society,15.3528225,75.1558825
86_2,9,Railway Work Shop,15.3530265,75.151578
86_2,10,Rpf Office,15.353131129822149,75.146332834454
86_2,11,Railway Station-H,15.352256816846449,75.1453905041761
86_2,12,Corporation-H,15.3514155,75.14188899999999
86_2,13,Hubli Obs (Inside),15.3506932154367,75.13637812934971
86_2,14,Hosur Cross,15.355021240701234,75.13037813474448
86_2,15,Mahila Vidya Pith (Hosur Terminal),15.3570165,75.129171
89,1,Akshay Colony,15.360295666666666,75.10990166666666
89,2,Shirur Park,15.36323175,75.12155025
89,3,Arts College,15.364881666666667,75.123965
89,4,Hosur Corridor1,15.3571998809253,75.1291920046025
89,5,Hubli Obs (Outside),15.351252,75.13632
89,6,Corporation-H,15.3514155,75.14188899999999
89,7,Gadag Rly Bridge,15.353161,75.147447
89,8,Keshwapur,15.3592285,75.1462065
89,9,Traffic Police Station,15.3621825,75.1524765
89,10,Banni Mahakali Temple,15.3632755,75.1551765
89,11,Madhura Colony Cross,15.364459,75.1573595
89,12,Hdmc Zonal Office,15.366343,75.1571405
89,13,Shabari Nagar,15.367995,75.158729
89,14,Mid Max Cross,15.370602,75.15826000000001
89,15,Pearl Layout,15.3709595330513,75.15927873794585
89,16,Koli Farm Cross,15.374827,75.1577765
89,17,Kittur Layout,15.373637500000001,75.1559835
89,18,Hotel Preeti,15.373682500000001,75.15467699999999
89,19,Chethana Colony,15.37362727177735,75.1534314084646
89_2,1,Chethana Colony,15.37362727177735,75.1534314084646
89_2,2,Hotel Preeti,15.373682500000001,75.15467699999999
89_2,3,Kittur Layout,15.373637500000001,75.1559835
89_2,4,Koli Farm Cross,15.374827,75.1577765
89_2,5,Pearl Layout,15.3709595330513,75.15927873794585
89_2,6,Mid Max Cross,15.370602,75.15826000000001
89_2,7,Shabari Nagar,15.367995,75.158729
89_2,8,Hdmc Zonal Office,15.366343,75.1571405
89_2,9,Madhura Colony Cross,15.364459,75.1573595
89_2,10,Banni Mahakali Temple,15.3632755,75.1551765
89_2,11,Traffic Police Station,15.3621825,75.1524765
89_2,12,Keshwapur,15.3592285,75.1462065
89_2,13,Gadag Rly Bridge,15.353161,75.147447
89_2,14,Corporation-H,15.3514155,75.14188899999999
89_2,15,Hubli Obs (Inside),15.3506932154367,75.13637812934971
89_2,16,Arts College,15.364881666666667,75.123965
89_2,17,Shirur Park,15.36323175,75.12155025
89_2,18,Akshay Colony,15.360295666666666,75.10990166666666
8C,1,Mahila Vidya Pith (Hosur Terminal),15.3570165,75.129171
8C,2,Hosur Cross,15.355021240701234,75.13037813474448
8C,3,Hubli Obs (Outside),15.351252,75.13632
8C,4,Corporation-H,15.3514155,75.14188899999999
8C,5,Railway Station-H,15.352256816846449,75.1453905041761
8C,6,Chandrakala Talkies,15.349279164999999,75.145650835
8C,7,Ganesh Pet,15.34613833,75.14559333
8C,8,Cbt,15.3444674193908,75.14520201344315
8C,9,K E B Cross,15.343978,75.1481275
8C,10,Thabibland,15.344609,75.15060199999999
8C,11,Haralikatte,15.345423499999999,75.154381
8C,12,Auto Stand,15.3466825,75.1572635
8C,13,Mantur Road,15.3468395,75.1620165
8C_2,1,Mantur Road,15.3468395,75.1620165
8C_2,2,Auto Stand,15.3466825,75.1572635
8C_2,3,Haralikatte,15.345423499999999,75.154381
8C_2,4,Thabibland,15.344609,75.15060199999999
8C_2,5,Cbt,15.3444674193908,75.14520201344315
8C_2,6,Ganesh Pet,15.34613833,75.14559333
8C_2,7,Chandrakala Talkies,15.349279164999999,75.145650835
8C_2,8,Railway Station-H,15.352256816846449,75.1453905041761
8C_2,9,Corporation-H,15.3514155,75.14188899999999
8C_2,10,Hubli Obs (Inside),15.3506932154367,75.13637812934971
8C_2,11,Hosur Cross,15.355021240701234,75.13037813474448
8C_2,12,Mahila Vidya Pith (Hosur Terminal),15.3570165,75.129171
90,1,Kmc,15.361930349652999,75.13062759389733
90,2,Kims,15.360851499999999,75.1268595
90,3,Arts College,15.364881666666667,75.123965
90,4,Shirur Park,15.36323175,75.12155025
90,5,Shirur Park Bridge,15.362371,75.118909
90,6,Chethan College,15.360610999999999,75.111864
90,7,Lakshmi Nagar Cross,15.3598295,75.107128
90,8,Lakshmi Nagar,15.3583525,75.10701
90,9,Mahalakshmi Nagar,15.363352045725499,75.10487301695426
90,10,Basaveshwara Nagar,15.353364,75.103843
90,11,Manjunatha Nagar Cross,15.35160868216956,75.10187980363615
90,12,Neharu Nagar Water Tank,15.352369666666666,75.097318
90,13,Kec,15.354208845640276,75.09142434264085
90,14,B D K,15.3551535,75.08834350000001
90,15,Airport,15.35598472333832,75.08580822603624
90,16,K L E College,15.3545415,75.0830885
90,17,Gokul Cross,15.354122,75.079631
90,18,Gokul,15.351278,75.08083049999999
90,19,Nanda Gokul,15.3489445,75.07912400000001
90,20,Navodhaya School,15.348068999999999,75.0778575
90,21,Banjara Colony,15.350733,75.0709415
90_2,1,Banjara Colony,15.350733,75.0709415
90_2,2,Nanda Gokul,15.3489445,75.07912400000001
90_2,3,Navodhaya School,15.348068999999999,75.0778575
90_2,4,Gokul,15.351278,75.08083049999999
90_2,5,Gokul Cross,15.354122,75.079631
90_2,6,K L E College,15.3545415,75.0830885
90_2,7,Airport,15.35598472333832,75.08580822603624
90_2,8,Neharu Nagar Water Tank,15.352369666666666,75.097318
90_2,9,Manjunatha Nagar Cross,15.35160868216956,75.10187980363615
90_2,10,Basaveshwara Nagar Cross,15.351390666666667,75.10335466666668
90_2,11,Akshay Park,15.350715666666666,75.10896733333333
90_2,12,Mahalakshmi Nagar,15.363352045725499,75.10487301695426
90_2,13,Lakshmi Nagar,15.3583525,75.10701
90_2,14,Lakshmi Nagar Cross,15.3598295,75.107128
90_2,15,Akshay Colony,15.360295666666666,75.10990166666666
90_2,16,Chethan College,15.360610999999999,75.111864
90_2,17,Siddeshwara Park (Shirur Park 2Nd Stage),15.361253,75.115418
90_2,18,Shirur Park,15.36323175,75.12155025
90_2,19,Arts College,15.364881666666667,75.123965
90_2,20,Gurudatta Bhavana,15.362709,75.1258055
90_2,21,Kmc Hostel,15.361653,75.128371
90_2,22,Kmc,15.361930349652999,75.13062759389733
91,1,Cbt,15.3444674193908,75.14520201344315
91,2,Chandrakala Talkies,15.349279164999999,75.145650835
91,3,Railway Station-H,15.352256816846449,75.1453905041761
91,4,Corporation-H,15.3514155,75.14188899999999
91,5,Hubli Obs (Inside),15.3506932154367,75.13637812934971
91,6,Glass House,15.352517,75.133526
91,7,Hanuman Temple-H,15.351641,75.128945
91,8,Quarters,15.351182,75.1220395
91,9,R.W.H,15.350926000000001,75.1188365
91,10,New Bus Stand-H,15.3505045,75.116761
91,11,Manjunatha Nagar Cross,15.35160868216956,75.10187980363615
91,12,Gandhi Nagar/Kumar Park,15.3584245957046,75.09312259653764
91,13,Radhakrishna Nagar -H1,15.3564914193401,75.0899482553473
91_2,1,Radhakrishna Nagar -H2,15.3565139331679,75.0899435920132
91_2,2,Gandhi Nagar/Kumar Park,15.3584245957046,75.09312259653764
91_2,3,Manjunatha Nagar Cross,15.35160868216956,75.10187980363615
91_2,4,New Bus Stand-H,15.3505045,75.116761
91_2,5,Rwh,15.350895000000001,75.1188075
91_2,6,Quarters,15.351182,75.1220395
91_2,7,Hanuman Temple-H,15.351641,75.128945
91_2,8,Hubli Obs (Outside),15.351252,75.13632
91_2,9,Corporation-H,15.3514155,75.14188899999999
91_2,10,Railway Station-H,15.352256816846449,75.1453905041761
91_2,11,Chandrakala Talkies,15.349279164999999,75.145650835
91_2,12,Cbt,15.3444674193908,75.14520201344315
92,1,Hubli Obs (Inside),15.3506932154367,75.13637812934971
92,2,Glass House,15.352517,75.133526
92,3,Quarters,15.351182,75.1220395
92,4,R.W.H,15.350926000000001,75.1188365
92,5,New Bus Stand-H,15.3505045,75.116761
92,6,Manjunatha Nagar Cross,15.35160868216956,75.10187980363615
92,7,Gandhi Nagar/Kumar Park,15.3584245957046,75.09312259653764
92,8,Radhakrishna Nagar -H1,15.3564914193401,75.0899482553473
92_2,1,Radhakrishna Nagar -H2,15.3565139331679,75.0899435920132
92_2,2,Gandhi Nagar/Kumar Park,15.3584245957046,75.09312259653764
92_2,3,Manjunatha Nagar Cross,15.35160868216956,75.10187980363615
92_2,4,New Bus Stand-H,15.3505045,75.116761
92_2,5,Rwh,15.350895000000001,75.1188075
92_2,6,Quarters,15.351182,75.1220395
92_2,7,Hubli Obs (Outside),15.351252,75.13632
93,1,Radhakrishna Nagar -H2,15.3565139331679,75.0899435920132
93,2,Gandhi Nagar/Kumar Park,15.3584245957046,75.09312259653764
93,3,Renuka Nagar,15.3589135,75.0953015
93,4,Ramakrishna Nagar,15.359428000000001,75.09781699999999
93,5,Saraswathi Pura,15.359761567160401,75.10052354742669
93,6,Lakshmi Nagar Cross,15.3598295,75.107128
93,7,Akshay Colony,15.360295666666666,75.10990166666666
93,8,Chethan College,15.360610999999999,75.111864
93,9,Siddeshwara Park (Shirur Park 2Nd Stage),15.361253,75.115418
93,10,Shirur Park Bridge,15.362371,75.118909
93,11,Shirur Park,15.36323175,75.12155025
93,12,Arts College,15.364881666666667,75.123965
93,13,Kmc Cross,15.360941839999999,75.126741675
93,14,Jg Commerce College,15.3590733525212,75.12783566749385
93,15,Mahila Vidya Pith (Hosur Terminal),15.3570165,75.129171
93,16,Hosur Cross,15.355021240701234,75.13037813474448
93,17,Hubli Obs (Outside),15.351252,75.13632
93,18,Corporation-H,15.3514155,75.14188899999999
93,19,Railway Station-H,15.352256816846449,75.1453905041761
93_2,1,Railway Station-H,15.352256816846449,75.1453905041761
93_2,2,Corporation-H,15.3514155,75.14188899999999
93_2,3,Hubli Obs (Inside),15.3506932154367,75.13637812934971
93_2,4,Glass House,15.352517,75.133526
93_2,5,Hosur Cross,15.355021240701234,75.13037813474448
93_2,6,Mahila Vidya Pith (Hosur Terminal),15.3570165,75.129171
93_2,7,Jg Commerce College,15.3590733525212,75.12783566749385
93_2,8,Kmc Cross,15.360941839999999,75.126741675
93_2,9,Arts College,15.364881666666667,75.123965
93_2,10,Shirur Park,15.36323175,75.12155025
93_2,11,Shirur Park Bridge,15.362371,75.118909
93_2,12,Siddeshwara Park (Shirur Park 2Nd Stage),15.361253,75.115418
93_2,13,Chethan College,15.360610999999999,75.111864
93_2,14,Akshay Colony,15.360295666666666,75.10990166666666
93_2,15,Lakshmi Nagar Cross,15.3598295,75.107128
93_2,16,Saraswathi Pura,15.359761567160401,75.10052354742669
93_2,17,Ramakrishna Nagar,15.359428000000001,75.09781699999999
93_2,18,Renuka Nagar,15.3589135,75.0953015
93_2,19,Gandhi Nagar/Kumar Park,15.3584245957046,75.09312259653764
93_2,20,Radhakrishna Nagar -H1,15.3564914193401,75.0899482553473
94,1,Giri Nagar H,15.343498,75.092124
94,2,Lohiya Nagar,15.345474,75.091632
94,3,Water Tank,15.346737,75.091249
94,4,Murarji Nagar 2Nd Stop,15.348404,75.0916105
94,5,Murarji Nagar 1St Stop,15.349132,75.0948205
94,6,Arjun Vihar Cross,15.352898,75.09515475
94,7,Neharu Nagar Water Tank,15.352369666666666,75.097318
94,8,Silver Town Cross,15.351900535129566,75.09951371402751
94,9,Manjunatha Nagar Cross,15.35160868216956,75.10187980363615
94,10,Basaveshwara Nagar Cross,15.351390666666667,75.10335466666668
94,11,Akshay Park,15.350715666666666,75.10896733333333
94,12,2Nd Gate,15.350479,75.111707
94,13,1St Gate,15.3506565,75.11479
94,14,New Bus Stand-H,15.3505045,75.116761
94,15,R.W.H,15.350926000000001,75.1188365
94,16,Quarters,15.351182,75.1220395
94,17,Bannigida,15.36244125,75.132926
94,18,Hosur,15.354019,75.130184
94,19,Obs Hbl,15.350879,75.137761
94,20,Corporation-H,15.3514155,75.14188899999999
94,21,Railway Station-H,15.352256816846449,75.1453905041761
94,22,Chandrakala Talkies,15.349279164999999,75.145650835
94,23,Ganesh Pet,15.34613833,75.14559333
94,24,Cbt,15.3444674193908,75.14520201344315
94_2,1,Cbt,15.3444674193908,75.14520201344315
94_2,2,Chandrakala Talkies,15.349279164999999,75.145650835
94_2,3,Railway Station-H,15.352256816846449,75.1453905041761
94_2,4,Corporation-H,15.3514155,75.14188899999999
94_2,5,Hubli Obs (Inside),15.3506932154367,75.13637812934971
94_2,6,Glass House,15.352517,75.133526
94_2,7,Hosur,15.354019,75.130184
94_2,8,Bannigida,15.36244125,75.132926
94_2,9,Quarters,15.351182,75.1220395
94_2,10,R.W.H,15.350926000000001,75.1188365
94_2,11,New Bus Stand-H,15.3505045,75.116761
94_2,12,1St Gate,15.3506565,75.11479
94_2,13,2Nd Gate,15.350479,75.111707
94_2,14,Akshay Park,15.350715666666666,75.10896733333333
94_2,15,Basaveshwara Nagar Cross,15.351390666666667,75.10335466666668
94_2,16,Manjunatha Nagar Cross,15.35160868216956,75.10187980363615
94_2,17,Silver Town Cross,15.351900535129566,75.09951371402751
94_2,18,Neharu Nagar Water Tank,15.352369666666666,75.097318
94_2,19,Arjun Vihar Cross,15.352898,75.09515475
94_2,20,Murarji Nagar 1St Stop,15.349132,75.0948205
94_2,21,Murarji Nagar 2Nd Stop,15.348404,75.0916105
94_2,22,Water Tank,15.346737,75.091249
94_2,23,Lohiya Nagar,15.345474,75.091632
94_2,24,Giri Nagar H,15.343498,75.092124
95,1,Giri Nagar H,15.343498,75.092124
95,2,Lohiya Nagar,15.345474,75.091632
95,3,Water Tank,15.346737,75.091249
95,4,Murarji Nagar 2Nd Stop,15.348404,75.0916105
95,5,Murarji Nagar 1St Stop,15.349132,75.0948205
95,6,Arjun Vihar Cross,15.352898,75.09515475
95,7,Neharu Nagar Water Tank,15.352369666666666,75.097318
95,8,Silver Town Cross,15.351900535129566,75.09951371402751
95,9,Manjunatha Nagar Cross,15.35160868216956,75.10187980363615
95,10,Basaveshwara Nagar Cross,15.351390666666667,75.10335466666668
95,11,Akshay Park,15.350715666666666,75.10896733333333
95,12,2Nd Gate,15.350479,75.111707
95,13,1St Gate,15.3506565,75.11479
95,14,New Bus Stand-H,15.3505045,75.116761
95,15,R.W.H,15.350926000000001,75.1188365
95,16,Quarters,15.351182,75.1220395
95,17,Bannigida,15.36244125,75.132926
95,18,Hosur,15.354019,75.130184
95,19,Hosur Cross,15.355021240701234,75.13037813474448
95,20,Hosur Corridor,15.35691,75.12888600000001
95_2,1,Mahila Vidya Pith (Hosur Terminal),15.3570165,75.129171
95_2,2,Hosur Cross,15.355021240701234,75.13037813474448
95_2,3,Hosur,15.354019,75.130184
95_2,4,Bannigida,15.36244125,75.132926
95_2,5,Quarters,15.351182,75.1220395
95_2,6,R.W.H,15.350926000000001,75.1188365
95_2,7,New Bus Stand-H,15.3505045,75.116761
95_2,8,1St Gate,15.3506565,75.11479
95_2,9,2Nd Gate,15.350479,75.111707
95_2,10,Akshay Park,15.350715666666666,75.10896733333333
95_2,11,Basaveshwara Nagar Cross,15.351390666666667,75.10335466666668
95_2,12,Manjunatha Nagar Cross,15.35160868216956,75.10187980363615
95_2,13,Silver Town Cross,15.351900535129566,75.09951371402751
95_2,14,Neharu Nagar Water Tank,15.352369666666666,75.097318
95_2,15,Arjun Vihar Cross,15.352898,75.09515475
95_2,16,Murarji Nagar 1St Stop,15.349132,75.0948205
95_2,17,Murarji Nagar 2Nd Stop,15.348404,75.0916105
95_2,18,Water Tank,15.346737,75.091249
95_2,19,Lohiya Nagar,15.345474,75.091632
95_2,20,Giri Nagar H,15.343498,75.092124
96,1,Cbt,15.3444674193908,75.14520201344315
96,2,Chandrakala Talkies,15.349279164999999,75.145650835
96,3,Railway Station-H,15.352256816846449,75.1453905041761
96,4,Corporation-H,15.3514155,75.14188899999999
96,5,Hubli Obs (Inside),15.3506932154367,75.13637812934971
96,6,Glass House,15.352517,75.133526
96,7,Hosur,15.354019,75.130184
96,8,Bannigida,15.36244125,75.132926
96,9,Quarters,15.351182,75.1220395
96,10,R.W.H,15.350926000000001,75.1188365
96,11,New Bus Stand-H,15.3505045,75.116761
96,12,1St Gate,15.3506565,75.11479
96,13,2Nd Gate,15.350479,75.111707
96,14,Akshay Park,15.350715666666666,75.10896733333333
96,15,Basaveshwara Nagar Cross,15.351390666666667,75.10335466666668
96,16,Manjunatha Nagar Cross,15.35160868216956,75.10187980363615
96,17,Shiva Nagar -H,15.3424201399992,75.0995471740296
96_2,1,Shiva Nagar -H,15.3424201399992,75.0995471740296
96_2,2,Manjunatha Nagar Cross,15.35160868216956,75.10187980363615
96_2,3,Basaveshwara Nagar Cross,15.351390666666667,75.10335466666668
96_2,4,Akshay Park,15.350715666666666,75.10896733333333
96_2,5,2Nd Gate,15.350479,75.111707
96_2,6,1St Gate,15.3506565,75.11479
96_2,7,New Bus Stand-H,15.3505045,75.116761
96_2,8,Rwh,15.350895000000001,75.1188075
96_2,9,Quarters,15.351182,75.1220395
96_2,10,Bannigida,15.36244125,75.132926
96_2,11,Hosur,15.354019,75.130184
96_2,12,Basava Vana (Old Bus Stand),15.352206,75.135204
96_2,13,Hubli Obs (Outside),15.351252,75.13632
96_2,14,Corporation-H,15.3514155,75.14188899999999
96_2,15,Railway Station-H,15.352256816846449,75.1453905041761
96_2,16,Chandrakala Talkies,15.349279164999999,75.145650835
96_2,17,Cbt,15.3444674193908,75.14520201344315
97,1,Allhapur,15.3060855,75.21315949999999
97,2,Kadapatti Dargha,15.308055,75.21094249999999
97,3,Kadapatti Govt School,15.307715,75.208741
97,4,Yallaman Gudi,15.3162865,75.20589000000001
97,5,Hallyal Road,15.3163935,75.20419150000001
97,6,Someshwar Samudhaya,15.3184505,75.203482
97,7,Basaweshwar Gudi,15.321086999999999,75.1825905
97,8,Railway Gate H,15.3251363993824,75.17343365918626
97,9,Keb,15.3266965,75.15848349999999
97,10,Soniya Gandhi Nagar Cross,15.327718,75.151937
97,11,Bidnal Govt School,15.3286065,75.14954
97,12,Basaweshwar Cross,15.329704,75.146119
97,13,Bidnal Cross Sh,15.329774,75.14363900000001
97,14,Bankapur Chouk Sh,15.335399500000001,75.1417405
97,15,New English School Sh,15.3386415,75.1375455
97,16,Obs Sh,15.350251965647585,75.1356732192144
97,17,Hosur Terminal,15.3570921772309,75.12880797876
97_2,1,Hosur Terminal,15.3570921772309,75.12880797876
97_2,2,Obs Sh,15.350251965647585,75.1356732192144
97_2,3,Murusavira Matta Cross Sh,15.348655,75.13802
97_2,4,New English School Sh,15.3386415,75.1375455
97_2,5,Bankapur Chouk Sh,15.335399500000001,75.1417405
97_2,6,Bidnal Cross Sh,15.329774,75.14363900000001
97_2,7,Basaweshwar Cross,15.329704,75.146119
97_2,8,Bidnal Govt School,15.3286065,75.14954
97_2,9,Soniya Gandhi Nagar Cross,15.327718,75.151937
97_2,10,Keb,15.3266965,75.15848349999999
97_2,11,Railway Gate H,15.3251363993824,75.17343365918626
97_2,12,Basaweshwar Gudi,15.321086999999999,75.1825905
97_2,13,Someshwar Samudhaya,15.3184505,75.203482
97_2,14,Hallyal Road,15.3163935,75.20419150000001
97_2,15,Yallaman Gudi,15.3162865,75.20589000000001
97_2,16,Kadapatti Govt School,15.307715,75.208741
97_2,17,Kadapatti Dargha,15.308055,75.21094249999999
97_2,18,Allhapur,15.3060855,75.21315949999999
99,1,Gamanagatti,15.3805,75.0776575
99,2,Kariyamma Temple-H,15.382396499999999,75.078817
99,3,M M Joshi Park,15.384649,75.0796215
99,4,City Park Cross,15.3864595,75.079775
99,5,Shivanand Nagar,15.388482499999999,75.07968149999999
99,6,Karnataka Circle,15.3905505,75.0796525
99,7,Bsr Circle,15.392511333333333,75.08153766666668
99,8,Cancer Hospital,15.395116333333334,75.08425199999999
99,9,Cancer Hospital Nh,15.3961090821868,75.0841185042992
99,10,Amargol Cross,15.3949125,75.0864165
99,11,Apmc Gate,15.39422,75.090884
99,12,Apmc,15.3932425,75.0938625
99,13,Sana College,15.391110000000001,75.098792
99,14,Darga,15.389607,75.101938
99,15,Bairidevarakoppa,15.386625,75.10593645
99,16,Fci Godown,15.383718850000001,75.10864355000001
99,17,Srinagar Cross H2,15.381787,75.113218
99,18,Unkal,15.3765645,75.113638
99,19,Unkal Cross Nh,15.372741,75.117554
99,20,Prerana College,15.3708185,75.1183415
99,21,Vidya Nagar (Bvb College),15.367777499999999,75.121093
99,22,Arts College,15.364881666666667,75.123965
99,23,Gurudatta Bhavana,15.362709,75.1258055
99,24,Kims,15.360851499999999,75.1268595
99,25,Mahila Vidya Pith (Hosur Terminal),15.3570165,75.129171
99,26,Hosur,15.354019,75.130184
99,27,Hubli Obs (Outside),15.351252,75.13632
99,28,New English School-H,15.339079869999999,75.13709849
99,29,Old Hubli Bridge,15.3370385,75.13481949999999
99,30,Old Hubli Circle,15.336925333333333,75.13122766666667
99,31,Indi Pump,15.3368715,75.127151
99,32,Siddharud Mata Cross,15.335276666666667,75.12420200000001
99,33,Siddharud Mata School,15.333013,75.1220895
99,34,Grid,15.331718,75.120619
99_2,1,Grid,15.331718,75.120619
99_2,2,Indi Pump,15.3368715,75.127151
99_2,3,Old Hubli Circle,15.336925333333333,75.13122766666667
99_2,4,Old Hubli Bridge,15.3370385,75.13481949999999
99_2,5,New English School-H,15.339079869999999,75.13709849
99_2,6,Kamaripet Police Station,15.344462,75.13667000000001
99_2,7,Hubli Obs (Inside),15.3506932154367,75.13637812934971
99_2,8,Glass House,15.352517,75.133526
99_2,9,Canara Hotel,15.355167,75.130184
99_2,10,Hosur Corridor,15.35691,75.12888600000001
99_2,11,Jg Commerce College,15.3590733525212,75.12783566749385
99_2,12,Kmc Cross,15.360941839999999,75.126741675
99_2,13,Gurudatta Bhavana,15.362709,75.1258055
99_2,14,Arts College,15.364881666666667,75.123965
99_2,15,Vidya Nagar (Bvb College),15.367777499999999,75.121093
99_2,16,Prerana College,15.3708185,75.1183415
99_2,17,Unkal Cross Nh -,15.372411,75.117464
99_2,18,Unkal,15.3765645,75.113638
99_2,19,Srinagar Cross H1,15.38187,75.112856
99_2,20,Fci Godown,15.383718850000001,75.10864355000001
99_2,21,Bairidevarakoppa,15.386625,75.10593645
99_2,22,Darga,15.389607,75.101938
99_2,23,Shantinikethana,15.390966,75.098717
99_2,24,Apmc,15.3932425,75.0938625
99_2,25,Amargol Cross,15.3949125,75.0864165
99_2,26,Cancer Hospital,15.395116333333334,75.08425199999999
99_2,27,Bsr Circle,15.392511333333333,75.08153766666668
99_2,28,Karnataka Circle,15.3905505,75.0796525
99_2,29,Shivanand Nagar,15.388482499999999,75.07968149999999
99_2,30,City Park Cross,15.3864595,75.079775
99_2,31,M M Joshi Park,15.384649,75.0796215
99_2,32,Kariyamma Temple-H,15.382396499999999,75.078817
99_2,33,Gamanagatti,15.3805,75.0776575
99AL,1,Dharwad New Bus Stand - Dh,15.469667,74.992858
99AL,2,Dharwad Brts Terminal - Dh,15.460304,75.009427
99AL,3,Jubilee Circle - Dh,15.458185,75.007642
99AL,4,Court Circle - Dh,15.45579,75.00708
99AL,5,Nttf - Dh,15.453834,75.00891
99AL,6,Hosa Yallapur Cross - Dh,15.449951,75.011172
99AL,7,Toll Naka - Dh,15.446385,75.012658
99AL,8,Vidyagiri - Dh,15.441133,75.016748
99AL,9,Gandhi Nagar - Dh,15.437977,75.019138
99AL,10,Yalakki Shettar Cross-Dh,15.4356868557698,75.0224912722196
99AL,11,Lakamanahalli - Dh,15.433115,75.024848
99AL,12,Navalur - Dh,15.426472,75.03521
99AL,13,Sattur - Dh,15.418496,75.042302
99AL,14,Sdm Medical College - Dh,15.417369,75.048123
99AL,15,Navalur Railway Station - Dh,15.415308,75.053705
99AL,16,Sanjeevini Park-Dh,15.4127149762339,75.0581347623673
99AL,17,Kmf 1 - Dh,15.409583,75.060676
99AL,18,Rayapur - Dh,15.40675,75.065061
99AL,19,Iskcon Temple - Dh,15.404897,75.069895
99AL,20,Rto Office - Dh,15.400795,75.077217
99AL,21,Navanagar - Dh,15.397351,75.082383
99AL,22,Apmc 3Rd Gate - Dh,15.393813,75.092029
99AL,23,Shantinikethan - Dh,15.391492,75.098033
99AL,24,Bairidevarakoppa - Dh,15.387249,75.10521
99AL,25,Unakal Lake - Dh,15.382433,75.111724
99AL,26,Unakal - Dh,15.375824,75.114092
99AL,27,Unakal Cross - Dh,15.370431,75.118689
99AL,28,Bvb College - Dh,15.36787,75.121001
99AL,29,Vidyanagar - Dh,15.364187,75.124818
99AL,30,Kims - Dh,15.36044,75.127099
99AL,31,Hosur Regional Terminal - Dh,15.35752,75.128877
99AL,32,Hosur Cross - Dh,15.354947,75.130385
99AL,33,Hubballi Central Bus Terminal - Dh,15.35081,75.136814
99AL,34,Hdmc - Dh,15.350865,75.140511
99AL,35,Dr B R Ambedkar Circle - Dh,15.352767,75.145261
99AL,36,Railway Station - Dh,15.349714,75.148566
99AL,37,Cbt Hubballi - Dh,15.344284,75.145472
99AL,38,Rly 3Rd Gate - Dh,15.3475349701611,75.1564766574119
99AL_2,1,Rly 3Rd Gate - Hd,15.3474921773304,75.1564888243101
99AL_2,2,Cbt Hubballi - Hd,15.344522,75.145708
99AL_2,3,Railway Station - Hd,15.349603,75.148302
99AL_2,4,Dr B R Ambedkar Circle - Hd,15.352765,75.145281
99AL_2,5,Hdmc - Hd,15.350875,75.14088
99AL_2,6,Hubballi Central Bus Terminal - Hd,15.3506860292075,75.1366910324889
99AL_2,7,Hosur Cross - Hd,15.354631,75.13043
99AL_2,8,Hosur Regional Terminal - Hd,15.357106,75.129034
99AL_2,9,Kims - Hd,15.360084,75.127186
99AL_2,10,Vidyanagar - Hd,15.363934,75.124931
99AL_2,11,Bvb College - Hd,15.367526,75.121285
99AL_2,12,Unakal Cross - Hd,15.370091,75.118911
99AL_2,13,Unakal - Hd,15.375582,75.114196
99AL_2,14,Unakal Lake - Hd,15.382314,75.111997
99AL_2,15,Bairidevarakoppa - Hd,15.386985,75.105499
99AL_2,16,Shantinikethan - Hd,15.3913313818322,75.0980337915632
99AL_2,17,Apmc 3Rd Gate - Hd,15.393629,75.092287
99AL_2,18,Navanagar - Hd,15.397025,75.082709
99AL_2,19,Rto Office - Hd,15.400535,75.077395
99AL_2,20,Iskcon Temple - Hd,15.404704,75.070119
99AL_2,21,Rayapur - Hd,15.406644,75.065151
99AL_2,22,Kmf 1 - Hd,15.409267,75.060776
99AL_2,23,Sanjeevini Park-Hd,15.4125207216439,75.0577388015889
99AL_2,24,Navalur Railway Station - Hd,15.415125,75.053971
99AL_2,25,Sdm Medical College - Hd,15.417188,75.048409
99AL_2,26,Sattur - Hd,15.418135,75.042633
99AL_2,27,Navalur - Hd,15.426403,75.035094
99AL_2,28,Lakamanahalli - Hd,15.432829,75.025028
99AL_2,29,Yalakki Shettar Cross-Hd,15.4355132366255,75.0221960844809
99AL_2,30,Gandhi Nagar - Hd,15.437658,75.019256
99AL_2,31,Vidyagiri - Hd,15.440696,75.016983
99AL_2,32,Toll Naka - Hd,15.445851,75.012741
99AL_2,33,Hosa Yallapur Cross - Hd,15.449604,75.01118
99AL_2,34,Nttf - Hd,15.453491,75.009186
99AL_2,35,Court Circle - Hd,15.455441,75.007003
99AL_2,36,Jubilee Circle - Hd,15.457936,75.007389
99AL_2,37,Dharwad Brts Terminal - Hd,15.46005,75.009442
99AL_2,38,Dharwad New Bus Stand - Hd,15.469767,74.992758
A13,1,Cbt,15.3444674193908,75.14520201344315
A13,2,Chandrakala Talkies,15.349279164999999,75.145650835
A13,3,Railway Station-H,15.352256816846449,75.1453905041761
A13,4,Corporation-H,15.3514155,75.14188899999999
A13,5,Hubli Obs (Inside),15.3506932154367,75.13637812934971
A13,6,Glass House,15.352517,75.133526
A13,7,Hosur Cross,15.355021240701234,75.13037813474448
A13,8,Hosur Corridor,15.35691,75.12888600000001
A13,9,Jg Commerce College,15.3590733525212,75.12783566749385
A13,10,Kmc Cross,15.360941839999999,75.126741675
A13,11,Gurudatta Bhavana,15.362709,75.1258055
A13,12,Arts College,15.364881666666667,75.123965
A13,13,Vidya Nagar (Bvb College),15.367777499999999,75.121093
A13,14,Prerana College,15.3708185,75.1183415
A13,15,Unkal Cross Nh -,15.372411,75.117464
A13,16,Unkal,15.3765645,75.113638
A13,17,Srinagar Cross H1,15.38187,75.112856
A13,18,Fci Godown,15.383718850000001,75.10864355000001
A13,19,Bairidevarakoppa,15.386625,75.10593645
A13,20,Darga,15.389607,75.101938
A13,21,Shantinikethana,15.390966,75.098717
A13,22,Sangolli Rayanna Nagar,15.387149,75.095614
A13,23,Ishwari Vishwa Vidyalaya,15.38522,75.089862
A13,24,Durgamma Temple H1,15.382443,75.078894
A13,25,Gamanagatti,15.3805,75.0776575
A13_2,1,Gamanagatti,15.3805,75.0776575
A13_2,2,Durgamma Temple H2,15.382446,75.078816
A13_2,3,Ishwari Vishwa Vidyalaya,15.38522,75.089862
A13_2,4,Sangolli Rayanna Nagar,15.387149,75.095614
A13_2,5,Shantinikethana 1St Stop,15.39052,75.098353
A13_2,6,Darga,15.389607,75.101938
A13_2,7,Bairidevarakoppa,15.386625,75.10593645
A13_2,8,Fci Godown,15.383718850000001,75.10864355000001
A13_2,9,Srinagar Cross H2,15.381787,75.113218
A13_2,10,Unkal,15.3765645,75.113638
A13_2,11,Unkal Cross Nh,15.372741,75.117554
A13_2,12,Prerana College,15.3708185,75.1183415
A13_2,13,Vidya Nagar (Bvb College),15.367777499999999,75.121093
A13_2,14,Arts College,15.364881666666667,75.123965
A13_2,15,Gurudatta Bhavana,15.362709,75.1258055
A13_2,16,Kims,15.360851499999999,75.1268595
A13_2,17,Mahila Vidya Pith (Hosur Terminal),15.3570165,75.129171
A13_2,18,Hosur,15.354019,75.130184
A13_2,19,Hubli Obs (Outside),15.351252,75.13632
A13_2,20,Corporation-H,15.3514155,75.14188899999999
A13_2,21,Railway Station-H,15.352256816846449,75.1453905041761
A13_2,22,Chandrakala Talkies,15.349279164999999,75.145650835
A13_2,23,Ganesh Pet,15.34613833,75.14559333
A13_2,24,Cbt,15.3444674193908,75.14520201344315
A76,1,Banjara Colony,15.350733,75.0709415
A76,2,Banjara Colony Cross,15.347639000000001,75.07253
A76,3,Nanda Gokula 1St Stop,15.348095,75.077884
A76,4,Nanda Gokul,15.3489445,75.07912400000001
A76,5,Gokul,15.351278,75.08083049999999
A76,6,Anjaneya Nagar,15.353205500000001,75.07979950000001
A76,7,Gokul Cross,15.354122,75.079631
A76,8,K L E College,15.3545415,75.0830885
A76,9,Airport,15.35598472333832,75.08580822603624
A76,10,B D K,15.3551535,75.08834350000001
A76,11,Kec,15.354208845640276,75.09142434264085
A76,12,Arjun Vihar Cross,15.352898,75.09515475
A76,13,Neharu Nagar Water Tank,15.352369666666666,75.097318
A76,14,Silver Town Cross,15.351900535129566,75.09951371402751
A76,15,Manjunatha Nagar Cross,15.35160868216956,75.10187980363615
A76,16,Basaveshwara Nagar Cross,15.351390666666667,75.10335466666668
A76,17,Akshay Park,15.350715666666666,75.10896733333333
A76,18,2Nd Gate,15.350479,75.111707
A76,19,1St Gate,15.3506565,75.11479
A76,20,New Bus Stand-H,15.3505045,75.116761
A76,21,Rwh,15.350895000000001,75.1188075
A76,22,Quarters,15.351182,75.1220395
A76,23,Bannigida,15.36244125,75.132926
A76,24,Hosur,15.354019,75.130184
A76,25,Hubli Obs (Outside),15.351252,75.13632
D222-D1,1,Shree Ram Nagar,15.4340905,74.99751599999999
D222-D1,2,Shree Ram Nagar 1St Stop,15.435573999999999,74.998599
D222-D1,3,Church Dwd,15.4363215,74.9980245
D222-D1,4,Shree Ram Nagar Cross,15.439071,74.9978115
D222-D1,5,Halbavi Matta,15.439885499999999,74.9990855
D222-D1,6,Railway Gate,15.39869525,75.08628425
D222-D1,7,State Bank Colony,15.445675999999999,75.00075799999999
D222-D1,8,Kamalapura Cross,15.4461105,75.0033235
D222-D1,9,Yammikeri,15.448012,75.00504133333332
D222-D1,10,Head Post Office,15.451592333333332,75.006593
D222-D1,11,Brindhavan,15.453275999999999,75.00725449999999
D222-D1,12,Court Circle,15.456254999999999,75.00698
D222-D1,13,Jubilee Circle,15.45894575,75.00781925
D222-D1,14,Cbt-D,15.4606685,75.01141700000001
D222-U1,1,Cbt-D,15.4606685,75.01141700000001
D222-U1,2,Jubilee Circle,15.45894575,75.00781925
D222-U1,3,Court Circle,15.456254999999999,75.00698
D222-U1,4,Taluk Panchayat,15.453282,75.00723550000001
D222-U1,5,Head Post Office,15.451592333333332,75.006593
D222-U1,6,Yammikeri,15.448012,75.00504133333332
D222-U1,7,Kamalapura Cross,15.4461105,75.0033235
D222-U1,8,State Bank Colony,15.445675999999999,75.00075799999999
D222-U1,9,Railway Gate,15.39869525,75.08628425
D222-U1,10,Hattikol,15.440902,75.000964
D222-U1,11,Halbavi Matta,15.439885499999999,74.9990855
D222-U1,12,Shree Ram Nagar Cross,15.439071,74.9978115
D222-U1,13,Church Dwd,15.4363215,74.9980245
D222-U1,14,Shree Ram Nagar 1St Stop,15.435573999999999,74.998599
D222-U1,15,Shree Ram Nagar,15.4340905,74.99751599999999
D236-D1,1,Pavate Nagar,15.438239,74.9863935
D236-D1,2,Sports Ground,15.440206499999999,74.98680949999999
D236-D1,3,Working Womens Hostel,15.44398,74.984695
D236-D1,4,Womens Hostel,15.445126,74.9829
D236-D1,5,Srinagar,15.447431,74.9830265
D236-D1,6,Parisara Bhavan,15.447995500000001,74.98509200000001
D236-D1,7,Sarwamangala Hospital,15.44922,74.98821075000001
D236-D1,8,Jaya Nagar Cross,15.449917,74.9906925
D236-D1,9,Saptapura,15.451581000000001,74.993536
D236-D1,10,K C D,15.455365,74.9983735
D236-D1,11,Lic,15.456875499999999,75.00295650000001
D236-D1,12,Jubilee Circle,15.45894575,75.00781925
D236-D1,13,Anjuman Circle,15.4603407729333,75.0099570147152
D236-D1,14,Cbt-D,15.4606685,75.01141700000001
D236-D2,1,Pavate Nagar,15.438239,74.9863935
D236-D2,2,Sports Ground,15.440206499999999,74.98680949999999
D236-D2,3,Working Womens Hostel,15.44398,74.984695
D236-D2,4,Womens Hostel,15.445126,74.9829
D236-D2,5,Srinagar,15.447431,74.9830265
D236-D2,6,Parisara Bhavan,15.447995500000001,74.98509200000001
D236-D2,7,Sarwamangala Hospital,15.44922,74.98821075000001
D236-D2,8,Jaya Nagar Cross,15.449917,74.9906925
D236-D2,9,Saptapura,15.451581000000001,74.993536
D236-D2,10,K C D,15.455365,74.9983735
D236-D2,11,Lic,15.456875499999999,75.00295650000001
D236-D2,12,Jubilee Circle,15.45894575,75.00781925
D236-D2,13,Anjuman Circle,15.4603407729333,75.0099570147152
D236-D2,14,Cbt-D,15.4606685,75.01141700000001
D236-U1,1,Cbt-D,15.4606685,75.01141700000001
D236-U1,2,Jubilee Circle,15.45894575,75.00781925
D236-U1,3,Lic,15.456875499999999,75.00295650000001
D236-U1,4,Kcd,15.45534,74.998474
D236-U1,5,Nayadu Girini,15.453372,74.995731
D236-U1,6,Saptapura,15.451581000000001,74.993536
D236-U1,7,Jaya Nagar Cross,15.449917,74.9906925
D236-U1,8,Sarwamangala Hospital,15.44922,74.98821075000001
D236-U1,9,Parisara Bhavan,15.447995500000001,74.98509200000001
D236-U1,10,Srinagar,15.447431,74.9830265
D236-U1,11,Womens Hostel,15.445126,74.9829
D236-U1,12,Girls Hostel,15.443829,74.984877
D236-U1,13,Sports Ground,15.440206499999999,74.98680949999999
D236-U1,14,Pavate Nagar,15.438239,74.9863935
D236-U2,1,Cbt-D,15.4606685,75.01141700000001
D236-U2,2,Jubilee Circle,15.45894575,75.00781925
D236-U2,3,Lic,15.456875499999999,75.00295650000001
D236-U2,4,Kcd,15.45534,74.998474
D236-U2,5,Nayadu Girini,15.453372,74.995731
D236-U2,6,Saptapura,15.451581000000001,74.993536
D236-U2,7,Jaya Nagar Cross,15.449917,74.9906925
D236-U2,8,Sarwamangala Hospital,15.44922,74.98821075000001
D236-U2,9,Parisara Bhavan,15.447995500000001,74.98509200000001
D236-U2,10,Srinagar,15.447431,74.9830265
D236-U2,11,Womens Hostel,15.445126,74.9829
D236-U2,12,Girls Hostel,15.443829,74.984877
D236-U2,13,Sports Ground,15.440206499999999,74.98680949999999
D236-U2,14,Pavate Nagar,15.438239,74.9863935
G80,1,Venkatesh Nagar,15.345845,75.0994115
G80,2,Venkteshwara Temple-H,15.358057666666667,75.10993366666666
G80,3,J.P. Nagar 1St Cross,15.348385,75.10339
G80,4,Manjunatha Nagar Cross,15.35160868216956,75.10187980363615
G80,5,Basaveshwara Nagar Cross,15.351390666666667,75.10335466666668
G80,6,Akshay Park,15.350715666666666,75.10896733333333
G80,7,2Nd Gate,15.350479,75.111707
G80,8,1St Gate,15.3506565,75.11479
G80,9,New Bus Stand-H,15.3505045,75.116761
G80,10,R.W.H,15.350926000000001,75.1188365
G80,11,Quarters,15.351182,75.1220395
G80,12,Bannigida,15.36244125,75.132926
G80,13,Hosur,15.354019,75.130184
G80,14,Hubli Obs (Inside),15.3506932154367,75.13637812934971
G80_2,1,Hubli Obs (Inside),15.3506932154367,75.13637812934971
G80_2,2,Glass House,15.352517,75.133526
G80_2,3,Hosur,15.354019,75.130184
G80_2,4,Bannigida,15.36244125,75.132926
G80_2,5,Quarters,15.351182,75.1220395
G80_2,6,Rwh,15.350895000000001,75.1188075
G80_2,7,New Bus Stand-H,15.3505045,75.116761
G80_2,8,1St Gate,15.3506565,75.11479
G80_2,9,2Nd Gate,15.350479,75.111707
G80_2,10,Akshay Park,15.350715666666666,75.10896733333333
G80_2,11,Basaveshwara Nagar Cross,15.351390666666667,75.10335466666668
G80_2,12,Manjunatha Nagar Cross,15.35160868216956,75.10187980363615
G80_2,13,Manjunatha Nagar,15.348510333333332,75.10315100000001
G80_2,14,Venkteshwara Temple-H,15.358057666666667,75.10993366666666
G80_2,15,Venkatesh Nagar,15.345845,75.0994115
H100,1,Cbt,15.3444674193908,75.14520201344315
H100,2,Chandrakala Talkies,15.349279164999999,75.145650835
H100,3,Railway Station-H,15.352256816846449,75.1453905041761
H100,4,Corporation-H,15.3514155,75.14188899999999
H100,5,Hubli Obs (Inside),15.3506932154367,75.13637812934971
H100,6,Glass House,15.352517,75.133526
H100,7,Canara Hotel,15.355167,75.130184
H100,8,Hosur Corridor,15.35691,75.12888600000001
H100,9,Jg Commerce College,15.3590733525212,75.12783566749385
H100,10,Kmc Cross,15.360941839999999,75.126741675
H100,11,Gurudatta Bhavana,15.362709,75.1258055
H100,12,Arts College,15.364881666666667,75.123965
H100,13,Shirur Park,15.36323175,75.12155025
H100,14,Shirur Park Bridge,15.362371,75.118909
H100,15,Ayyappa Swamy Temple,15.361648,75.116865
H100,16,Siddeshwara Park (Shirur Park 2Nd Stage),15.361253,75.115418
H100,17,Siddheshwara Park Cross (Chetana College Cross),15.36164207250455,75.115315546282
H100,18,Bharati Nagar Cl,15.3625350107416,75.11508945607505
H100,19,Banashankari Extension,15.363427000000001,75.11477066666667
H100,20,Kalidas Nagar,15.3647895,75.114019
H100,21,Devi Nagar,15.3656405,75.113105
H100,22,Katti Mangalamma Temple,15.3693095,75.113074
H100,23,Mruthyunjaya Extension,15.36601,75.108345
H100,24,Rajeev Nagar,15.365726,75.106239
H100,25,Durga Gudi,15.357231666666666,75.08218833333333
H100,26,Mahalakshmi Nagar,15.363352045725499,75.10487301695426
H100_2,1,Mahalakshmi Nagar,15.363352045725499,75.10487301695426
H100_2,2,Durga Gudi,15.357231666666666,75.08218833333333
H100_2,3,Rajeev Nagar,15.365726,75.106239
H100_2,4,Global College,15.367185,75.112775
H100_2,5,Katti Mangalamma Temple,15.3693095,75.113074
H100_2,6,Kalidas Nagar,15.3647895,75.114019
H100_2,7,Bharati Nagar Cl,15.3625350107416,75.11508945607505
H100_2,8,Siddheshwara Park Cross (Chetana College Cross),15.36164207250455,75.115315546282
H100_2,9,Siddeshwara Park (Shirur Park 2Nd Stage),15.361253,75.115418
H100_2,10,Ayyappa Swamy Temple,15.361648,75.116865
H100_2,11,Shirur Park,15.36323175,75.12155025
H100_2,12,Arts College,15.364881666666667,75.123965
H100_2,13,Gurudatta Bhavana,15.362709,75.1258055
H100_2,14,Kmc Cross,15.360941839999999,75.126741675
H100_2,15,Hosur Corridor,15.35691,75.12888600000001
H100_2,16,Hosur,15.354019,75.130184
H100_2,17,Hubli Obs (Outside),15.351252,75.13632
H100_2,18,Corporation-H,15.3514155,75.14188899999999
H100_2,19,Railway Station-H,15.352256816846449,75.1453905041761
H100_2,20,Chandrakala Talkies,15.349279164999999,75.145650835
H100_2,21,Ganesh Pet,15.34613833,75.14559333
H100_2,22,Cbt,15.3444674193908,75.14520201344315
H111,1,Cbt,15.3444674193908,75.14520201344315
H111,2,K E B Cross,15.343978,75.1481275
H111,3,Thabibland,15.344609,75.15060199999999
H111,4,Kalburgi Matta,15.344992999999999,75.15205850000001
H111,5,Haralikatte,15.345423499999999,75.154381
H111,6,Mukthidhama,15.3459115,75.155676
H111,7,Auto Stand,15.3466825,75.1572635
H111,8,Masjid H,15.347102,75.158494
H111,9,Mantur Road,15.3468395,75.1620165
H111_2,1,F C I Mantur Road,15.346134,75.166361
H111_2,2,Hanuman Temple Mantur Road,15.346448,75.164397
H111_2,3,Mantur Road,15.3468395,75.1620165
H111_2,4,Masjid H,15.347102,75.158494
H111_2,5,Auto Stand,15.3466825,75.1572635
H111_2,6,Mukthidhama,15.3459115,75.155676
H111_2,7,Haralikatte,15.345423499999999,75.154381
H111_2,8,Kalburgi Matta,15.344992999999999,75.15205850000001
H111_2,9,Thabibland,15.344609,75.15060199999999
H111_2,10,K E B Cross,15.343978,75.1481275
H111_2,11,Cbt,15.3444674193908,75.14520201344315
H114,1,Cbt,15.3444674193908,75.14520201344315
H114,2,Chandrakala Talkies,15.349279164999999,75.145650835
H114,3,Railway Station-H,15.352256816846449,75.1453905041761
H114,4,Corporation-H,15.3514155,75.14188899999999
H114,5,Hubli Obs (Inside),15.3506932154367,75.13637812934971
H114,6,Glass House,15.352517,75.133526
H114,7,Hosur,15.354019,75.130184
H114,8,Bannigida,15.36244125,75.132926
H114,9,Quarters,15.351182,75.1220395
H114,10,R.W.H,15.350926000000001,75.1188365
H114,11,New Bus Stand-H,15.3505045,75.116761
H114,12,1St Gate,15.3506565,75.11479
H114,13,2Nd Gate,15.350479,75.111707
H114,14,Akshay Park,15.350715666666666,75.10896733333333
H114,15,Basaveshwara Nagar Cross,15.351390666666667,75.10335466666668
H114,16,Manjunatha Nagar Cross,15.35160868216956,75.10187980363615
H114,17,Silver Town Cross,15.351900535129566,75.09951371402751
H114,18,Neharu Nagar Water Tank,15.352369666666666,75.097318
H114,19,Arjun Vihar Cross,15.352898,75.09515475
H114,20,Kec,15.354208845640276,75.09142434264085
H114,21,B D K,15.3551535,75.08834350000001
H114,22,Airport,15.35598472333832,75.08580822603624
H114_2,1,Airport,15.35598472333832,75.08580822603624
H114_2,2,B D K,15.3551535,75.08834350000001
H114_2,3,Kec,15.354208845640276,75.09142434264085
H114_2,4,Arjun Vihar Cross,15.352898,75.09515475
H114_2,5,Neharu Nagar Water Tank,15.352369666666666,75.097318
H114_2,6,Silver Town Cross,15.351900535129566,75.09951371402751
H114_2,7,Manjunatha Nagar Cross,15.35160868216956,75.10187980363615
H114_2,8,Basaveshwara Nagar Cross,15.351390666666667,75.10335466666668
H114_2,9,Akshay Park,15.350715666666666,75.10896733333333
H114_2,10,2Nd Gate,15.350479,75.111707
H114_2,11,1St Gate,15.3506565,75.11479
H114_2,12,New Bus Stand-H,15.3505045,75.116761
H114_2,13,R.W.H,15.350926000000001,75.1188365
H114_2,14,Quarters,15.351182,75.1220395
H114_2,15,Bannigida,15.36244125,75.132926
H114_2,16,Hosur,15.354019,75.130184
H114_2,17,Obs Hbl,15.350879,75.137761
H114_2,18,Corporation-H,15.3514155,75.14188899999999
H114_2,19,Railway Station-H,15.352256816846449,75.1453905041761
H114_2,20,Chandrakala Talkies,15.349279164999999,75.145650835
H114_2,21,Ganesh Pet,15.34613833,75.14559333
H114_2,22,Cbt,15.3444674193908,75.14520201344315
H119,1,Cbt,15.3444674193908,75.14520201344315
H119,2,Chandrakala Talkies,15.349279164999999,75.145650835
H119,3,Railway Station-H,15.352256816846449,75.1453905041761
H119,4,Corporation-H,15.3514155,75.14188899999999
H119,5,Hubli Obs (Inside),15.3506932154367,75.13637812934971
H119,6,Glass House,15.352517,75.133526
H119,7,Canara Hotel,15.355167,75.130184
H119,8,Hosur Corridor,15.35691,75.12888600000001
H119,9,Jg Commerce College,15.3590733525212,75.12783566749385
H119,10,Kmc Cross,15.360941839999999,75.126741675
H119,11,Gurudatta Bhavana,15.362709,75.1258055
H119,12,Arts College,15.364881666666667,75.123965
H119,13,Vidya Nagar (Bvb College),15.367777499999999,75.121093
H119,14,Prerana College,15.3708185,75.1183415
H119,15,Unkal Cross Nh -,15.372411,75.117464
H119,16,Unkal,15.3765645,75.113638
H119,17,Srinagar Cross H1,15.38187,75.112856
H119,18,Fci Godown,15.383718850000001,75.10864355000001
H119,19,Bairidevarakoppa,15.386625,75.10593645
H119,20,Darga,15.389607,75.101938
H119,21,Shantinikethana,15.390966,75.098717
H119,22,Apmc,15.3932425,75.0938625
H119,23,Amargol Cross,15.3949125,75.0864165
H119,24,Cancer Hospital,15.395116333333334,75.08425199999999
H119,25,Bsr Circle,15.392511333333333,75.08153766666668
H119,26,Karnataka Circle,15.3905505,75.0796525
H119,27,Panchakshari Nagar 1 Stop,15.3912855,75.0779765
H119,28,Panchakshari Nagar 2Nd Stop,15.392249,75.0764895
H119,29,Jain Temple,15.391334,75.075437
H119,30,Sai Temple - Shanth Nagar,15.389933,75.0744375
H119,31,Shanth Nagar,15.388926999999999,75.07379399999999
H119,32,Praja Nagar,15.388237499999999,75.070416
H119_2,1,Praja Nagar,15.388237499999999,75.070416
H119_2,2,Shanth Nagar,15.388926999999999,75.07379399999999
H119_2,3,Sai Temple - Shanth Nagar,15.389933,75.0744375
H119_2,4,Jain Temple,15.391334,75.075437
H119_2,5,Panchakshari Nagar 2Nd Stop,15.392249,75.0764895
H119_2,6,Panchakshari Nagar 1 Stop,15.3912855,75.0779765
H119_2,7,Karnataka Circle,15.3905505,75.0796525
H119_2,8,Bsr Circle,15.392511333333333,75.08153766666668
H119_2,9,Cancer Hospital,15.395116333333334,75.08425199999999
H119_2,10,Cancer Hospital Nh,15.3961090821868,75.0841185042992
H119_2,11,Amargol Cross,15.3949125,75.0864165
H119_2,12,Apmc Gate,15.39422,75.090884
H119_2,13,Apmc,15.3932425,75.0938625
H119_2,14,Sana College,15.391110000000001,75.098792
H119_2,15,Darga,15.389607,75.101938
H119_2,16,Bairidevarakoppa,15.386625,75.10593645
H119_2,17,Fci Godown,15.383718850000001,75.10864355000001
H119_2,18,Srinagar Cross H2,15.381787,75.113218
H119_2,19,Unkal,15.3765645,75.113638
H119_2,20,Unkal Cross Nh,15.372741,75.117554
H119_2,21,Prerana College,15.3708185,75.1183415
H119_2,22,Vidya Nagar (Bvb College),15.367777499999999,75.121093
H119_2,23,Arts College,15.364881666666667,75.123965
H119_2,24,Gurudatta Bhavana,15.362709,75.1258055
H119_2,25,Kims,15.360851499999999,75.1268595
H119_2,26,Mahila Vidya Pith (Hosur Terminal),15.3570165,75.129171
H119_2,27,Hosur,15.354019,75.130184
H119_2,28,Obs Hbl,15.350879,75.137761
H119_2,29,Corporation-H,15.3514155,75.14188899999999
H119_2,30,Railway Station-H,15.352256816846449,75.1453905041761
H119_2,31,Chandrakala Talkies,15.349279164999999,75.145650835
H119_2,32,Ganesh Pet,15.34613833,75.14559333
H119_2,33,Cbt,15.3444674193908,75.14520201344315
H127,1,Praja Nagar,15.388237499999999,75.070416
H127,2,Shanth Nagar,15.388926999999999,75.07379399999999
H127,3,Sai Temple - Shanth Nagar,15.389933,75.0744375
H127,4,Jain Temple,15.391334,75.075437
H127,5,Panchakshari Nagar 2Nd Stop,15.392249,75.0764895
H127,6,Panchakshari Nagar 1 Stop,15.3912855,75.0779765
H127,7,Karnataka Circle,15.3905505,75.0796525
H127,8,Bsr Circle,15.392511333333333,75.08153766666668
H127,9,Cancer Hospital,15.395116333333334,75.08425199999999
H127,10,Cancer Hospital Nh,15.3961090821868,75.0841185042992
H127,11,Amargol Cross,15.3949125,75.0864165
H127,12,Apmc Gate,15.39422,75.090884
H127,13,Apmc,15.3932425,75.0938625
H127,14,Sana College,15.391110000000001,75.098792
H127,15,Darga,15.389607,75.101938
H127,16,Bairidevarakoppa,15.386625,75.10593645
H127,17,Fci Godown,15.383718850000001,75.10864355000001
H127,18,Srinagar Cross H2,15.381787,75.113218
H127,19,Unkal,15.3765645,75.113638
H127,20,Unkal Cross Nh,15.372741,75.117554
H127,21,Prerana College,15.3708185,75.1183415
H127,22,Vidya Nagar (Bvb College),15.367777499999999,75.121093
H127,23,Arts College,15.364881666666667,75.123965
H127,24,Gurudatta Bhavana,15.362709,75.1258055
H127,25,Kims,15.360851499999999,75.1268595
H127,26,Mahila Vidya Pith (Hosur Terminal),15.3570165,75.129171
H127,27,Hosur,15.354019,75.130184
H127,28,Obs Hbl,15.350879,75.137761
H127,29,Court,15.35244235,75.139162625
H127,30,Deshpande Nagar,15.356066776666665,75.13850422333333
H127,31,Rotary School,15.358081556666667,75.13616177666667
H127,32,Bailappanavar Nagar,15.361658,75.135269
H127,33,Pai Hotel,15.363137,75.134859
H127,34,Ganesh Temple/ Bridge,15.362004165,75.137006665
H127,35,Garden,15.364202835,75.13543949999999
H127,36,Ashok Nagar,15.3653205,75.1365735
H127,37,Vijaya Hotel,15.366191,75.13798249999999
H127,38,Vijaya Nagar,15.3676295,75.1384245
H127,39,Lion School,15.369216665,75.138855835
H127,40,Miskin Stop,15.37043583,75.137550835
H127,41,Adhyapak Nagar,15.371115835,75.136271665
H127,42,Sub Jail,15.371469170000001,75.13425333
H127,43,Shani Dev Temple,15.37068583,75.133885835
H127,44,Old Employment Office (Vishweshwara Nagar)1,15.368805,75.13274333
H127,45,Gurudev Nagar,15.370411665,75.129690835
H127,46,Raj Nagar,15.37144917,75.12815333500001
H127_2,1,Raj Nagar,15.37144917,75.12815333500001
H127_2,2,Gurudev Nagar,15.370411665,75.129690835
H127_2,3,Old Employment Office (Vishweshwara Nagar)1,15.368805,75.13274333
H127_2,4,Shani Dev Temple,15.37068583,75.133885835
H127_2,5,Sub Jail,15.371469170000001,75.13425333
H127_2,6,Adhyapak Nagar,15.371115835,75.136271665
H127_2,7,Miskin Stop,15.37043583,75.137550835
H127_2,8,Lion School,15.369216665,75.138855835
H127_2,9,Vijaya Nagar,15.3676295,75.1384245
H127_2,10,Vijaya Hotel,15.366191,75.13798249999999
H127_2,11,Ashok Nagar,15.3653205,75.1365735
H127_2,12,Kaveri,15.364276499999999,75.135463
H127_2,13,Ganesh Temple/ Bridge,15.362004165,75.137006665
H127_2,14,Rotary School,15.358081556666667,75.13616177666667
H127_2,15,Deshpande Nagar,15.356066776666665,75.13850422333333
H127_2,16,Court,15.35244235,75.139162625
H127_2,17,Hubli Obs (Inside),15.3506932154367,75.13637812934971
H127_2,18,Glass House,15.352517,75.133526
H127_2,19,Canara Hotel,15.355167,75.130184
H127_2,20,Hosur Corridor,15.35691,75.12888600000001
H127_2,21,Jg Commerce College,15.3590733525212,75.12783566749385
H127_2,22,Kmc Cross,15.360941839999999,75.126741675
H127_2,23,Gurudatta Bhavana,15.362709,75.1258055
H127_2,24,Arts College,15.364881666666667,75.123965
H127_2,25,Vidya Nagar (Bvb College),15.367777499999999,75.121093
H127_2,26,Prerana College,15.3708185,75.1183415
H127_2,27,Unkal Cross Nh -,15.372411,75.117464
H127_2,28,Unkal,15.3765645,75.113638
H127_2,29,Srinagar Cross H1,15.38187,75.112856
H127_2,30,Fci Godown,15.383718850000001,75.10864355000001
H127_2,31,Bairidevarakoppa,15.386625,75.10593645
H127_2,32,Darga,15.389607,75.101938
H127_2,33,Shantinikethana,15.390966,75.098717
H127_2,34,Apmc,15.3932425,75.0938625
H127_2,35,Amargol Cross,15.3949125,75.0864165
H127_2,36,Cancer Hospital,15.395116333333334,75.08425199999999
H127_2,37,Bsr Circle,15.392511333333333,75.08153766666668
H127_2,38,Karnataka Circle,15.3905505,75.0796525
H127_2,39,Panchakshari Nagar 1 Stop,15.3912855,75.0779765
H127_2,40,Panchakshari Nagar 2Nd Stop,15.392249,75.0764895
H127_2,41,Jain Temple,15.391334,75.075437
H127_2,42,Sai Temple - Shanth Nagar,15.389933,75.0744375
H127_2,43,Shanth Nagar,15.388926999999999,75.07379399999999
H127_2,44,Praja Nagar,15.388237499999999,75.070416
H13,1,Cbt,15.3444674193908,75.14520201344315
H13,2,Chandrakala Talkies,15.349279164999999,75.145650835
H13,3,Railway Station-H,15.352256816846449,75.1453905041761
H13,4,Corporation-H,15.3514155,75.14188899999999
H13,5,Hubli Obs (Inside),15.3506932154367,75.13637812934971
H13,6,Mts,15.3426305,75.13306349999999
H13,7,Arvind Nagar Cross,15.341154,75.132528
H13,8,Chennapet,15.3388905,75.1321445
H13,9,Old Hubli,15.336402,75.131203
H13,10,Junglee Pet,15.332587,75.13202849999999
H13,11,Eshwar Nagar,15.326359,75.1317
H13,12,Someshwara Nagar,15.3235005,75.1312415
H13,13,Bridge,15.324110000000001,75.128724
H13,14,Nekkar Nagar,15.3244015,75.1266585
H13_2,1,Nekar Nagar,15.324672,75.126899
H13_2,2,Bridge,15.324110000000001,75.128724
H13_2,3,Someshwara Nagar,15.3235005,75.1312415
H13_2,4,Eshwar Nagar,15.326359,75.1317
H13_2,5,Junglee Pet,15.332587,75.13202849999999
H13_2,6,Old Hubli,15.336402,75.131203
H13_2,7,Chennapet,15.3388905,75.1321445
H13_2,8,Arvind Nagar Cross,15.341154,75.132528
H13_2,9,Mts,15.3426305,75.13306349999999
H13_2,10,Church,15.348363,75.136425
H13_2,11,Hubli Obs (Inside),15.3506932154367,75.13637812934971
H13_2,12,Corporation-H,15.3514155,75.14188899999999
H13_2,13,Railway Station-H,15.352256816846449,75.1453905041761
H13_2,14,Chandrakala Talkies,15.349279164999999,75.145650835
H13_2,15,Cbt,15.3444674193908,75.14520201344315
H15,1,Hubli Obs (Inside),15.3506932154367,75.13637812934971
H15,2,Quarters,15.351182,75.1220395
H15,3,R.W.H,15.350926000000001,75.1188365
H15,4,New Bus Stand-H,15.3505045,75.116761
H15,5,Akshay Park,15.350715666666666,75.10896733333333
H15,6,Manjunatha Nagar Cross,15.35160868216956,75.10187980363615
H15,7,Manjunatha Nagar,15.348510333333332,75.10315100000001
H15,8,Shakti Temple Cross,15.3431785,75.1058805
H15,9,Surabhi Nagar,15.3428415,75.103325
H15_2,1,Surabhi Nagar,15.3428415,75.103325
H15_2,2,Shakti Temple Cross,15.3431785,75.1058805
H15_2,3,Manjunatha Nagar,15.348510333333332,75.10315100000001
H15_2,4,Manjunatha Nagar Cross,15.35160868216956,75.10187980363615
H15_2,5,Akshay Park,15.350715666666666,75.10896733333333
H15_2,6,New Bus Stand-H,15.3505045,75.116761
H15_2,7,R.W.H,15.350926000000001,75.1188365
H15_2,8,Quarters,15.351182,75.1220395
H15_2,9,Hanuman Temple-H,15.351641,75.128945
H15_2,10,Hosur,15.354019,75.130184
H15_2,11,Hubli Obs (Outside),15.351252,75.13632
H17,1,Gopanakoppa,15.374813900923051,75.1441600174851
H17,2,Venkatesh Colony,15.371976,75.144353
H17,3,Bengeri,15.3698425,75.14568
H17,4,Soda Factory,15.3681885,75.1480565
H17,5,Ramesh Bhavan,15.364672013333333,75.14898840666666
H17,6,Azad Colony,15.362189,75.148558
H17,7,Keshwapur,15.3592285,75.1462065
H17,8,Sbi Main Branch,15.3555685,75.1465775
H17,9,Gadag Rly Bridge,15.353161,75.147447
H17,10,Railway Station-H,15.352256816846449,75.1453905041761
H17,11,Chandrakala Talkies,15.349279164999999,75.145650835
H17,12,Cbt,15.3444674193908,75.14520201344315
H17_2,1,Cbt,15.3444674193908,75.14520201344315
H17_2,2,Chandrakala Talkies,15.349279164999999,75.145650835
H17_2,3,Railway Station-H,15.352256816846449,75.1453905041761
H17_2,4,Gadag Rly Bridge,15.353161,75.147447
H17_2,5,Sbi Main Branch,15.3555685,75.1465775
H17_2,6,Keshwapur,15.3592285,75.1462065
H17_2,7,Azad Colony,15.362189,75.148558
H17_2,8,Ramesh Bhavan,15.364672013333333,75.14898840666666
H17_2,9,Soda Factory,15.3681885,75.1480565
H17_2,10,Bengeri,15.3698425,75.14568
H17_2,11,Venkatesh Colony,15.371976,75.144353
H17_2,12,Gopanakoppa,15.374813900923051,75.1441600174851
H26,1,Navanagar City,15.394359,75.0790555
H26,2,Bsr Circle,15.392511333333333,75.08153766666668
H26,3,Cancer Hospital,15.395116333333334,75.08425199999999
H26,4,Cancer Hospital Nh,15.3961090821868,75.0841185042992
H26,5,Amargol Cross,15.3949125,75.0864165
H26,6,Apmc Gate,15.39422,75.090884
H26,7,Apmc,15.3932425,75.0938625
H26,8,Sana College,15.391110000000001,75.098792
H26,9,Darga,15.389607,75.101938
H26,10,Bairidevarakoppa,15.386625,75.10593645
H26,11,Fci Godown,15.383718850000001,75.10864355000001
H26,12,Srinagar Cross H2,15.381787,75.113218
H26,13,Unkal,15.3765645,75.113638
H26,14,Unkal Cross Nh,15.372741,75.117554
H26,15,Prerana College,15.3708185,75.1183415
H26,16,Vidya Nagar (Bvb College),15.367777499999999,75.121093
H26,17,Arts College,15.364881666666667,75.123965
H26,18,Gurudatta Bhavana,15.362709,75.1258055
H26,19,Kims,15.360851499999999,75.1268595
H26,20,Mahila Vidya Pith (Hosur Terminal),15.3570165,75.129171
H29,1,Akshay Colony,15.360295666666666,75.10990166666666
H29,2,Chethan College,15.360610999999999,75.111864
H29,3,Siddeshwara Park (Shirur Park 2Nd Stage),15.361253,75.115418
H29,4,Ayyappa Swamy Temple,15.361648,75.116865
H29,5,Shirur Park Bridge,15.362371,75.118909
H29,6,Shirur Park,15.36323175,75.12155025
H29,7,Arts College,15.364881666666667,75.123965
H29,8,Gurudatta Bhavana,15.362709,75.1258055
H29,9,Kmc Cross,15.360941839999999,75.126741675
H29,10,Hosur Corridor,15.35691,75.12888600000001
H29,11,Hosur,15.354019,75.130184
H29,12,Basava Vana (Old Bus Stand),15.352206,75.135204
H29,13,Corporation-H,15.3514155,75.14188899999999
H29,14,Railway Station-H,15.352256816846449,75.1453905041761
H29,15,Chandrakala Talkies,15.349279164999999,75.145650835
H29,16,Ganesh Pet,15.34613833,75.14559333
H29,17,Cbt,15.3444674193908,75.14520201344315
H29_2,1,Cbt,15.3444674193908,75.14520201344315
H29_2,2,Chandrakala Talkies,15.349279164999999,75.145650835
H29_2,3,Railway Station-H,15.352256816846449,75.1453905041761
H29_2,4,Corporation-H,15.3514155,75.14188899999999
H29_2,5,Hubli Obs (Inside),15.3506932154367,75.13637812934971
H29_2,6,Hosur Cross,15.355021240701234,75.13037813474448
H29_2,7,Mahila Vidya Pith (Hosur Terminal),15.3570165,75.129171
H29_2,8,Kmc Cross,15.360941839999999,75.126741675
H29_2,9,Arts College,15.364881666666667,75.123965
H29_2,10,Shirur Park,15.36323175,75.12155025
H29_2,11,Ayyappa Swamy Temple,15.361648,75.116865
H29_2,12,Siddeshwara Park (Shirur Park 2Nd Stage),15.361253,75.115418
H29_2,13,Chethan College,15.360610999999999,75.111864
H29_2,14,Akshay Colony,15.360295666666666,75.10990166666666
H34,1,Cbt,15.3444674193908,75.14520201344315
H34,2,Chandrakala Talkies,15.349279164999999,75.145650835
H34,3,Railway Station-H,15.352256816846449,75.1453905041761
H34,4,Corporation-H,15.3514155,75.14188899999999
H34,5,Hubli Obs (Inside),15.3506932154367,75.13637812934971
H34,6,Glass House,15.352517,75.133526
H34,7,Hosur,15.354019,75.130184
H34,8,Bannigida,15.36244125,75.132926
H34,9,Quarters,15.351182,75.1220395
H34,10,Rwh,15.350895000000001,75.1188075
H34,11,New Bus Stand-H,15.3505045,75.116761
H34,12,1St Gate,15.3506565,75.11479
H34,13,2Nd Gate,15.350479,75.111707
H34,14,Akshay Park,15.350715666666666,75.10896733333333
H34,15,Basaveshwara Nagar Cross,15.351390666666667,75.10335466666668
H34,16,Manjunatha Nagar Cross,15.35160868216956,75.10187980363615
H34,17,Silver Town Cross,15.351900535129566,75.09951371402751
H34,18,Neharu Nagar Water Tank,15.352369666666666,75.097318
H34,19,Arjun Vihar Cross,15.352898,75.09515475
H34,20,Murarji Nagar 1St Stop,15.349132,75.0948205
H34,21,Murarji Nagar 2Nd Stop,15.348404,75.0916105
H34,22,Water Tank,15.346737,75.091249
H34,23,Lohiya Nagar,15.345474,75.091632
H34,24,Giri Nagar H,15.343498,75.092124
H34,25,Giri Nagar 2Nd Stop,15.343643,75.094787
H34,26,Kere 1St Stop,15.345885,75.094554
H34,27,Kannada School,15.346925,75.094636
H34,28,Murarji Nagar,15.348936,75.094806
H34,29,Arjun Vihar Cross,15.352898,75.09515475
H34,30,Neharu Nagar Water Tank,15.352369666666666,75.097318
H34,31,Silver Town Cross,15.351900535129566,75.09951371402751
H34,32,Manjunatha Nagar Cross,15.35160868216956,75.10187980363615
H34,33,Basaveshwara Nagar Cross,15.351390666666667,75.10335466666668
H34,34,Akshay Park,15.350715666666666,75.10896733333333
H34,35,2Nd Gate,15.350479,75.111707
H34,36,1St Gate,15.3506565,75.11479
H34,37,New Bus Stand-H,15.3505045,75.116761
H34,38,Rwh,15.350895000000001,75.1188075
H34,39,Quarters,15.351182,75.1220395
H34,40,Bannigida,15.36244125,75.132926
H34,41,Hosur,15.354019,75.130184
H34,42,Hubli Obs (Outside),15.351252,75.13632
H372,1,Hubli Obs (Outside),15.351252,75.13632
H372,2,Mahalaxmi Complex (Noorani Market),15.3472,75.137158
H372,3,Kamaripet Police Station,15.344462,75.13667000000001
H372,4,Koulpet,15.341852,75.13674850000001
H372,5,New English School-H,15.339079869999999,75.13709849
H372,6,Old Hubli Bridge,15.3370385,75.13481949999999
H372,7,Karnataka Bank,15.336913,75.13322149999999
H372,8,Old Hubli,15.336402,75.131203
H372,9,Junglee Pet,15.332587,75.13202849999999
H372,10,Eshwar Nagar,15.326359,75.1317
H372,11,Someshwara Nagar,15.3235005,75.1312415
H372,12,Bridge,15.324110000000001,75.128724
H372,13,Nekkar Nagar,15.3244015,75.1266585
H372,14,Maruti Temple-H,15.323499,75.124665
H372,15,Guru Siddeshwara Nagar,15.3230545,75.12325849999999
H372,16,Santhosh Nagar,15.322579000000001,75.1217745
H372,17,M/S,15.322433499999999,75.120449
H372_2,1,M/S,15.322433499999999,75.120449
H372_2,2,Santhosh Nagar,15.322579000000001,75.1217745
H372_2,3,Guru Siddeshwara Nagar,15.3230545,75.12325849999999
H372_2,4,Nekar Nagar,15.324672,75.126899
H372_2,5,Bridge,15.324110000000001,75.128724
H372_2,6,Someshwara Nagar,15.3235005,75.1312415
H372_2,7,Eshwar Nagar,15.326359,75.1317
H372_2,8,Junglee Pet,15.332587,75.13202849999999
H372_2,9,Old Hubli,15.336402,75.131203
H372_2,10,Old Hubli Circle,15.336925333333333,75.13122766666667
H372_2,11,Karnataka Bank,15.336913,75.13322149999999
H372_2,12,Old Hubli Bridge,15.3370385,75.13481949999999
H372_2,13,New English School-H,15.339079869999999,75.13709849
H372_2,14,Koulpet,15.341852,75.13674850000001
H372_2,15,Kamaripet Police Station,15.344462,75.13667000000001
H372_2,16,Church,15.348363,75.136425
H372_2,17,Hubli Obs (Inside),15.3506932154367,75.13637812934971
H39,1,Cbt,15.3444674193908,75.14520201344315
H39,2,Chandrakala Talkies,15.349279164999999,75.145650835
H39,3,Railway Station-H,15.352256816846449,75.1453905041761
H39,4,Corporation-H,15.3514155,75.14188899999999
H39,5,Court,15.35244235,75.139162625
H39,6,Deshpande Nagar,15.356066776666665,75.13850422333333
H39,7,Rotary School,15.358081556666667,75.13616177666667
H39,8,Bailappanavar Nagar,15.361658,75.135269
H39,9,Pai Hotel,15.363137,75.134859
H39,10,Ganesh Temple/ Bridge,15.362004165,75.137006665
H39,11,Garden,15.364202835,75.13543949999999
H39,12,Ashok Nagar,15.3653205,75.1365735
H39,13,Vijaya Hotel,15.366191,75.13798249999999
H39,14,Vijaya Nagar,15.3676295,75.1384245
H39,15,Lion School,15.369216665,75.138855835
H39,16,Miskin Stop,15.37043583,75.137550835
H39,17,Adhyapak Nagar,15.371115835,75.136271665
H39,18,Sub Jail,15.371469170000001,75.13425333
H39,19,Shani Dev Temple,15.37068583,75.133885835
H39,20,Old Employment Office (Vishweshwara Nagar)1,15.368805,75.13274333
H39,21,Gurudev Nagar,15.370411665,75.129690835
H39,22,Raj Nagar,15.37144917,75.12815333500001
H39_2,1,Raj Nagar,15.37144917,75.12815333500001
H39_2,2,Gurudev Nagar,15.370411665,75.129690835
H39_2,3,Old Employment Office (Vishweshwara Nagar)2,15.368805,75.13260667
H39_2,4,Shani Dev Temple,15.37068583,75.133885835
H39_2,5,Sub Jail,15.371469170000001,75.13425333
H39_2,6,Adhyapak Nagar,15.371115835,75.136271665
H39_2,7,Miskin Stop,15.37043583,75.137550835
H39_2,8,Lion School,15.369216665,75.138855835
H39_2,9,Vijaya Nagar,15.3676295,75.1384245
H39_2,10,Vijaya Hotel,15.366191,75.13798249999999
H39_2,11,Ashok Nagar,15.3653205,75.1365735
H39_2,12,Garden,15.364202835,75.13543949999999
H39_2,13,Ganesh Temple/ Bridge,15.362004165,75.137006665
H39_2,14,Rotary School,15.358081556666667,75.13616177666667
H39_2,15,Deshpande Nagar,15.356066776666665,75.13850422333333
H39_2,16,Court,15.35244235,75.139162625
H39_2,17,Corporation-H,15.3514155,75.14188899999999
H39_2,18,Railway Station-H,15.352256816846449,75.1453905041761
H39_2,19,Chandrakala Talkies,15.349279164999999,75.145650835
H39_2,20,Ganesh Pet,15.34613833,75.14559333
H39_2,21,Cbt,15.3444674193908,75.14520201344315
H44,1,Mahila Vidya Pith (Hosur Terminal),15.3570165,75.129171
H44,2,Jg Commerce College,15.3590733525212,75.12783566749385
H44,3,Kims,15.360851499999999,75.1268595
H44,4,Kmc,15.361930349652999,75.13062759389733
H44_2,1,Kmc,15.361930349652999,75.13062759389733
H44_2,2,Kims,15.360851499999999,75.1268595
H44_2,3,Mahila Vidya Pith (Hosur Terminal),15.3570165,75.129171
H45,1,Hubli Obs (Inside),15.3506932154367,75.13637812934971
H45,2,Glass House,15.352517,75.133526
H45,3,Hosur Cross,15.355021240701234,75.13037813474448
H45,4,Mahila Vidya Pith (Hosur Terminal),15.3570165,75.129171
H45,5,Jg Commerce College,15.3590733525212,75.12783566749385
H45,6,Kims,15.360851499999999,75.1268595
H45,7,Kmc,15.361930349652999,75.13062759389733
H50,1,Hubli Obs (Outside),15.351252,75.13632
H50,2,Corporation-H,15.3514155,75.14188899999999
H50,3,Railway Station-H,15.352256816846449,75.1453905041761
H50,4,Chandrakala Talkies,15.349279164999999,75.145650835
H50,5,Cbt,15.3444674193908,75.14520201344315
H50,6,Shantinikethan School,15.342402499999999,75.1480995
H50,7,Settlement 1St Stop,15.3397805,75.1481045
H50,8,Settlement 2Nd Stop,15.3360605,75.1476655
H50,9,Karki Basaveshwara Nagar,15.334498,75.147783
H50,10,Hosmani Kalyana Mantapa,15.3314765,75.1493785
H50,11,Bidnal Cross,15.3290369325,75.14660269
H50,12,Indira Canteen,15.3276405,75.151938
H50,13,Soniya Gandhi Nagar,15.3294475,75.15220450000001
H51,1,Soniya Gandhi Nagar,15.3294475,75.15220450000001
H51,2,Indira Canteen,15.3276405,75.151938
H51,3,Bidnal Cross,15.3290369325,75.14660269
H51,4,Hosmani Kalyana Mantapa,15.3314765,75.1493785
H51,5,Karki Basaveshwara Nagar,15.334498,75.147783
H51,6,Settlement 2Nd Stop,15.3360605,75.1476655
H51,7,Settlement 1St Stop,15.3397805,75.1481045
H51,8,Shantinikethan School,15.342402499999999,75.1480995
H51,9,Cbt,15.3444674193908,75.14520201344315
H68,1,Banjara Colony,15.350733,75.0709415
H68,2,Banjara Colony Cross,15.347639000000001,75.07253
H68,3,Nanda Gokula 1St Stop,15.348095,75.077884
H68,4,Nanda Gokul,15.3489445,75.07912400000001
H68,5,Gokul,15.351278,75.08083049999999
H68,6,Anjaneya Nagar,15.353205500000001,75.07979950000001
H68,7,Gokul Cross,15.354122,75.079631
H68,8,K L E College,15.3545415,75.0830885
H68,9,Airport,15.35598472333832,75.08580822603624
H68,10,B D K,15.3551535,75.08834350000001
H68,11,Kec,15.354208845640276,75.09142434264085
H68,12,Arjun Vihar Cross,15.352898,75.09515475
H68,13,Neharu Nagar Water Tank,15.352369666666666,75.097318
H68,14,Silver Town Cross,15.351900535129566,75.09951371402751
H68,15,Manjunatha Nagar Cross,15.35160868216956,75.10187980363615
H68,16,Basaveshwara Nagar Cross,15.351390666666667,75.10335466666668
H68,17,Akshay Park,15.350715666666666,75.10896733333333
H68,18,2Nd Gate,15.350479,75.111707
H68,19,1St Gate,15.3506565,75.11479
H68,20,New Bus Stand-H,15.3505045,75.116761
H68,21,Rwh,15.350895000000001,75.1188075
H68,22,Quarters,15.351182,75.1220395
H68,23,Bannigida,15.36244125,75.132926
H68,24,Hosur,15.354019,75.130184
H68,25,Hubli Obs (Outside),15.351252,75.13632
H68,26,Corporation-H,15.3514155,75.14188899999999
H68,27,Railway Station-H,15.352256816846449,75.1453905041761
H68_2,1,Railway Station-H,15.352256816846449,75.1453905041761
H68_2,2,Corporation-H,15.3514155,75.14188899999999
H68_2,3,Hubli Obs (Inside),15.3506932154367,75.13637812934971
H68_2,4,Glass House,15.352517,75.133526
H68_2,5,Hosur,15.354019,75.130184
H68_2,6,Bannigida,15.36244125,75.132926
H68_2,7,Quarters,15.351182,75.1220395
H68_2,8,Rwh,15.350895000000001,75.1188075
H68_2,9,New Bus Stand-H,15.3505045,75.116761
H68_2,10,1St Gate,15.3506565,75.11479
H68_2,11,2Nd Gate,15.350479,75.111707
H68_2,12,Akshay Park,15.350715666666666,75.10896733333333
H68_2,13,Basaveshwara Nagar Cross,15.351390666666667,75.10335466666668
H68_2,14,Manjunatha Nagar Cross,15.35160868216956,75.10187980363615
H68_2,15,Silver Town Cross,15.351900535129566,75.09951371402751
H68_2,16,Neharu Nagar Water Tank,15.352369666666666,75.097318
H68_2,17,Arjun Vihar Cross,15.352898,75.09515475
H68_2,18,Kec,15.354208845640276,75.09142434264085
H68_2,19,B D K,15.3551535,75.08834350000001
H68_2,20,Airport,15.35598472333832,75.08580822603624
H68_2,21,K L E College,15.3545415,75.0830885
H68_2,22,Gokul Cross,15.354122,75.079631
H68_2,23,Anjaneya Nagar,15.353205500000001,75.07979950000001
H68_2,24,Gokul,15.351278,75.08083049999999
H68_2,25,Nanda Gokul,15.3489445,75.07912400000001
H68_2,26,Nanda Gokula 1St Stop,15.348095,75.077884
H68_2,27,Banjara Colony Cross,15.347639000000001,75.07253
H68_2,28,Banjara Colony,15.350733,75.0709415
H69,1,Cbt,15.3444674193908,75.14520201344315
H69,2,Chandrakala Talkies,15.349279164999999,75.145650835
H69,3,Railway Station-H,15.352256816846449,75.1453905041761
H69,4,Corporation-H,15.3514155,75.14188899999999
H69,5,Hubli Obs (Inside),15.3506932154367,75.13637812934971
H69,6,Glass House,15.352517,75.133526
H69,7,Hosur Cross,15.355021240701234,75.13037813474448
H69,8,Hosur Corridor,15.35691,75.12888600000001
H69,9,Jg Commerce College,15.3590733525212,75.12783566749385
H69,10,Kmc Cross,15.360941839999999,75.126741675
H69,11,Gurudatta Bhavana,15.362709,75.1258055
H69,12,Arts College,15.364881666666667,75.123965
H69,13,Vidya Nagar (Bvb College),15.367777499999999,75.121093
H69,14,Prerana College,15.3708185,75.1183415
H69,15,Unkal Cross Nh -,15.372411,75.117464
H69,16,Unkal,15.3765645,75.113638
H69,17,Srinagar Cross H1,15.38187,75.112856
H69,18,Fci Godown,15.383718850000001,75.10864355000001
H69,19,Bairidevarakoppa,15.386625,75.10593645
H69,20,Darga,15.389607,75.101938
H69,21,Shantinikethana,15.390966,75.098717
H69,22,Apmc,15.3932425,75.0938625
H69,23,Apmc  3Rd Gate,15.393835895632,75.0907922101425
H69,24,Amargol Cross,15.3949125,75.0864165
H69,25,Cancer Hospital,15.395116333333334,75.08425199999999
H69,26,Bsr Circle,15.392511333333333,75.08153766666668
H69,27,Navanagar City,15.394359,75.0790555
H69,28,Sankalpa Semiconductors,15.3962635,75.07583199999999
H69,29,Karnataka Law University,15.400095,75.071556
H69,30,Amar Nagar,15.399609,75.07069000000001
H69,31,Suthagatti,15.397573,75.06584050000001
H69,32,Shankarjyoti Nagar,15.3956145346155,75.0632137355005
H69_2,1,Shankarjyoti Nagar,15.3956145346155,75.0632137355005
H69_2,2,Suthagatti,15.397573,75.06584050000001
H69_2,3,Amar Nagar,15.399609,75.07069000000001
H69_2,4,Karnataka Law Univercity,15.400025,75.071355
H69_2,5,Sankalpa Semiconductors,15.3962635,75.07583199999999
H69_2,6,Navanagar City,15.394359,75.0790555
H69_2,7,Bsr Circle,15.392511333333333,75.08153766666668
H69_2,8,Cancer Hospital,15.395116333333334,75.08425199999999
H69_2,9,Cancer Hospital Nh,15.3961090821868,75.0841185042992
H69_2,10,Amargol Cross,15.3949125,75.0864165
H69_2,11,Apmc Gate,15.39422,75.090884
H69_2,12,Apmc,15.3932425,75.0938625
H69_2,13,Sana College,15.391110000000001,75.098792
H69_2,14,Darga,15.389607,75.101938
H69_2,15,Bairidevarakoppa,15.386625,75.10593645
H69_2,16,Fci Godown,15.383718850000001,75.10864355000001
H69_2,17,Srinagar Cross H2,15.381787,75.113218
H69_2,18,Unkal,15.3765645,75.113638
H69_2,19,Unkal Cross Nh,15.372741,75.117554
H69_2,20,Prerana College,15.3708185,75.1183415
H69_2,21,Vidya Nagar (Bvb College),15.367777499999999,75.121093
H69_2,22,Arts College,15.364881666666667,75.123965
H69_2,23,Gurudatta Bhavana,15.362709,75.1258055
H69_2,24,Kims,15.360851499999999,75.1268595
H69_2,25,Mahila Vidya Pith (Hosur Terminal),15.3570165,75.129171
H69_2,26,Hosur Cross,15.355021240701234,75.13037813474448
H69_2,27,Hubli Obs (Outside),15.351252,75.13632
H69_2,28,Corporation-H,15.3514155,75.14188899999999
H69_2,29,Railway Station-H,15.352256816846449,75.1453905041761
H69_2,30,Chandrakala Talkies,15.349279164999999,75.145650835
H69_2,31,Ganesh Pet,15.34613833,75.14559333
H69_2,32,Cbt,15.3444674193908,75.14520201344315
H7,1,Mahila Vidya Pith (Hosur Terminal),15.3570165,75.129171
H7,2,Hosur Cross,15.355021240701234,75.13037813474448
H7,3,Hubli Obs (Outside),15.351252,75.13632
H7,4,Corporation-H,15.3514155,75.14188899999999
H7,5,Railway Station-H,15.352256816846449,75.1453905041761
H7,6,Chandrakala Talkies,15.349279164999999,75.145650835
H7,7,Cbt,15.3444674193908,75.14520201344315
H7_2,1,Cbt,15.3444674193908,75.14520201344315
H7_2,2,Chandrakala Talkies,15.349279164999999,75.145650835
H7_2,3,Railway Station-H,15.352256816846449,75.1453905041761
H7_2,4,Corporation-H,15.3514155,75.14188899999999
H7_2,5,Hubli Obs (Inside),15.3506932154367,75.13637812934971
H7_2,6,Glass House,15.352517,75.133526
H7_2,7,Hosur Cross,15.355021240701234,75.13037813474448
H7_2,8,Mahila Vidya Pith (Hosur Terminal),15.3570165,75.129171
H70,1,New Bus Stand-H,15.3505045,75.116761
H70,2,Rwh,15.350895000000001,75.1188075
H70,3,Quarters,15.351182,75.1220395
H70,4,Hosur Cross,15.355021240701234,75.13037813474448
H70,5,Mahila Vidya Pith (Hosur Terminal),15.3570165,75.129171
H70_2,1,Mahila Vidya Pith (Hosur Terminal),15.3570165,75.129171
H70_2,2,Hosur Cross,15.355021240701234,75.13037813474448
H70_2,3,M M Joshi,15.352953,75.130029
H70_2,4,Quarters,15.351182,75.1220395
H70_2,5,R.W.H,15.350926000000001,75.1188365
H70_2,6,New Bus Stand-H,15.3505045,75.116761
H71,1,Kmc,15.361930349652999,75.13062759389733
H71,2,Kims,15.360851499999999,75.1268595
H71,3,Mahila Vidya Pith (Hosur Terminal),15.3570165,75.129171
H71,4,Hosur Cross,15.355021240701234,75.13037813474448
H71,5,Hubli Obs (Outside),15.351252,75.13632
H71,6,Mahalaxmi Complex (Noorani Market),15.3472,75.137158
H71,7,Kamaripet Police Station,15.344462,75.13667000000001
H71,8,New English School-H,15.339079869999999,75.13709849
H71,9,Old Hubli,15.336402,75.131203
H71,10,Old Hubli Circle,15.336925333333333,75.13122766666667
H71,11,Indi Pump,15.3368715,75.127151
H71,12,Anand Nagar Cross(Girani),15.336168,75.1254145
H71,13,Siddarudh Mata Cross,15.337141335,75.11975699999999
H71,14,Siddharud Mata,15.3352215,75.120312
H71_2,1,Siddharud Mata,15.3352215,75.120312
H71_2,2,Siddarudh Mata Cross,15.337141335,75.11975699999999
H71_2,3,Anand Nagar Cross(Girani),15.336168,75.1254145
H71_2,4,Indi Pump,15.3368715,75.127151
H71_2,5,Old Hubli 1St Cross,15.337041,75.129933
H71_2,6,Old Hubli,15.336402,75.131203
H71_2,7,Old Hubli Bridge,15.3370385,75.13481949999999
H71_2,8,New English School-H,15.339079869999999,75.13709849
H71_2,9,Koulpet,15.341852,75.13674850000001
H71_2,10,Kamaripet Police Station,15.344462,75.13667000000001
H71_2,11,Mahalaxmi Complex (Noorani Market),15.3472,75.137158
H71_2,12,Hubli Obs (Inside),15.3506932154367,75.13637812934971
H71_2,13,Glass House,15.352517,75.133526
H71_2,14,Hosur Cross,15.355021240701234,75.13037813474448
H71_2,15,Mahila Vidya Pith (Hosur Terminal),15.3570165,75.129171
H71_2,16,Jg Commerce College,15.3590733525212,75.12783566749385
H71_2,17,Kims,15.360851499999999,75.1268595
H71_2,18,Kmc Hostel,15.361653,75.128371
H71_2,19,Kmc,15.361930349652999,75.13062759389733
H75,1,Cbt,15.3444674193908,75.14520201344315
H75,2,Chandrakala Talkies,15.349279164999999,75.145650835
H75,3,Railway Station-H,15.352256816846449,75.1453905041761
H75,4,Corporation-H,15.3514155,75.14188899999999
H75,5,Hubli Obs (Inside),15.3506932154367,75.13637812934971
H75,6,Glass House,15.352517,75.133526
H75,7,Hosur,15.354019,75.130184
H75,8,Hanuman Temple-H,15.351641,75.128945
H75,9,Bannigida,15.36244125,75.132926
H75,10,Quarters,15.351182,75.1220395
H75,11,R.W.H,15.350926000000001,75.1188365
H75,12,New Bus Stand-H,15.3505045,75.116761
H75,13,1St Gate,15.3506565,75.11479
H75,14,2Nd Gate,15.350479,75.111707
H75,15,Akshay Park,15.350715666666666,75.10896733333333
H75,16,Basaveshwara Nagar Cross,15.351390666666667,75.10335466666668
H75,17,Manjunatha Nagar Cross,15.35160868216956,75.10187980363615
H75,18,Silver Town Cross,15.351900535129566,75.09951371402751
H75,19,Neharu Nagar Water Tank,15.352369666666666,75.097318
H75,20,Arjun Vihar Cross,15.352898,75.09515475
H75,21,Kec,15.354208845640276,75.09142434264085
H75,22,B D K,15.3551535,75.08834350000001
H75,23,Airport,15.35598472333832,75.08580822603624
H75,24,K L E College,15.3545415,75.0830885
H75,25,Gokul Cross,15.354122,75.079631
H75,26,Anjaneya Nagar,15.353205500000001,75.07979950000001
H75,27,Gokul,15.351278,75.08083049999999
H75,28,Nanda Gokul,15.3489445,75.07912400000001
H75_2,1,Nanda Gokul,15.3489445,75.07912400000001
H75_2,2,Gokul,15.351278,75.08083049999999
H75_2,3,Anjaneya Nagar,15.353205500000001,75.07979950000001
H75_2,4,Gokul Cross,15.354122,75.079631
H75_2,5,K L E College,15.3545415,75.0830885
H75_2,6,Airport,15.35598472333832,75.08580822603624
H75_2,7,B D K,15.3551535,75.08834350000001
H75_2,8,Kec,15.354208845640276,75.09142434264085
H75_2,9,Arjun Vihar Cross,15.352898,75.09515475
H75_2,10,Neharu Nagar Water Tank,15.352369666666666,75.097318
H75_2,11,Silver Town Cross,15.351900535129566,75.09951371402751
H75_2,12,Manjunatha Nagar Cross,15.35160868216956,75.10187980363615
H75_2,13,Basaveshwara Nagar Cross,15.351390666666667,75.10335466666668
H75_2,14,Akshay Park,15.350715666666666,75.10896733333333
H75_2,15,2Nd Gate,15.350479,75.111707
H75_2,16,1St Gate,15.3506565,75.11479
H75_2,17,New Bus Stand-H,15.3505045,75.116761
H75_2,18,R.W.H,15.350926000000001,75.1188365
H75_2,19,Quarters,15.351182,75.1220395
H75_2,20,Bannigida,15.36244125,75.132926
H75_2,21,Hosur,15.354019,75.130184
H75_2,22,Obs Hbl,15.350879,75.137761
H75_2,23,Corporation-H,15.3514155,75.14188899999999
H75_2,24,Railway Station-H,15.352256816846449,75.1453905041761
H75_2,25,Chandrakala Talkies,15.349279164999999,75.145650835
H75_2,26,Ganesh Pet,15.34613833,75.14559333
H75_2,27,Cbt,15.3444674193908,75.14520201344315
H77,1,Cbt,15.3444674193908,75.14520201344315
H77,2,Chandrakala Talkies,15.349279164999999,75.145650835
H77,3,Railway Station-H,15.352256816846449,75.1453905041761
H77,4,Corporation-H,15.3514155,75.14188899999999
H77,5,Hubli Obs (Inside),15.3506932154367,75.13637812934971
H77,6,Glass House,15.352517,75.133526
H77,7,Hosur,15.354019,75.130184
H77,8,Hanuman Temple-H,15.351641,75.128945
H77,9,Bannigida,15.36244125,75.132926
H77,10,Quarters,15.351182,75.1220395
H77,11,R.W.H,15.350926000000001,75.1188365
H77,12,New Bus Stand-H,15.3505045,75.116761
H77,13,1St Gate,15.3506565,75.11479
H77,14,2Nd Gate,15.350479,75.111707
H77,15,Akshay Park,15.350715666666666,75.10896733333333
H77,16,Basaveshwara Nagar Cross,15.351390666666667,75.10335466666668
H77,17,Manjunatha Nagar Cross,15.35160868216956,75.10187980363615
H77,18,Silver Town Cross,15.351900535129566,75.09951371402751
H77,19,Neharu Nagar Water Tank,15.352369666666666,75.097318
H77,20,Arjun Vihar Cross,15.352898,75.09515475
H77,21,Kec,15.354208845640276,75.09142434264085
H77,22,B D K,15.3551535,75.08834350000001
H77,23,Airport,15.35598472333832,75.08580822603624
H77,24,K L E College,15.3545415,75.0830885
H77,25,Gokul Cross,15.354122,75.079631
H77,26,Anjaneya Nagar,15.353205500000001,75.07979950000001
H77,27,Gokul,15.351278,75.08083049999999
H77,28,Nanda Gokul,15.3489445,75.07912400000001
H77,29,Anjaney Temple,15.3484599767873,75.0817270347999
H77_2,1,Anjaney Temple,15.3484599767873,75.0817270347999
H77_2,2,Nanda Gokul,15.3489445,75.07912400000001
H77_2,3,Gokul,15.351278,75.08083049999999
H77_2,4,Anjaneya Nagar,15.353205500000001,75.07979950000001
H77_2,5,Gokul Cross,15.354122,75.079631
H77_2,6,K L E College,15.3545415,75.0830885
H77_2,7,Airport,15.35598472333832,75.08580822603624
H77_2,8,B D K,15.3551535,75.08834350000001
H77_2,9,Kec,15.354208845640276,75.09142434264085
H77_2,10,Arjun Vihar Cross,15.352898,75.09515475
H77_2,11,Neharu Nagar Water Tank,15.352369666666666,75.097318
H77_2,12,Silver Town Cross,15.351900535129566,75.09951371402751
H77_2,13,Manjunatha Nagar Cross,15.35160868216956,75.10187980363615
H77_2,14,Basaveshwara Nagar Cross,15.351390666666667,75.10335466666668
H77_2,15,Akshay Park,15.350715666666666,75.10896733333333
H77_2,16,2Nd Gate,15.350479,75.111707
H77_2,17,1St Gate,15.3506565,75.11479
H77_2,18,New Bus Stand-H,15.3505045,75.116761
H77_2,19,R.W.H,15.350926000000001,75.1188365
H77_2,20,Quarters,15.351182,75.1220395
H77_2,21,Bannigida,15.36244125,75.132926
H77_2,22,Hosur,15.354019,75.130184
H77_2,23,Obs Hbl,15.350879,75.137761
H77_2,24,Corporation-H,15.3514155,75.14188899999999
H77_2,25,Railway Station-H,15.352256816846449,75.1453905041761
H77_2,26,Chandrakala Talkies,15.349279164999999,75.145650835
H77_2,27,Ganesh Pet,15.34613833,75.14559333
H77_2,28,Cbt,15.3444674193908,75.14520201344315
H78,1,Kmc,15.361930349652999,75.13062759389733
H78,2,Kims,15.360851499999999,75.1268595
H78,3,Mahila Vidya Pith (Hosur Terminal),15.3570165,75.129171
H78,4,Hosur Cross,15.355021240701234,75.13037813474448
H78,5,Hubli Obs (Outside),15.351252,75.13632
H78,6,Mahalaxmi Complex (Noorani Market),15.3472,75.137158
H78,7,New English School-H,15.339079869999999,75.13709849
H78,8,Bankapur Chowk,15.335373115,75.14170128500001
H78,9,Sm Krishna Nagar,15.326497361041,75.137509424751
H78_2,1,Sm Krishna Nagar,15.326497361041,75.137509424751
H78_2,2,Bankapur Chowk,15.335373115,75.14170128500001
H78_2,3,New English School-H,15.339079869999999,75.13709849
H78_2,4,Mahalaxmi Complex (Noorani Market),15.3472,75.137158
H78_2,5,Hubli Obs (Inside),15.3506932154367,75.13637812934971
H78_2,6,Glass House,15.352517,75.133526
H78_2,7,Hosur Cross,15.355021240701234,75.13037813474448
H78_2,8,Mahila Vidya Pith (Hosur Terminal),15.3570165,75.129171
H78_2,9,Jg Commerce College,15.3590733525212,75.12783566749385
H78_2,10,Kims,15.360851499999999,75.1268595
H78_2,11,Kmc,15.361930349652999,75.13062759389733
H81,1,Venkatesh Nagar,15.345845,75.0994115
H81,2,Venkteshwara Temple-H,15.358057666666667,75.10993366666666
H81,3,Manjunatha Nagar,15.348510333333332,75.10315100000001
H81,4,Manjunatha Nagar Cross,15.35160868216956,75.10187980363615
H81,5,Basaveshwara Nagar Cross,15.351390666666667,75.10335466666668
H81,6,Akshay Park,15.350715666666666,75.10896733333333
H81,7,2Nd Gate,15.350479,75.111707
H81,8,1St Gate,15.3506565,75.11479
H81,9,New Bus Stand-H,15.3505045,75.116761
H81,10,Rwh,15.350895000000001,75.1188075
H81,11,Quarters,15.351182,75.1220395
H81,12,Bannigida,15.36244125,75.132926
H81,13,Hosur,15.354019,75.130184
H81,14,Hubli Obs (Outside),15.351252,75.13632
H81,15,Court,15.35244235,75.139162625
H81,16,Deshpande Nagar,15.356066776666665,75.13850422333333
H81,17,Rotary School,15.358081556666667,75.13616177666667
H81,18,Bailappanavar Nagar,15.361658,75.135269
H81,19,Pai Hotel,15.363137,75.134859
H81,20,Ganesh Temple/ Bridge,15.362004165,75.137006665
H81,21,Kaveri,15.364276499999999,75.135463
H81,22,Ashok Nagar,15.3653205,75.1365735
H81,23,Vijaya Hotel,15.366191,75.13798249999999
H81,24,Thirupathi Bajar,15.367727,75.13838999999999
H81,25,Lion School,15.369216665,75.138855835
H81,26,Miskin Stop,15.37043583,75.137550835
H81,27,Santhosh Nagar Cross,15.371133,75.136187
H81,28,Sub Jail,15.371469170000001,75.13425333
H81,29,Shani Dev Temple,15.37068583,75.133885835
H81,30,Old Employment Office (Vishweshwara Nagar)1,15.368805,75.13274333
H81,31,Gurudev Nagar,15.370411665,75.129690835
H81,32,Raj Nagar,15.37144917,75.12815333500001
H81_2,1,Raj Nagar,15.37144917,75.12815333500001
H81_2,2,Gurudev Nagar,15.370411665,75.129690835
H81_2,3,Old Employment Office (Vishweshwara Nagar)2,15.368805,75.13260667
H81_2,4,Shani Dev Temple,15.37068583,75.133885835
H81_2,5,Sub Jail,15.371469170000001,75.13425333
H81_2,6,Santhosh Nagar Cross,15.371133,75.136187
H81_2,7,Miskin Stop,15.37043583,75.137550835
H81_2,8,Lion School,15.369216665,75.138855835
H81_2,9,Thirupathi Bajar,15.367727,75.13838999999999
H81_2,10,Vijaya Hotel,15.366191,75.13798249999999
H81_2,11,Ashok Nagar,15.3653205,75.1365735
H81_2,12,Kaveri,15.364276499999999,75.135463
H81_2,13,Ganesh Temple/ Bridge,15.362004165,75.137006665
H81_2,14,Rotary School,15.358081556666667,75.13616177666667
H81_2,15,Deshpande Nagar,15.356066776666665,75.13850422333333
H81_2,16,Court,15.35244235,75.139162625
H81_2,17,Hubli Obs (Inside),15.3506932154367,75.13637812934971
H81_2,18,Glass House,15.352517,75.133526
H81_2,19,Hosur,15.354019,75.130184
H81_2,20,Bannigida,15.36244125,75.132926
H81_2,21,Quarters,15.351182,75.1220395
H81_2,22,Rwh,15.350895000000001,75.1188075
H81_2,23,New Bus Stand-H,15.3505045,75.116761
H81_2,24,1St Gate,15.3506565,75.11479
H81_2,25,2Nd Gate,15.350479,75.111707
H81_2,26,Akshay Park,15.350715666666666,75.10896733333333
H81_2,27,Basaveshwara Nagar Cross,15.351390666666667,75.10335466666668
H81_2,28,Manjunatha Nagar Cross,15.35160868216956,75.10187980363615
H81_2,29,Manjunatha Nagar,15.348510333333332,75.10315100000001
H81_2,30,Venkteshwara Temple-H,15.358057666666667,75.10993366666666
H81_2,31,Venkatesh Nagar,15.345845,75.0994115
H82,1,Sm Krishna Nagar,15.326497361041,75.137509424751
H82,2,Bankapur Chowk,15.335373115,75.14170128500001
H82,3,New English School-H,15.339079869999999,75.13709849
H82,4,Mahalaxmi Complex (Noorani Market),15.3472,75.137158
H82,5,Corporation-H,15.3514155,75.14188899999999
H82,6,Railway Station-H,15.352256816846449,75.1453905041761
H82,7,Cbt,15.3444674193908,75.14520201344315
H82_2,1,Cbt,15.3444674193908,75.14520201344315
H82_2,2,Railway Station-H,15.352256816846449,75.1453905041761
H82_2,3,Corporation-H,15.3514155,75.14188899999999
H82_2,4,Mahalaxmi Complex (Noorani Market),15.3472,75.137158
H82_2,5,New English School-H,15.339079869999999,75.13709849
H82_2,6,Bankapur Chowk,15.335373115,75.14170128500001
H82_2,7,Sm Krishna Nagar,15.326497361041,75.137509424751
H85,1,Tarihal Sh,15.354324,75.035666
H85,2,Rwewadihal Bdk,15.3439835,75.0426215
H85,3,Rwadihal,15.341932,75.04888
H85,4,Mile Stone,15.342654,75.064003
H85,5,Nanda Gokul,15.3489445,75.07912400000001
H85,6,Gokul Cross,15.354122,75.079631
H85,7,Airport,15.35598472333832,75.08580822603624
H85,8,Kec,15.354208845640276,75.09142434264085
H85,9,Neharu Nagar Water Tank,15.352369666666666,75.097318
H85,10,Manjunatha Nagar Cross,15.35160868216956,75.10187980363615
H85,11,Basaveshwara Nagar Cross,15.351390666666667,75.10335466666668
H85,12,Akshay Park,15.350715666666666,75.10896733333333
H85,13,New Bus Stand-H,15.3505045,75.116761
H85,14,Rwh,15.350895000000001,75.1188075
H85,15,Quarters,15.351182,75.1220395
H85,16,Hosur,15.354019,75.130184
H85,17,Hosur Corridor,15.35691,75.12888600000001
H85,18,Kmc Cross,15.360941839999999,75.126741675
H85,19,Kmc,15.361930349652999,75.13062759389733
H85_2,1,Kmc,15.361930349652999,75.13062759389733
H85_2,2,Kmc Cross,15.360941839999999,75.126741675
H85_2,3,Hosur Corridor,15.35691,75.12888600000001
H85_2,4,M M Joshi,15.352953,75.130029
H85_2,5,Quarters,15.351182,75.1220395
H85_2,6,Rwh,15.350895000000001,75.1188075
H85_2,7,New Bus Stand-H,15.3505045,75.116761
H85_2,8,Akshay Park,15.350715666666666,75.10896733333333
H85_2,9,Basaveshwara Nagar Cross,15.351390666666667,75.10335466666668
H85_2,10,Manjunatha Nagar Cross,15.35160868216956,75.10187980363615
H85_2,11,Neharu Nagar Water Tank,15.352369666666666,75.097318
H85_2,12,Kec,15.354208845640276,75.09142434264085
H85_2,13,Airport,15.35598472333832,75.08580822603624
H85_2,14,Gokul Cross,15.354122,75.079631
H85_2,15,Nanda Gokul,15.3489445,75.07912400000001
H85_2,16,Mile Stone,15.342654,75.064003
H85_2,17,Rwadihal,15.341932,75.04888
H85_2,18,Rwewadihal Bdk,15.3439835,75.0426215
H85_2,19,Tarihal Sh,15.354324,75.035666
H91,1,Gamanagatti,15.3805,75.0776575
H91,2,Kariyamma Temple-H,15.382396499999999,75.078817
H91,3,M M Joshi Park,15.384649,75.0796215
H91,4,City Park Cross,15.3864595,75.079775
H91,5,Shivanand Nagar,15.388482499999999,75.07968149999999
H91,6,Karnataka Circle,15.3905505,75.0796525
H91,7,Bsr Circle,15.392511333333333,75.08153766666668
H91,8,Cancer Hospital,15.395116333333334,75.08425199999999
H91,9,Cancer Hospital Nh,15.3961090821868,75.0841185042992
H91,10,Amargol Cross,15.3949125,75.0864165
H91,11,Apmc Gate,15.39422,75.090884
H91,12,Apmc,15.3932425,75.0938625
H91,13,Sana College,15.391110000000001,75.098792
H91,14,Darga,15.389607,75.101938
H91,15,Bairidevarakoppa,15.386625,75.10593645
H91,16,Fci Godown,15.383718850000001,75.10864355000001
H91,17,Srinagar Cross H2,15.381787,75.113218
H91,18,Unkal,15.3765645,75.113638
H91,19,Unkal Cross Nh,15.372741,75.117554
H91,20,Prerana College,15.3708185,75.1183415
H91,21,Vidya Nagar (Bvb College),15.367777499999999,75.121093
H91,22,Arts College,15.364881666666667,75.123965
H91,23,Kims,15.360851499999999,75.1268595
H91,24,Mahila Vidya Pith (Hosur Terminal),15.3570165,75.129171
H91_2,1,Mahila Vidya Pith (Hosur Terminal),15.3570165,75.129171
H91_2,2,Jg Commerce College,15.3590733525212,75.12783566749385
H91_2,3,Kmc Cross,15.360941839999999,75.126741675
H91_2,4,Gurudatta Bhavana,15.362709,75.1258055
H91_2,5,Arts College,15.364881666666667,75.123965
H91_2,6,Vidya Nagar (Bvb College),15.367777499999999,75.121093
H91_2,7,Prerana College,15.3708185,75.1183415
H91_2,8,Unkal Cross Nh -,15.372411,75.117464
H91_2,9,Unkal,15.3765645,75.113638
H91_2,10,Srinagar Cross H1,15.38187,75.112856
H91_2,11,Fci Godown,15.383718850000001,75.10864355000001
H91_2,12,Bairidevarakoppa,15.386625,75.10593645
H91_2,13,Darga,15.389607,75.101938
H91_2,14,Shantinikethana,15.390966,75.098717
H91_2,15,Apmc,15.3932425,75.0938625
H91_2,16,Apmc  3Rd Gate,15.393835895632,75.0907922101425
H91_2,17,Amargol Cross,15.3949125,75.0864165
H91_2,18,Cancer Hospital,15.395116333333334,75.08425199999999
H91_2,19,Bsr Circle,15.392511333333333,75.08153766666668
H91_2,20,Karnataka Circle,15.3905505,75.0796525
H91_2,21,Shivanand Nagar,15.388482499999999,75.07968149999999
H91_2,22,Kariyamma Temple-H,15.382396499999999,75.078817
H91_2,23,Gamanagatti,15.3805,75.0776575
H92,1,Pearl Layout,15.3709595330513,75.15927873794585
H92,2,Mid Max Cross,15.370602,75.15826000000001
H92,3,Adharsha School,15.369389,75.158469
H92,4,Shabari Nagar,15.367995,75.158729
H92,5,Shiradi Nagar Cross,15.366705,75.1589565
H92,6,Hdmc Zonal Office,15.366343,75.1571405
H92,7,Madhura Colony Cross,15.364459,75.1573595
H92,8,Banni Mahakali Temple,15.3632755,75.1551765
H92,9,Traffic Police Station,15.3621825,75.1524765
H92,10,Sbi Divisional Office,15.361267,75.15020849999999
H92,11,Keshwapur,15.3592285,75.1462065
H92,12,Gadag Rly Bridge,15.353161,75.147447
H92,13,Corporation-H,15.3514155,75.14188899999999
H92,14,Hubli Obs (Inside),15.3506932154367,75.13637812934971
H92,15,Glass House,15.352517,75.133526
H92,16,Hosur Cross,15.355021240701234,75.13037813474448
H92,17,Hosur (Canara Hotel),15.35544155,75.13006884
H92,18,Hosur Corridor,15.35691,75.12888600000001
H92,19,Jg Commerce College,15.3590733525212,75.12783566749385
H92,20,Kims,15.360851499999999,75.1268595
H92,21,Gurudatta Bhavana,15.362709,75.1258055
H92,22,Arts College,15.364881666666667,75.123965
H92,23,Shirur Park,15.36323175,75.12155025
H92,24,Shirur Park Bridge,15.362371,75.118909
H92,25,Ayyappa Swamy Temple,15.361648,75.116865
H92,26,Siddeshwara Park (Shirur Park 2Nd Stage),15.361253,75.115418
H92,27,Chethan College,15.360610999999999,75.111864
H92,28,Akshay Colony,15.360295666666666,75.10990166666666
H92_2,1,Akshay Colony,15.360295666666666,75.10990166666666
H92_2,2,Chethan College,15.360610999999999,75.111864
H92_2,3,Siddeshwara Park (Shirur Park 2Nd Stage),15.361253,75.115418
H92_2,4,Ayyappa Swamy Temple,15.361648,75.116865
H92_2,5,Shirur Park Bridge,15.362371,75.118909
H92_2,6,Shirur Park,15.36323175,75.12155025
H92_2,7,Arts College,15.364881666666667,75.123965
H92_2,8,Gurudatta Bhavana,15.362709,75.1258055
H92_2,9,Kims,15.360851499999999,75.1268595
H92_2,10,Hosur Corridor,15.35691,75.12888600000001
H92_2,11,Hosur,15.354019,75.130184
H92_2,12,Hubli Obs (Outside),15.351252,75.13632
H92_2,13,Corporation-H,15.3514155,75.14188899999999
H92_2,14,Gadag Rly Bridge,15.353161,75.147447
H92_2,15,Keshwapur,15.3592285,75.1462065
H92_2,16,Sbi Divisional Office,15.361267,75.15020849999999
H92_2,17,Traffic Police Station,15.3621825,75.1524765
H92_2,18,Banni Mahakali Temple,15.3632755,75.1551765
H92_2,19,Madhura Colony Cross,15.364459,75.1573595
H92_2,20,Hdmc Zonal Office,15.366343,75.1571405
H92_2,21,Shiradi Nagar Cross,15.366705,75.1589565
H92_2,22,Shabari Nagar,15.367995,75.158729
H92_2,23,Adharsha School,15.369389,75.158469
H92_2,24,Mid Max Cross,15.370602,75.15826000000001
H92_2,25,Pearl Layout,15.3709595330513,75.15927873794585
H97,1,Cbt,15.3444674193908,75.14520201344315
H97,2,Chandrakala Talkies,15.349279164999999,75.145650835
H97,3,Railway Station-H,15.352256816846449,75.1453905041761
H97,4,Corporation-H,15.3514155,75.14188899999999
H97,5,Hubli Obs (Inside),15.3506932154367,75.13637812934971
H97,6,Glass House,15.352517,75.133526
H97,7,Canara Hotel,15.355167,75.130184
H97,8,Hosur Corridor,15.35691,75.12888600000001
H97,9,Jg Commerce College,15.3590733525212,75.12783566749385
H97,10,Kmc Cross,15.360941839999999,75.126741675
H97,11,Gurudatta Bhavana,15.362709,75.1258055
H97,12,Arts College,15.364881666666667,75.123965
H97,13,Shirur Park,15.36323175,75.12155025
H97,14,Shirur Park Bridge,15.362371,75.118909
H97,15,Ayyappa Swamy Temple,15.361648,75.116865
H97,16,Siddeshwara Park (Shirur Park 2Nd Stage),15.361253,75.115418
H97,17,Siddheshwara Park Cross (Chetana College Cross),15.36164207250455,75.115315546282
H97,18,Bharati Nagar Cl,15.3625350107416,75.11508945607505
H97,19,Banashankari Extension,15.363427000000001,75.11477066666667
H97,20,Kalidas Nagar,15.3647895,75.114019
H97,21,Devi Nagar,15.3656405,75.113105
H97,22,Katti Mangalamma Temple,15.3693095,75.113074
H97,23,Mruthyunjaya Extension,15.36601,75.108345
H97,24,Durga Gudi,15.357231666666666,75.08218833333333
H97,25,Mahalakshmi Nagar,15.363352045725499,75.10487301695426
H97_2,1,Mahalakshmi Nagar,15.363352045725499,75.10487301695426
H97_2,2,Durga Gudi,15.357231666666666,75.08218833333333
H97_2,3,Rajeev Nagar,15.365726,75.106239
H97_2,4,Global College,15.367185,75.112775
H97_2,5,Katti Mangalamma Temple,15.3693095,75.113074
H97_2,6,Kalidas Nagar,15.3647895,75.114019
H97_2,7,Banashankari Extension,15.363427000000001,75.11477066666667
H97_2,8,Bharati Nagar Cl,15.3625350107416,75.11508945607505
H97_2,9,Siddheshwara Park Cross (Chetana College Cross),15.36164207250455,75.115315546282
H97_2,10,Siddeshwara Park (Shirur Park 2Nd Stage),15.361253,75.115418
H97_2,11,Ayyappa Swamy Temple,15.361648,75.116865
H97_2,12,Shirur Park,15.36323175,75.12155025
H97_2,13,Arts College,15.364881666666667,75.123965
H97_2,14,Gurudatta Bhavana,15.362709,75.1258055
H97_2,15,Kmc Cross,15.360941839999999,75.126741675
H97_2,16,Hosur Corridor,15.35691,75.12888600000001
H97_2,17,Hosur,15.354019,75.130184
H97_2,18,Hubli Obs (Outside),15.351252,75.13632
H97_2,19,Corporation-H,15.3514155,75.14188899999999
H97_2,20,Railway Station-H,15.352256816846449,75.1453905041761
H97_2,21,Chandrakala Talkies,15.349279164999999,75.145650835
H97_2,22,Ganesh Pet,15.34613833,75.14559333
H97_2,23,Cbt,15.3444674193908,75.14520201344315
M154,1,Hosur Terminal,15.3570921772309,75.12880797876
M154,2,Hosur Corridor1,15.3571998809253,75.1291920046025
M154,3,Hosur Terminal,15.3570921772309,75.12880797876
M184,1,Hosur Terminal,15.3570921772309,75.12880797876
M184,2,Jg Commerce College,15.3590733525212,75.12783566749385
M184,3,Hosur Corridor,15.35691,75.12888600000001
M184,4,Hosur Terminal,15.3570921772309,75.12880797876
M193,1,Hosur Terminal,15.3570921772309,75.12880797876
M193,2,Hosur Corridor1,15.3571998809253,75.1291920046025
M193,3,Hosur Corridor,15.35691,75.12888600000001
M193,4,Hosur Terminal,15.3570921772309,75.12880797876
M198,1,Hosur Terminal,15.3570921772309,75.12880797876
M198,2,Hosur Corridor1,15.3571998809253,75.1291920046025
M198,3,Hosur,15.354019,75.130184
M198,4,Hosur Terminal,15.3570921772309,75.12880797876
MNT,1,Hosur Terminal,15.3570921772309,75.12880797876
MNT,2,Hosur,15.354019,75.130184
MNT,3,Hosur Terminal,15.3570921772309,75.12880797876
SD11,1,Dwr Sd,15.45985814417835,75.0105258745456
SD11,2,Old Dsp,15.462787500000001,75.0035225
SD11,3,Usukin Adda,15.467334000000001,75.012193
SD11,4,Kamlapur,15.471343000000001,75.01154650000001
SD11,5,Kamlapur School,15.474197,75.0114825
SD11,6,Pathra Appajan Mata,15.487404999999999,75.00912600000001
SD11,7,Hadi Basavnna Gudi,15.494327,75.00730949999999
SD11,8,Bridge Sd,15.4970625,75.0063945
SD11,9,Adivappvan Bavi,15.501148,75.00587150000001
SD11,10,Sindhi Gida,15.509633000000001,75.003783
SD11,11,Dasan Koppa Cross Sd,15.521677,74.999345
SD11,12,Lakmapur,15.531276,74.9972335
SD11_2,1,Lakmapur,15.531276,74.9972335
SD11_2,2,Dasan Koppa Cross Sd,15.521677,74.999345
SD11_2,3,Sindhi Gida,15.509633000000001,75.003783
SD11_2,4,Adivappvan Bavi,15.501148,75.00587150000001
SD11_2,5,Bridge Sd,15.4970625,75.0063945
SD11_2,6,Hadi Basavnna Gudi,15.494327,75.00730949999999
SD11_2,7,Pathra Appajan Mata,15.487404999999999,75.00912600000001
SD11_2,8,Kamlapur School,15.474197,75.0114825
SD11_2,9,Kamlapur,15.471343000000001,75.01154650000001
SD11_2,10,Usukin Adda,15.467334000000001,75.012193
SD11_2,11,Raman Gouda Haspital,15.466287,75.008106
SD11_2,12,Old Sp Office Sd,15.462823,75.0038435
SD11_2,13,Corporation-D,15.4603805,75.00877600000001
SD11_2,14,Dwr Sd,15.45985814417835,75.0105258745456
SD12,1,Dwr Sd,15.45985814417835,75.0105258745456
SD12,2,Old Dsp,15.462787500000001,75.0035225
SD12,3,Usukin Adda,15.467334000000001,75.012193
SD12,4,Kamlapur,15.471343000000001,75.01154650000001
SD12,5,Kamlapur School,15.474197,75.0114825
SD12,6,Pathra Appajan Mata,15.487404999999999,75.00912600000001
SD12,7,Hadi Basavnna Gudi,15.494327,75.00730949999999
SD12,8,Bridge Sd,15.4970625,75.0063945
SD12,9,Adivappvan Bavi,15.501148,75.00587150000001
SD12,10,Sindhi Gida,15.509633000000001,75.003783
SD12,11,Dasan Koppa Cross Sd,15.521677,74.999345
SD12,12,Lakmapur,15.531276,74.9972335
SD12,13,Yadwad,15.559601,74.9969695
SD26,1,Kalkeri,15.415128,74.881698
SD26,2,Kyari Koppa Cross,15.4174405,74.8973295
SD26,3,Kasa Malgi Cross,15.430171999999999,74.898989
SD26,4,Mugad Koli Form,15.434091500000001,74.90550300000001
SD26,5,Mugad 4Th Stop,15.4402555,74.9089265
SD26,6,Harijan Keri,15.441628,74.908342
SD26,7,Mugad 2Nd Stop,15.4439045,74.909606
SD26,8,Mugad 1St Stop,15.444334,74.9128905
SD26,9,Mugad  Plot,15.448652,74.913712
SD26,10,Mugad Cross,15.450475,74.91525250000001
SD26,11,Damber Factory,15.451937999999998,74.9205325
SD26,12,Daddhi Kamlapur,15.4567225,74.927506
SD26,13,Kamlapur Koli Form,15.4558185,74.933457
SD26,14,Toll Gate Sd,15.4570115,74.9386015
SD26,15,Kelageri Anjaneya Nagar,15.460178,74.962609
SD26,16,Kamaleshwara Temple,15.4624495,74.97056599999999
SD26,17,Paper Mill,15.463518508119801,74.97519911226846
SD26,18,Sampige Nagar,15.463796749188749,74.97989343402119
SD26,19,Sadhankeri,15.462976333333332,74.98642266666667
SD26,20,German Hospital,15.464104333333333,74.99517266666668
SD26,21,Mental Hospital,15.464470333333333,74.99838466666667
SD26,22,K C Park,15.46369,75.001007
SD26,23,Old Sp Office,15.4628345,75.003431
SD26,24,Corporation-D,15.4603805,75.00877600000001
SD26,25,Dwr Sd,15.45985814417835,75.0105258745456
SD26_2,1,Dwr Sd,15.45985814417835,75.0105258745456
SD26_2,2,Oswal Sd,15.459392,75.007347
SD26_2,3,Old Sp Office,15.4628345,75.003431
SD26_2,4,K C Park,15.46369,75.001007
SD26_2,5,Mental Hospital,15.464470333333333,74.99838466666667
SD26_2,6,German Hospital,15.464104333333333,74.99517266666668
SD26_2,7,Sadhankeri,15.462976333333332,74.98642266666667
SD26_2,8,Sampige Nagar,15.463796749188749,74.97989343402119
SD26_2,9,Paper Mill,15.463518508119801,74.97519911226846
SD26_2,10,Kamaleshwara Temple,15.4624495,74.97056599999999
SD26_2,11,Kelgeri Hp Pump,15.460099,74.962205
SD26_2,12,Railway Gate Sd,15.458858,74.948171
SD26_2,13,Toll Gate Sd,15.4570115,74.9386015
SD26_2,14,Kamlapur Koli Form,15.4558185,74.933457
SD26_2,15,Daddhi Kamlapur,15.4567225,74.927506
SD26_2,16,Damber Factory,15.451937999999998,74.9205325
SD26_2,17,Mugad Cross,15.450475,74.91525250000001
SD26_2,18,Mugad  Plot,15.448652,74.913712
SD26_2,19,Mugad 1St Stop,15.444334,74.9128905
SD26_2,20,Mugad 2Nd Stop,15.4439045,74.909606
SD26_2,21,Harijan Keri,15.441628,74.908342
SD26_2,22,Mugad 4Th Stop,15.4402555,74.9089265
SD26_2,23,Mugad Koli Form,15.434091500000001,74.90550300000001
SD26_2,24,Kasa Malgi Cross,15.430171999999999,74.898989
SD26_2,25,Kyari Koppa Cross,15.4174405,74.8973295
SD26_2,26,Kalkeri,15.415128,74.881698
SD36,1,Dwr Sd,15.45985814417835,75.0105258745456
SD36,2,Oswal Sd,15.459392,75.007347
SD36,3,Old Sp Office,15.4628345,75.003431
SD36,4,Dharwad Akashwani,15.459020500000001,74.9976655
SD36,5,Dasanakoppa Cross,15.455907666666667,74.99328266666667
SD36,6,Shivalaya,15.44655,74.9803685
SD36,7,Nehru Nagar Cross,15.4448185,74.9763125
SD36,8,Hallyal Railway Gate,15.4423455,74.973352
SD36,9,Hoysala Nagar,15.438222,74.9695035
SD36,10,Agro Nagar,15.428327,74.9643235
SD36,11,Borewell,15.4246885,74.964749
SD36,12,Mansur Cross,15.41935825,74.96448025000001
SD36,13,Salakin Koppa Cross,15.41204835,74.95966475
SD36,14,Anand Ashram,15.410335499999999,74.956047
SD36,15,Baad Dhaba,15.405649,74.9508405
SD36,16,Baad Cross,15.403112583765425,74.94860651311384
SD36,17,Baad,15.4099285,74.9458475
SD36,18,Baad Keri,15.411155,74.9467305
SD36,19,Baad Govt School,15.413066,74.9446655
SD36,20,Mallur,15.4156,74.924308
SD36_2,1,Mallur,15.4156,74.924308
SD36_2,2,Baad Govt School,15.413066,74.9446655
SD36_2,3,Baad Keri,15.411155,74.9467305
SD36_2,4,Baad,15.4099285,74.9458475
SD36_2,5,Baad Cross,15.403112583765425,74.94860651311384
SD36_2,6,Baad Dhaba,15.405649,74.9508405
SD36_2,7,Anand Ashram,15.410335499999999,74.956047
SD36_2,8,Salakin Koppa Cross,15.41204835,74.95966475
SD36_2,9,Mansur Cross,15.41935825,74.96448025000001
SD36_2,10,Borewell,15.4246885,74.964749
SD36_2,11,Agro Nagar,15.428327,74.9643235
SD36_2,12,Hoysala Nagar,15.438222,74.9695035
SD36_2,13,Hallyal Railway Gate,15.4423455,74.973352
SD36_2,14,Nehru Nagar Cross,15.4448185,74.9763125
SD36_2,15,Ics College,15.445704,74.9780885
SD36_2,16,Shivalaya,15.44655,74.9803685
SD36_2,17,Servomangala,15.449470999999999,74.988468
SD36_2,18,Dasanakoppa,15.4558755,74.99330499999999
SD36_2,19,Dharwad Akashwani,15.459020500000001,74.9976655
SD36_2,20,Old Sp Office Sd,15.462823,75.0038435
SD36_2,21,Corporation-D,15.4603805,75.00877600000001
SD36_2,22,Dwr Sd,15.45985814417835,75.0105258745456
EXTRA_629,1,Mallur,15.4156,74.924308
EXTRA_629,2,Baad Govt School,15.413066,74.9446655
EXTRA_629,3,Baad Keri,15.411155,74.9467305
EXTRA_629,4,Baad,15.4099285,74.9458475
EXTRA_629,5,Baad Cross,15.403112583765425,74.94860651311384
EXTRA_629,6,Baad Dhaba,15.405649,74.9508405
EXTRA_629,7,Anand Ashram,15.410335499999999,74.956047
EXTRA_629,8,Salakin Koppa Cross,15.41204835,74.95966475
EXTRA_629,9,Mansur Cross,15.41935825,74.96448025000001
EXTRA_629,10,Borewell,15.4246885,74.964749
EXTRA_629,11,Agro Nagar,15.428327,74.9643235
EXTRA_629,12,Hoysala Nagar,15.438222,74.9695035
EXTRA_629,13,Hallyal Railway Gate,15.4423455,74.973352
EXTRA_629,14,Nehru Nagar Cross,15.4448185,74.9763125
EXTRA_629,15,Ics College,15.445704,74.9780885
EXTRA_629,16,Shivalaya,15.44655,74.9803685
EXTRA_629,17,Servomangala,15.449470999999999,74.988468
EXTRA_629,18,Dasanakoppa,15.4558755,74.99330499999999
EXTRA_629,19,Dharwad Akashwani,15.459020500000001,74.9976655
EXTRA_629,20,Old Sp Office Sd,15.462823,75.0038435
EXTRA_629,21,Corporation-D,15.4603805,75.00877600000001
EXTRA_629,22,Dwr Sd,15.45985814417835,75.0105258745456
