bus_no,route_name,stops_name_between_route
01,Rajeev Nagar ⇆ CBT,Cbt → Chandrakala Talkies → Railway Station-H → Corporation-H → Hubli Obs (Inside) → Glass House → Hosur → Bannigida → Quarters → R.W.H → New Bus Stand-H → 1St Gate → 2Nd Gate → Akshay Park → Ravi Nagar → Ravi Nagar 2Nd Stop → Ravi Nagar 3Rd Stop → Lakshmi Nagar → Lakshmi Nagar Cross → Akshay Colony → Rajeev Nagar Cross → Mruthyunjaya Extension → Rajeev Nagar
01R,Rajeev Nagar ⇆ Cbt,Rajeev Nagar → Mruthyunjaya Extension → Rajeev Nagar Cross → Akshay Colony → Lakshmi Nagar Cross → Lakshmi Nagar → Ravi Nagar 3Rd Stop → Ravi Nagar 2Nd Stop → Ravi Nagar → Akshay Park → 2Nd Gate → 1St Gate → New Bus Stand-H → R.W.H → Quarters → Bannigida → Hosur → Glass House → Hubli Obs (Inside) → Corporation-H → Railway Station-H → Chandrakala Talkies → Cbt
100,Betdur ⇆ Hosur Terminal,Betdur → Betdur 1St Stop → Betdur Govt School → Water Tank B → Cbm Oil Mill → Basaveshwar Nagar → Sharevada → Sharevada Cross → Noolvi Cross → Noolvi Arogya Kendra → Adhurgunchi College → Adhurgunchi Plot → Adhurgunchi → Adhurgunchi Doddappana Gudi → Kotgunsi → Kundagol Cross → Gabbur Sh → Bidnal Cross Sh → Bankapur Chowk → New English School Sh → Murusavira Matta Cross Sh → Obs Sh → Hosur Terminal
100R,Hosur Terminal ⇆ Betdur,Hosur Terminal → Obs Sh → Murusavira Matta Cross Sh → New English School Sh → Bankapur Chowk → Bidnal Cross Sh → Gabbur Sh → Kundagol Cross → Kotgunsi → Adhurgunchi Doddappana Gudi → Adhurgunchi → Adhurgunchi Plot → Adhurgunchi College → Noolvi Arogya Kendra → Noolvi Cross → Sharevada Cross → Sharevada → Basaveshwar Nagar → Cbm Oil Mill → Water Tank B → Betdur Govt School → Betdur 1St Stop → Betdur
100,Betdur ⇆ Hosur Terminal,Hosur Terminal → Obs Sh → Murusavira Matta Cross Sh → New English School Sh → Bankapur Chouk Sh → Bidnal Cross Sh → Gabbur Sh → Kundagol Cross → Kotgunsi → Adhurgunchi Doddappana Gudi → Adhurgunchi → Adhurgunchi Plot → Adhurgunchi College → Noolvi Arogya Kendra → Noolvi Cross → Sharevada Cross → Sharevada → Basaveshwar Nagar → Cbm Oil Mill → Water Tank B → Betdur Govt School → Betdur 1St Stop → Betdur
100R,Betdur ⇆ Hosur Terminal,Betdur → Betdur 1St Stop → Betdur Govt School → Water Tank B → Cbm Oil Mill → Basaveshwar Nagar → Sharevada → Sharevada Cross → Noolvi Cross → Noolvi Arogya Kendra → Adhurgunchi College → Adhurgunchi Plot → Adhurgunchi → Adhurgunchi Doddappana Gudi → Kotgunsi → Kundagol Cross → Gabbur Sh → Bidnal Cross Sh → Bankapur Chouk Sh → New English School Sh → Murusavira Matta Cross Sh → Obs Sh → Hosur Terminal
1001,New Boys Hostel ⇆ CBT-D,Cbt-D → Jubilee Circle → Lic → Kcd → Nayadu Girini → Saptapura → Jaya Nagar Cross → Sarwamangala Hospital → Parisara Bhavan → Srinagar → Womens Hostel → Girls Hostel → Sports Ground → Pavate Nagar → New Boys Hostel
1001R,New Boys Hostel ⇆ Cbt-D,New Boys Hostel → Pavate Nagar → Sports Ground → Girls Hostel → Womens Hostel → Srinagar → Parisara Bhavan → Sarwamangala Hospital → Jaya Nagar Cross → Saptapura → Nayadu Girini → Kcd → Lic → Jubilee Circle → Cbt-D
1001,New Boys Hostel ⇆ CBT-D,New Boys Hostel → Pavate Nagar → Sports Ground → Working Womens Hostel → Womens Hostel → Srinagar → Parisara Bhavan → Sarwamangala Hospital → Jaya Nagar Cross → Saptapura → K C D → Lic → Jubilee Circle → Anjuman Circle → Cbt-D
1001R,Cbt-D ⇆ New Boys Hostel,Cbt-D → Anjuman Circle → Jubilee Circle → Lic → K C D → Saptapura → Jaya Nagar Cross → Sarwamangala Hospital → Parisara Bhavan → Srinagar → Womens Hostel → Working Womens Hostel → Sports Ground → Pavate Nagar → New Boys Hostel
1002,CBT-D ⇆ Shivagiri,Cbt-D → Jubilee Circle → Lic → Kcd → Nayadu Girini → Saptapura → Vivekananda Circle → Michigan Compound → Galagali Hospital → Bakery Stop → Manjunatha Colony → Shivagiri
1002R,Shivagiri ⇆ Cbt-D,Shivagiri → Manjunatha Colony → Bakery Stop → Galagali Hospital → Michigan Compound → Vivekananda Circle → Saptapura → Nayadu Girini → Kcd → Lic → Jubilee Circle → Cbt-D
1002,CBT-D ⇆ Shivagiri,Shivagiri → Manjunatha Colony → Bakery Stop → Galagali Hospital → Masjid → Jaya Nagar D → Patil Nursery → Vivekananda Circle → Saptapura → Naidu Girini → K C D → Lic → Jubilee Circle → Cbt-D
1002R,Cbt-D ⇆ Shivagiri,Cbt-D → Jubilee Circle → Lic → K C D → Naidu Girini → Saptapura → Vivekananda Circle → Patil Nursery → Jaya Nagar D → Masjid → Galagali Hospital → Bakery Stop → Manjunatha Colony → Shivagiri
1005,DWR SD ⇆ New Bus Stand-D,Dwr Sd → Jubilee Circle → Old Sp Office → K C Park → Mental Hospital → New Sp Office → New Bus Stand-D
1005R,New Bus Stand-D ⇆ Dwr Sd,New Bus Stand-D → New Sp Office → Mental Hospital → K C Park → Old Sp Office → Jubilee Circle → Dwr Sd
1005,DWR SD ⇆ New Bus Stand-D,New Bus Stand-D → New Sp Office → Mental Hospital → K C Park → Old Sp Office → Jubilee Circle → Dwr Sd
1005R,Dwr Sd ⇆ New Bus Stand-D,Dwr Sd → Jubilee Circle → Old Sp Office → K C Park → Mental Hospital → New Sp Office → New Bus Stand-D
1006,CBT-D ⇆ Banashri Nagar,Cbt-D → Jubilee Circle → Old Sp Office → K C Park → Mental Hospital → New Sp Office → New Bus Stand-D → Kvg Bank → Gtc → Gtc Cross Sd → Bgs School → Bendre Nagar → Banashri Nagar
1006R,Banashri Nagar ⇆ Cbt-D,Banashri Nagar → Bendre Nagar → Bgs School → Gtc Cross Sd → Gtc → Kvg Bank → New Bus Stand-D → New Sp Office → Mental Hospital → K C Park → Old Sp Office → Jubilee Circle → Cbt-D
1006,CBT-D ⇆ Banashri Nagar,Banashri Nagar → Bendre Nagar → Bgs School → Gtc Cross Sd → Gtc → Kvg Bank → New Bus Stand-D → New Sp Office → Mental Hospital → K C Park → Old Sp Office → Corporation-D → Cbt-D
1006R,Cbt-D ⇆ Banashri Nagar,Cbt-D → Corporation-D → Old Sp Office → K C Park → Mental Hospital → New Sp Office → New Bus Stand-D → Kvg Bank → Gtc → Gtc Cross Sd → Bgs School → Bendre Nagar → Banashri Nagar
1008,Yattin Gudda ⇆ CBT-D,Cbt-D → Jubilee Circle → Old Sp Office → K C Park → Mental Hospital → New Sp Office → New Bus Stand-D → Kvg Bank → J D Office → Gtc → Pepsi Factory → Dairy → Yattin Gudda Cross → Agri University Gate → Admission Office → Agri College → Yattin Gudda
1008R,Yattin Gudda ⇆ Cbt-D,Yattin Gudda → Agri College → Admission Office → Agri University Gate → Yattin Gudda Cross → Dairy → Pepsi Factory → Gtc → J D Office → Kvg Bank → New Bus Stand-D → New Sp Office → Mental Hospital → K C Park → Old Sp Office → Jubilee Circle → Cbt-D
1008,Yattin Gudda ⇆ CBT-D,Yattin Gudda → Agri College → Admission Office → Agri University Gate → Yattin Gudda Cross → Dairy → Pepsi Factory → Gtc → J D Office → Kvg Bank → New Bus Stand-D → New Sp Office → Mental Hospital → K C Park → Old Sp Office → Jubilee Circle → Cbt-D
1008R,Cbt-D ⇆ Yattin Gudda,Cbt-D → Jubilee Circle → Old Sp Office → K C Park → Mental Hospital → New Sp Office → New Bus Stand-D → Kvg Bank → J D Office → Gtc → Pepsi Factory → Dairy → Yattin Gudda Cross → Agri University Gate → Admission Office → Agri College → Yattin Gudda
1009,Railway Station-D ⇆ Madihal,Madihal → Siddharama Colony → Joshi Hall → Chidambar Seva Samiti → Murusavira Matta D → Depot Circle → Haveripete → Shivaji Circle → Cbt-D → Jubilee Circle → Court Circle → Head Post Office → Yammikeri → K E Board → Railway Station-D
1009R,Railway Station-D ⇆ Madihal,Railway Station-D → K E Board → Yammikeri → Head Post Office → Court Circle → Jubilee Circle → Cbt-D → Shivaji Circle → Haveripete → Depot Circle → Murusavira Matta D → Chidambar Seva Samiti → Joshi Hall → Siddharama Colony → Madihal
1009,Railway Station-D ⇆ Madihal,Railway Station-D → Rms → Yammikeri → Brindhavan → Kalabhawan → Cbt-D → Shivaji Circle → Haveripete → Depot Circle → Murusavira Matta D → Chidambar Seva Samiti → Joshi Hall → Siddharama Colony → Madihal
1009R,Madihal ⇆ Railway Station-D,Madihal → Siddharama Colony → Joshi Hall → Chidambar Seva Samiti → Murusavira Matta D → Depot Circle → Haveripete → Shivaji Circle → Cbt-D → Kalabhawan → Brindhavan → Yammikeri → Rms → Railway Station-D
100B,Dharwad BRTS Terminal - DH ⇆ Railway Station - DH,Dharwad Brts Terminal - Dh → Jubilee Circle - Dh → Court Circle - Dh → Nttf - Dh → Toll Naka - Dh → Gandhi Nagar - Dh → Sdm Medical College - Dh → Navanagar - Dh → Kims - Dh → Hosur Regional Terminal - Dh → Hosur Cross - Dh → Hubballi Central Bus Terminal - Dh → Hdmc - Dh → Dr B R Ambedkar Circle - Dh → Railway Station - Dh
100BR,Railway Station - Dh ⇆ Dharwad Brts Terminal - Dh,Railway Station - Dh → Dr B R Ambedkar Circle - Dh → Hdmc - Dh → Hubballi Central Bus Terminal - Dh → Hosur Cross - Dh → Hosur Regional Terminal - Dh → Kims - Dh → Navanagar - Dh → Sdm Medical College - Dh → Gandhi Nagar - Dh → Toll Naka - Dh → Nttf - Dh → Court Circle - Dh → Jubilee Circle - Dh → Dharwad Brts Terminal - Dh
100B,Railway Station - HD ⇆ Dharwad BRTS Terminal - HD,Railway Station - Hd → Dr B R Ambedkar Circle 1 - Hd → Hdmc - Hd → Hubballi Central Bus Terminal - Hd → Hosur Cross - Hd → Hosur Regional Terminal - Hd → Kims - Hd → Navanagar - Hd → Sdm Medical College - Hd → Gandhi Nagar - Hd → Toll Naka - Hd → Nttf - Hd → Court Circle - Hd → Jubilee Circle - Hd → Dharwad Brts Terminal - Hd
100BR,Dharwad Brts Terminal - Hd ⇆ Railway Station - Hd,Dharwad Brts Terminal - Hd → Jubilee Circle - Hd → Court Circle - Hd → Nttf - Hd → Toll Naka - Hd → Gandhi Nagar - Hd → Sdm Medical College - Hd → Navanagar - Hd → Kims - Hd → Hosur Regional Terminal - Hd → Hosur Cross - Hd → Hubballi Central Bus Terminal - Hd → Hdmc - Hd → Dr B R Ambedkar Circle 1 - Hd → Railway Station - Hd
101,Hosur Terminal ⇆ Bommasamudra,Bommasamudra → Bommasamudra 1St Stop → Bommasamudra Cross → Belgali → Belgali Govt School → Monkey Factory → Noolvi Cross → Noolvi → Adhurgunchi → Budurshingi → Kundagol Cross → Gabbur Sh → Bidnal Cross Sh → Bankapur Chouk Sh → New English School Sh → Murusavira Matta Cross Sh → Obs Sh → Hosur Terminal
101R,Hosur Terminal ⇆ Bommasamudra,Hosur Terminal → Obs Sh → Murusavira Matta Cross Sh → New English School Sh → Bankapur Chouk Sh → Bidnal Cross Sh → Gabbur Sh → Kundagol Cross → Budurshingi → Adhurgunchi → Noolvi → Noolvi Cross → Monkey Factory → Belgali Govt School → Belgali → Bommasamudra Cross → Bommasamudra 1St Stop → Bommasamudra
101,Hosur Terminal ⇆ Bommasamudra,Hosur Terminal → Obs Sh → Murusavira Matta Cross Sh → New English School Sh → Bankapur Chouk Sh → Bidnal Cross Sh → Gabbur Sh → Kundagol Cross → Budurshingi → Adhurgunchi → Noolvi → Noolvi Cross → Monkey Factory → Belgali Govt School → Belgali → Bommasamudra Cross → Bommasamudra 1St Stop → Bommasamudra
101R,Bommasamudra ⇆ Hosur Terminal,Bommasamudra → Bommasamudra 1St Stop → Bommasamudra Cross → Belgali → Belgali Govt School → Monkey Factory → Noolvi Cross → Noolvi → Adhurgunchi → Budurshingi → Kundagol Cross → Gabbur Sh → Bidnal Cross Sh → Bankapur Chouk Sh → New English School Sh → Murusavira Matta Cross Sh → Obs Sh → Hosur Terminal
1010,Railway Station-D ⇆ Taj Nagar D,Taj Nagar D → Hashmi Nagar → Malapura → Goudar Oni → Masjid → Ramana Gouda Cross → Shivaji Circle → Cbt-D → Court Circle → Yammikeri → Railway Station-D
1010R,Railway Station-D ⇆ Taj Nagar D,Railway Station-D → Yammikeri → Court Circle → Cbt-D → Shivaji Circle → Ramana Gouda Cross → Masjid → Goudar Oni → Malapura → Hashmi Nagar → Taj Nagar D
1010,Railway Station-D ⇆ Taj Nagar D,Railway Station-D → Yammikeri → Court Circle → Cbt-D → Shivaji Circle → Ganapathi Gudi → Ramana Gouda Cross → Masjid → Goudar Oni → Malapura → Hashmi Nagar → Taj Nagar D
1010R,Taj Nagar D ⇆ Railway Station-D,Taj Nagar D → Hashmi Nagar → Malapura → Goudar Oni → Masjid → Ramana Gouda Cross → Ganapathi Gudi → Shivaji Circle → Cbt-D → Court Circle → Yammikeri → Railway Station-D
1012,Taj Nagar D ⇆ CBT-D,Cbt-D → Shivaji Circle → Ganapathi Gudi → Ramana Gouda Cross → Masjid → Goudar Oni → Malapura → Hashmi Nagar → Taj Nagar D
1012R,Taj Nagar D ⇆ Cbt-D,Taj Nagar D → Hashmi Nagar → Malapura → Goudar Oni → Masjid → Ramana Gouda Cross → Ganapathi Gudi → Shivaji Circle → Cbt-D
1012,Taj Nagar D ⇆ CBT-D,Taj Nagar D → Hashmi Nagar → Malapura → Goudar Oni → Masjid → Ramana Gouda Cross → Shivaji Circle → Cbt-D
1012R,Cbt-D ⇆ Taj Nagar D,Cbt-D → Shivaji Circle → Ramana Gouda Cross → Masjid → Goudar Oni → Malapura → Hashmi Nagar → Taj Nagar D
1013,CBT-D ⇆ Nehru Nagar,Cbt-D → Jubilee Circle → Lic → Kcd → Nayadu Girini → Saptapura → Jaya Nagar Cross → Sarwamangala Hospital → Parisara Bhavan → Srinagar Cross → Shivalaya → Ics College → Nehru Nagar Cross → Neharu Nagar 1St Stop → Nehru Nagar
1013R,Nehru Nagar ⇆ Cbt-D,Nehru Nagar → Neharu Nagar 1St Stop → Nehru Nagar Cross → Ics College → Shivalaya → Srinagar Cross → Parisara Bhavan → Sarwamangala Hospital → Jaya Nagar Cross → Saptapura → Nayadu Girini → Kcd → Lic → Jubilee Circle → Cbt-D
1013,Neharu Nagar ⇆ CBT-D,Neharu Nagar → Neharu Nagar 1St Stop → Nehru Nagar Cross → Ics College → Shivalaya → Srinagar → Parisara Bhavan → Sarwamangala Hospital → Jaya Nagar Cross → Saptapura → K C D → Lic → Jubilee Circle → Anjuman Circle → Cbt-D
1013R,Cbt-D ⇆ Neharu Nagar,Cbt-D → Anjuman Circle → Jubilee Circle → Lic → K C D → Saptapura → Jaya Nagar Cross → Sarwamangala Hospital → Parisara Bhavan → Srinagar → Shivalaya → Ics College → Nehru Nagar Cross → Neharu Nagar 1St Stop → Neharu Nagar
1014,CBT-D ⇆ Pavate Nagar,Cbt-D → Jubilee Circle → Lic → Kcd → Nayadu Girini → Saptapura → Jaya Nagar Cross → Sarwamangala Hospital → Parisara Bhavan → Srinagar → Womens Hostel → Girls Hostel → Pavate Nagar
1014R,Pavate Nagar ⇆ Cbt-D,Pavate Nagar → Girls Hostel → Womens Hostel → Srinagar → Parisara Bhavan → Sarwamangala Hospital → Jaya Nagar Cross → Saptapura → Nayadu Girini → Kcd → Lic → Jubilee Circle → Cbt-D
1014,CBT-D ⇆ Pavate Nagar,Pavate Nagar → Working Womens Hostel → Womens Hostel → Srinagar → Parisara Bhavan → Sarwamangala Hospital → Jaya Nagar Cross → Saptapura → K C D → Lic → Jubilee Circle → Anjuman Circle → Cbt-D
1014R,Cbt-D ⇆ Pavate Nagar,Cbt-D → Anjuman Circle → Jubilee Circle → Lic → K C D → Saptapura → Jaya Nagar Cross → Sarwamangala Hospital → Parisara Bhavan → Srinagar → Womens Hostel → Working Womens Hostel → Pavate Nagar
1015,CBT-D ⇆ Radhakrishna Nagar,Cbt-D → Jubilee Circle → Lic → Kcd → Nayadu Girini → Saptapura → Michigan Compound → Galagali Hospital → Sarwamangala Hospital → Parisara Bhavan → Srinagar Cross → Shivalaya → Radhakrishna Nagar
1015R,Radhakrishna Nagar ⇆ Cbt-D,Radhakrishna Nagar → Shivalaya → Srinagar Cross → Parisara Bhavan → Sarwamangala Hospital → Galagali Hospital → Michigan Compound → Saptapura → Nayadu Girini → Kcd → Lic → Jubilee Circle → Cbt-D
1015,CBT-D ⇆ Radhakrishna Nagar,Radhakrishna Nagar → Srinagar → Parisara Bhavan → Sarwamangala Hospital → Galagali Hospital → Michigan Compound → Saptapura → Naidu Girini → K C D → Lic → Jubilee Circle → Cbt-D
1015R,Cbt-D ⇆ Radhakrishna Nagar,Cbt-D → Jubilee Circle → Lic → K C D → Naidu Girini → Saptapura → Michigan Compound → Galagali Hospital → Sarwamangala Hospital → Parisara Bhavan → Srinagar → Radhakrishna Nagar
1016,Sai Nagar-D ⇆ CBT-D,Cbt-D → Jubilee Circle → Lic → Kcd → Nayadu Girini → Saptapura → Saptapura School → Shripadha Nagar → Sai Nagar 1St Stop → Sai Nagar-D
1016R,Sai Nagar-D ⇆ Cbt-D,Sai Nagar-D → Sai Nagar 1St Stop → Shripadha Nagar → Saptapura School → Saptapura → Nayadu Girini → Kcd → Lic → Jubilee Circle → Cbt-D
1016,Sai Nagar-D ⇆ CBT-D,Sai Nagar-D → Sai Nagar 1St Stop → Shripadha Nagar → Shripada Nagar Cross → Saptapura School → Saptapura → K C D → Lic → Jubilee Circle → Cbt-D
1016R,Cbt-D ⇆ Sai Nagar-D,Cbt-D → Jubilee Circle → Lic → K C D → Saptapura → Saptapura School → Shripada Nagar Cross → Shripadha Nagar → Sai Nagar 1St Stop → Sai Nagar-D
1017,CBT-D ⇆ Kalyan Nagar,Cbt-D → Jubilee Circle → Court Circle → Brindhavan → Head Post Office → Dc Office → Uday Hostel → Old Central School → Kariyyamma Temple → Barakotri → Barakotari Bridge → Navodhaya Nagar → Pavate Nagar → Bhala Balaga → Nisarga → Hanumanthaa Nagar Cross → Twok Quartz → 9Th Cross Kalyan Nagar → Kalyan Nagar
1017R,Kalyan Nagar ⇆ Cbt-D,Kalyan Nagar → 9Th Cross Kalyan Nagar → Twok Quartz → Hanumanthaa Nagar Cross → Nisarga → Bhala Balaga → Pavate Nagar → Navodhaya Nagar → Barakotari Bridge → Barakotri → Kariyyamma Temple → Old Central School → Uday Hostel → Dc Office → Head Post Office → Brindhavan → Court Circle → Jubilee Circle → Cbt-D
1017,CBT-D ⇆ Kalyan Nagar,Kalyan Nagar → 9Th Cross Kalyan Nagar → Twok Quartz → Hanumanthaa Nagar Cross → Nisarga → Bhala Balaga → Pavate Nagar → Navodhaya Nagar → Barakotari Bridge → Barakotri → Kariyyamma Temple → Old Central School → Uday Hostel → C B Nagar → Headpost Office → Brindhavan → Court Circle → Jubilee Circle → Cbt-D
1017R,Cbt-D ⇆ Kalyan Nagar,Cbt-D → Jubilee Circle → Court Circle → Brindhavan → Headpost Office → C B Nagar → Uday Hostel → Old Central School → Kariyyamma Temple → Barakotri → Barakotari Bridge → Navodhaya Nagar → Pavate Nagar → Bhala Balaga → Nisarga → Hanumanthaa Nagar Cross → Twok Quartz → 9Th Cross Kalyan Nagar → Kalyan Nagar
1018,CBT-D ⇆ Anjana Nagar-D1,Cbt-D → Jubilee Circle → Lic → Kcd → Dasanakoppa → Canara Colony → Banashankeri Nagar → Sai Nagar-D → Vinayaka Nagar Cross → Vinayaka Nagar D → Paper Mill → Kelgeri → Anjaneya School Stop → Kelageri Anjaneya 1St Stop → Anjana Nagar-D1
1018R,Anjana Nagar-D1 ⇆ Cbt-D,Anjana Nagar-D1 → Kelageri Anjaneya 1St Stop → Anjaneya School Stop → Kelgeri → Paper Mill → Vinayaka Nagar D → Vinayaka Nagar Cross → Sai Nagar-D → Banashankeri Nagar → Canara Colony → Dasanakoppa → Kcd → Lic → Jubilee Circle → Cbt-D
1018,CBT-D ⇆ Anjana Nagar-D1,Anjana Nagar-D1 → Kelageri Anjaneya 1St Stop → Anjaneya School Stop → Kelgeri → Paper Mill → Vinayaka Nagar Cross → Vinayaka Nagar D → Sai Nagar-D → Banashankeri Nagar → Canara Colony → Dasanakoppa → K C D → Lic → Jubilee Circle → Cbt-D
1018R,Cbt-D ⇆ Anjana Nagar-D1,Cbt-D → Jubilee Circle → Lic → K C D → Dasanakoppa → Canara Colony → Banashankeri Nagar → Sai Nagar-D → Vinayaka Nagar D → Vinayaka Nagar Cross → Paper Mill → Kelgeri → Anjaneya School Stop → Kelageri Anjaneya 1St Stop → Anjana Nagar-D1
1019,Sangolli Rayana Nagar ⇆ CBT-D,Cbt-D → Jubilee Circle → Court Circle → Nttf → Hosa Yallapur Cross → Toll Naka - D → Modern Hall → Rajathagiri → Saraswathipura → Tejasvi Nagar Bridge → Tajesavi Nagar → Tejasvi Nagar Bus Stop → Sangolli Rayanna Nagar 1St Cross → Sangolli Rayana Nagar
1019R,Sangolli Rayana Nagar ⇆ Cbt-D,Sangolli Rayana Nagar → Sangolli Rayanna Nagar 1St Cross → Tejasvi Nagar Bus Stop → Tajesavi Nagar → Tejasvi Nagar Bridge → Saraswathipura → Rajathagiri → Modern Hall → Toll Naka - D → Hosa Yallapur Cross → Nttf → Court Circle → Jubilee Circle → Cbt-D
1019,Sangolli Rayana Nagar ⇆ CBT-D,Sangolli Rayana Nagar → Sangolli Rayanna Nagar 1St Cross → Tejasvi Nagar Bus Stop → Tejasvi Nagar Bridge → Saraswathipura → Rajathagiri → Vijaya Bank-D → Modern Hall → Toll Naka - D → Hosa Yallapur Cross → Nttf → Court Circle → Jubilee Circle → Cbt-D
1019R,Cbt-D ⇆ Sangolli Rayana Nagar,Cbt-D → Jubilee Circle → Court Circle → Nttf → Hosa Yallapur Cross → Toll Naka - D → Modern Hall → Vijaya Bank-D → Rajathagiri → Saraswathipura → Tejasvi Nagar Bridge → Tejasvi Nagar Bus Stop → Sangolli Rayanna Nagar 1St Cross → Sangolli Rayana Nagar
102,Gokul ⇆ RLY 3RD Gate,Gokul → Anjaneya Nagar → Gokul Cross → K L E College → Airport → B D K → Kec → Arjun Vihar Cross → Neharu Nagar Water Tank → Silver Town Cross → Manjunatha Nagar Cross → Basaveshwara Nagar Cross → Akshay Park → 2Nd Gate → 1St Gate → New Bus Stand-H → Rwh → Quarters → Bannigida → Hosur → Hubli Obs (Outside) → Corporation-H → Railway Station-H → Rly 3Rd Gate
102R,Rly 3Rd Gate ⇆ Gokul,Rly 3Rd Gate → Railway Station-H → Corporation-H → Hubli Obs (Outside) → Hosur → Bannigida → Quarters → Rwh → New Bus Stand-H → 1St Gate → 2Nd Gate → Akshay Park → Basaveshwara Nagar Cross → Manjunatha Nagar Cross → Silver Town Cross → Neharu Nagar Water Tank → Arjun Vihar Cross → Kec → B D K → Airport → K L E College → Gokul Cross → Anjaneya Nagar → Gokul
102,Gokul ⇆ RLY 3RD Gate,Rly 3Rd Gate → Railway Station-H → Corporation-H → Hubli Obs (Inside) → Bannigida → Quarters → Rwh → New Bus Stand-H → 1St Gate → 2Nd Gate → Akshay Park → Basaveshwara Nagar Cross → Manjunatha Nagar Cross → Silver Town Cross → Neharu Nagar Water Tank → Arjun Vihar Cross → Kec → B D K → Airport → K L E College → Gokul Cross → Anjaneya Nagar → Gokul
102R,Gokul ⇆ Rly 3Rd Gate,Gokul → Anjaneya Nagar → Gokul Cross → K L E College → Airport → B D K → Kec → Arjun Vihar Cross → Neharu Nagar Water Tank → Silver Town Cross → Manjunatha Nagar Cross → Basaveshwara Nagar Cross → Akshay Park → 2Nd Gate → 1St Gate → New Bus Stand-H → Rwh → Quarters → Bannigida → Hubli Obs (Inside) → Corporation-H → Railway Station-H → Rly 3Rd Gate
1020,Chaithanya Nagar ⇆ CBT-D,Cbt-D → Jubilee Circle → Lic → K C D → Dasanakoppa Cross → Canara Colony → Kusuma Nagar → Banashankeri Nagar → Sai Nagar-D → Vinayaka Nagar Cross → Chaithanya Nagar Cross → Std Booth → Chaithanya Nagar
1020R,Chaithanya Nagar ⇆ Cbt-D,Chaithanya Nagar → Std Booth → Chaithanya Nagar Cross → Vinayaka Nagar Cross → Sai Nagar-D → Banashankeri Nagar → Kusuma Nagar → Canara Colony → Dasanakoppa Cross → K C D → Lic → Jubilee Circle → Cbt-D
1020,Chaithanya Nagar ⇆ CBT-D,Chaithanya Nagar → Std Booth → Chaithanya Nagar Cross → Vinayaka Nagar Cross → Sai Nagar-D → Banashankeri Nagar → Kusuma Nagar → Canara Colony → Dasanakoppa Cross → K C D → Lic → Jubilee Circle → Cbt-D
1020R,Cbt-D ⇆ Chaithanya Nagar,Cbt-D → Jubilee Circle → Lic → K C D → Dasanakoppa Cross → Canara Colony → Kusuma Nagar → Banashankeri Nagar → Sai Nagar-D → Vinayaka Nagar Cross → Chaithanya Nagar Cross → Std Booth → Chaithanya Nagar
1021,Vinayaka Nagar D ⇆ CBT-D,Cbt-D → Jubilee Circle → Lic → K C D → Dasanakoppa Cross → Canara Colony → Kusuma Nagar → Banashankeri Nagar → Sai Nagar-D → Vinayaka Nagar Cross → Chaithanya Nagar Cross → Vinayaka Nagar D
1021R,Vinayaka Nagar D ⇆ Cbt-D,Vinayaka Nagar D → Chaithanya Nagar Cross → Vinayaka Nagar Cross → Sai Nagar-D → Banashankeri Nagar → Kusuma Nagar → Canara Colony → Dasanakoppa Cross → K C D → Lic → Jubilee Circle → Cbt-D
1021,Vinayaka Nagar D ⇆ CBT-D,Vinayaka Nagar D → Chaithanya Nagar Cross → Vinayaka Nagar Cross → Sai Nagar-D → Banashankeri Nagar → Kusuma Nagar → Canara Colony → Dasanakoppa Cross → K C D → Lic → Jubilee Circle → Cbt-D
1021R,Cbt-D ⇆ Vinayaka Nagar D,Cbt-D → Jubilee Circle → Lic → K C D → Dasanakoppa Cross → Canara Colony → Kusuma Nagar → Banashankeri Nagar → Sai Nagar-D → Vinayaka Nagar Cross → Chaithanya Nagar Cross → Vinayaka Nagar D
1024,CBT-D ⇆ Sampige Nagar,Cbt-D → Jubilee Circle → Lic → K C D → Dasanakoppa Cross → Lic Quarters → Narayanapura → German Hospital → Jambagi Hospital → Bendre Bhavana → Sadhankeri → St Antony Circle → Vikas Nagar → Bgs School → Bendre Nagar → Sampige Nagar 1St Stop → Sampige Nagar 2Nd Stop → Basavareddy College → Sampige Nagar Cross → Sampige Nagar
1024R,Sampige Nagar ⇆ Cbt-D,Sampige Nagar → Sampige Nagar Cross → Basavareddy College → Sampige Nagar 2Nd Stop → Sampige Nagar 1St Stop → Bendre Nagar → Bgs School → Vikas Nagar → St Antony Circle → Sadhankeri → Bendre Bhavana → Jambagi Hospital → German Hospital → Narayanapura → Lic Quarters → Dasanakoppa Cross → K C D → Lic → Jubilee Circle → Cbt-D
1024,CBT-D ⇆ Sampige Nagar,Sampige Nagar → Sampige Nagar 3Rd Stop → Sampige Nagar 1St Stop → Bendre Nagar → Bgs School → Vikas Nagar → St Antony Circle → Sadhankeri → Bendre Bhavana → Jambagi Hospital → German Hospital → Narayanapura → Lic Quarters → Dasanakoppa Cross → K C D → Lic → Jubilee Circle → Cbt-D
1024R,Cbt-D ⇆ Sampige Nagar,Cbt-D → Jubilee Circle → Lic → K C D → Dasanakoppa Cross → Lic Quarters → Narayanapura → German Hospital → Jambagi Hospital → Bendre Bhavana → Sadhankeri → St Antony Circle → Vikas Nagar → Bgs School → Bendre Nagar → Sampige Nagar 1St Stop → Sampige Nagar 3Rd Stop → Sampige Nagar
1025,CBT-D ⇆ Railway Station-D,Cbt-D → Jubilee Circle → Court Circle → Taluk Panchayat → Head Post Office → Yammikeri → Rama Mandira → Rms → Railway Station-D
1025R,Railway Station-D ⇆ Cbt-D,Railway Station-D → Rms → Rama Mandira → Yammikeri → Head Post Office → Taluk Panchayat → Court Circle → Jubilee Circle → Cbt-D
1025,Railway Station-D4 ⇆ CBT-D,Railway Station-D4 → Rms → K E Board → Yammikeri → Head Post Office → Taluk Panchayat → Court Circle → Jubilee Circle → Cbt-D
1025R,Cbt-D ⇆ Railway Station-D4,Cbt-D → Jubilee Circle → Court Circle → Taluk Panchayat → Head Post Office → Yammikeri → K E Board → Rms → Railway Station-D4
1026,Bendre Nagar ⇆ Railway Station-D,Railway Station-D → Rms → K E Board → Yammikeri → Head Post Office → Brindhavan → Court Circle → Jubilee Circle → Old Sp Office → K C Park → Mental Hospital → New Sp Office → New Bus Stand-D → Kvg Bank → Gtc → Gtc Cross Sd → Bgs School → Bendre Nagar
1026R,Bendre Nagar ⇆ Railway Station-D,Bendre Nagar → Bgs School → Gtc Cross Sd → Gtc → Kvg Bank → New Bus Stand-D → New Sp Office → Mental Hospital → K C Park → Old Sp Office → Jubilee Circle → Court Circle → Brindhavan → Head Post Office → Yammikeri → K E Board → Rms → Railway Station-D
1026,Bendre Nagar ⇆ Railway Station-D,Bendre Nagar → Bgs School → Gtc Cross Sd → Gtc → Kvg Bank → New Bus Stand-D → New Sp Office → Mental Hospital → K C Park → Old Sp Office → Corporation-D → Jubilee Circle → Court Circle → Taluk Panchayat → Head Post Office → Yammikeri → Rama Mandira → Rms → Railway Station-D
1026R,Railway Station-D ⇆ Bendre Nagar,Railway Station-D → Rms → Rama Mandira → Yammikeri → Head Post Office → Taluk Panchayat → Court Circle → Jubilee Circle → Corporation-D → Old Sp Office → K C Park → Mental Hospital → New Sp Office → New Bus Stand-D → Kvg Bank → Gtc → Gtc Cross Sd → Bgs School → Bendre Nagar
1027,Agri College ⇆ CBT-D,Cbt-D → Jubilee Circle → Old Sp Office → K C Park → Mental Hospital → New Sp Office → New Bus Stand-D → Kvg Bank → J D Office → Gtc → Pepsi Factory → Dairy → Yattin Gudda Cross → Agri University Gate → Admission Office → Agri College
1027R,Agri College ⇆ Cbt-D,Agri College → Admission Office → Agri University Gate → Yattin Gudda Cross → Dairy → Pepsi Factory → Gtc → J D Office → Kvg Bank → New Bus Stand-D → New Sp Office → Mental Hospital → K C Park → Old Sp Office → Jubilee Circle → Cbt-D
1027,Agri College ⇆ CBT-D,Agri College → Admission Office → Agri University Gate → Yattin Gudda Cross → Dairy → Pepsi Factory → Gtc → J D Office → Kvg Bank → New Bus Stand-D → New Sp Office → Mental Hospital → K C Park → Old Sp Office → Jubilee Circle → Cbt-D
1027R,Cbt-D ⇆ Agri College,Cbt-D → Jubilee Circle → Old Sp Office → K C Park → Mental Hospital → New Sp Office → New Bus Stand-D → Kvg Bank → J D Office → Gtc → Pepsi Factory → Dairy → Yattin Gudda Cross → Agri University Gate → Admission Office → Agri College
1028,CBT-D ⇆ Shiridi Nagar D1,Cbt-D → Jubilee Circle → Old Sp Office → K C Park → Mental Hospital → New Sp Office → New Bus Stand-D → Kvg Bank → J D Office → Gtc → Pepsi Factory → Dairy → Yattin Gudda Cross → Agri University Gate → Airtech → Basava Colony → Basava Nagar Colony 2Nd Stop → Gurukrupa Nagar → Shiridi Nagar Cross → Shiridi Nagar D1
1028R,Shiridi Nagar D1 ⇆ Cbt-D,Shiridi Nagar D1 → Shiridi Nagar Cross → Gurukrupa Nagar → Basava Nagar Colony 2Nd Stop → Basava Colony → Airtech → Agri University Gate → Yattin Gudda Cross → Dairy → Pepsi Factory → Gtc → J D Office → Kvg Bank → New Bus Stand-D → New Sp Office → Mental Hospital → K C Park → Old Sp Office → Jubilee Circle → Cbt-D
1028,Shiridi Nagar D2 ⇆ CBT-D,Shiridi Nagar D2 → Shiridi Nagar Cross → Gurukrupa Nagar → Basava Nagar Colony 2Nd Stop → Basava Colony → Airtech → Agri University Gate → Yattin Gudda Cross → Dairy → Pepsi Factory → Gtc → J D Office → Kvg Bank → New Bus Stand-D → New Sp Office → Mental Hospital → K C Park → Old Sp Office → Corporation-D → Cbt-D
1028R,Cbt-D ⇆ Shiridi Nagar D2,Cbt-D → Corporation-D → Old Sp Office → K C Park → Mental Hospital → New Sp Office → New Bus Stand-D → Kvg Bank → J D Office → Gtc → Pepsi Factory → Dairy → Yattin Gudda Cross → Agri University Gate → Airtech → Basava Colony → Basava Nagar Colony 2Nd Stop → Gurukrupa Nagar → Shiridi Nagar Cross → Shiridi Nagar D2
1029,Railway Station-D ⇆ Dharwad High Court,Railway Station-D → Rms → K E Board → Yammikeri → Head Post Office → Brindhavan → Court Circle → Jubilee Circle → Old Sp Office → K C Park → Mental Hospital → New Sp Office → New Bus Stand-D → Kvg Bank → J D Office → Gtc → Pepsi Factory → Dairy → Yattin Gudda Cross → Agri University Gate → Airtech → Narendra Cross → K E B (Power Grid) → Mummigatti 1St Cross → Mummigatti → Garag Cross → Tata Motors Gate → High Court Gate → Dharwad High Court
1029R,Dharwad High Court ⇆ Railway Station-D,Dharwad High Court → High Court Gate → Tata Motors Gate → Garag Cross → Mummigatti → Mummigatti 1St Cross → K E B (Power Grid) → Narendra Cross → Airtech → Agri University Gate → Yattin Gudda Cross → Dairy → Pepsi Factory → Gtc → J D Office → Kvg Bank → New Bus Stand-D → New Sp Office → Mental Hospital → K C Park → Old Sp Office → Jubilee Circle → Court Circle → Brindhavan → Head Post Office → Yammikeri → K E Board → Rms → Railway Station-D
1029,Railway Station-D ⇆ Dharwad High Court,Dharwad High Court → High Court Gate → Tata Motors Gate → Garag Cross → Mummigatti → Mummigatti 1St Cross → K E B (Power Grid) → Narendra Cross → Airtech → Agri University Gate → Yattin Gudda Cross → Dairy → Pepsi Factory → Gtc → J D Office → Kvg Bank → New Bus Stand-D → New Sp Office → Mental Hospital → K C Park → Old Sp Office → Jubilee Circle → Court Circle → Brindhavan → Head Post Office → Yammikeri → Rama Mandira → Rms → Railway Station-D
1029R,Railway Station-D ⇆ Dharwad High Court,Railway Station-D → Rms → Rama Mandira → Yammikeri → Head Post Office → Brindhavan → Court Circle → Jubilee Circle → Old Sp Office → K C Park → Mental Hospital → New Sp Office → New Bus Stand-D → Kvg Bank → J D Office → Gtc → Pepsi Factory → Dairy → Yattin Gudda Cross → Agri University Gate → Airtech → Narendra Cross → K E B (Power Grid) → Mummigatti 1St Cross → Mummigatti → Garag Cross → Tata Motors Gate → High Court Gate → Dharwad High Court
103,Hosur Terminal ⇆ Byahatti,Hosur Terminal → Obs Sh → Court Circle Sh → Keshwapur Sh → Madhura Colony Sh → Shabiri Nagar Cross Sh → Srinivas Garden → Oxford College → Durga Colony / Neeli Bangle → Ram Honda → Kusgal Siddharuda Matta → Kusgal Maruthi Nagar → Ms → Kusgal → Kusgal Plot → Furniture Factory → Halla → M/S L1 → Byahatti 1St Stop → Byahatti 2Nd Stop → Byahatti
103R,Byahatti ⇆ Hosur Terminal,Byahatti → Byahatti 2Nd Stop → Byahatti 1St Stop → M/S L1 → Halla → Furniture Factory → Kusgal Plot → Kusgal → Ms → Kusgal Maruthi Nagar → Kusgal Siddharuda Matta → Ram Honda → Durga Colony / Neeli Bangle → Oxford College → Srinivas Garden → Shabiri Nagar Cross Sh → Madhura Colony Sh → Keshwapur Sh → Court Circle Sh → Obs Sh → Hosur Terminal
103,Hosur Terminal ⇆ Byahatti,Byahatti → Byahatti 2Nd Stop → Byahatti 1St Stop → M/S L → Halla → Furniture Factory → Kusgal Plot → Kusgal → Ms → Kusgal Maruthi Nagar → Kusgal Siddharuda Matta → Ram Honda → Durga Colony / Neeli Bangle → Oxford College → Srinivas Garden → Shabiri Nagar Cross Sh → Madhura Colony Sh → Keshwapur Sh → Court Circle Sh → Obs Sh → Hosur Terminal
103R,Hosur Terminal ⇆ Byahatti,Hosur Terminal → Obs Sh → Court Circle Sh → Keshwapur Sh → Madhura Colony Sh → Shabiri Nagar Cross Sh → Srinivas Garden → Oxford College → Durga Colony / Neeli Bangle → Ram Honda → Kusgal Siddharuda Matta → Kusgal Maruthi Nagar → Ms → Kusgal → Kusgal Plot → Furniture Factory → Halla → M/S L → Byahatti 1St Stop → Byahatti 2Nd Stop → Byahatti
1030,New Bus Stand-D ⇆ Railway Station-D,New Bus Stand-D → New Sp Office → Mental Hospital → K C Park → Old Sp Office → Jubilee Circle → Court Circle → Taluk Panchayat → Head Post Office → Yammikeri → Rama Mandira → Rms → Railway Station-D
1030R,Railway Station-D ⇆ New Bus Stand-D,Railway Station-D → Rms → Rama Mandira → Yammikeri → Head Post Office → Taluk Panchayat → Court Circle → Jubilee Circle → Old Sp Office → K C Park → Mental Hospital → New Sp Office → New Bus Stand-D
1030,New Bus Stand-D ⇆ Railway Station-D,Railway Station-D → Rms → K E Board → Yammikeri → Head Post Office → Brindhavan → Court Circle → Jubilee Circle → Old Sp Office → K C Park → Mental Hospital → New Sp Office → New Bus Stand-D
1030R,New Bus Stand-D ⇆ Railway Station-D,New Bus Stand-D → New Sp Office → Mental Hospital → K C Park → Old Sp Office → Jubilee Circle → Court Circle → Brindhavan → Head Post Office → Yammikeri → K E Board → Rms → Railway Station-D
1031,CBT-D ⇆ Railway Station-D,Cbt-D → Jubilee Circle → Court Circle → Taluk Panchayat → Head Post Office → Yammikeri → Rama Mandira → Rms → Railway Station-D
1031R,Railway Station-D ⇆ Cbt-D,Railway Station-D → Rms → Rama Mandira → Yammikeri → Head Post Office → Taluk Panchayat → Court Circle → Jubilee Circle → Cbt-D
1031,Railway Station-D4 ⇆ CBT-D,Railway Station-D4 → Rms → K E Board → Yammikeri → Head Post Office → Taluk Panchayat → Court Circle → Jubilee Circle → Cbt-D
1031R,Cbt-D ⇆ Railway Station-D4,Cbt-D → Jubilee Circle → Court Circle → Taluk Panchayat → Head Post Office → Yammikeri → K E Board → Rms → Railway Station-D4
1032,Udaygiri ⇆ CBT-D,Cbt-D → Jubilee Circle → Court Circle → Nttf → Hosa Yallapur Cross → Toll Naka - D → Modern Hall → Suvarna Petrol Bunk → Vidya Giri → Gandhi Nagar Cross - D → Yalakki Shetter Colony → Kmf - D → Lakamanahalli Corridor → Navlur K E B → Ozone → Navalur Cross → Dental Cross → Ashraya Colony → Tadasinakoppa Cross → Udaygiri 1St Stop → Udaygiri 2Nd Stop → Udaygiri
1032R,Udaygiri ⇆ Cbt-D,Udaygiri → Udaygiri 2Nd Stop → Udaygiri 1St Stop → Tadasinakoppa Cross → Ashraya Colony → Dental Cross → Navalur Cross → Ozone → Navlur K E B → Lakamanahalli Corridor → Kmf - D → Yalakki Shetter Colony → Gandhi Nagar Cross - D → Vidya Giri → Suvarna Petrol Bunk → Modern Hall → Toll Naka - D → Hosa Yallapur Cross → Nttf → Court Circle → Jubilee Circle → Cbt-D
1032,Udaygiri ⇆ CBT-D,Udaygiri → Udaygiri 2Nd Stop → Udaygiri 1St Stop → Tadasinakoppa Cross → Ashraya Colony → Dental Cross → Navalur Cross → Ozone → Navlur K E B → Lakamanahalli Corridor → Kmf - D → Yalakki Shetter Colony → Gandhi Nagar Cross - D → Vidya Giri → Suvarna Petrol Bunk → Modern Hall → Toll Naka - D → Hosa Yallapur Cross → Nttf → Court Circle → Jubilee Circle → Cbt-D
1032R,Cbt-D ⇆ Udaygiri,Cbt-D → Jubilee Circle → Court Circle → Nttf → Hosa Yallapur Cross → Toll Naka - D → Modern Hall → Suvarna Petrol Bunk → Vidya Giri → Gandhi Nagar Cross - D → Yalakki Shetter Colony → Kmf - D → Lakamanahalli Corridor → Navlur K E B → Ozone → Navalur Cross → Dental Cross → Ashraya Colony → Tadasinakoppa Cross → Udaygiri 1St Stop → Udaygiri 2Nd Stop → Udaygiri
1033,Madihal ⇆ CBT-D,Cbt-D → Shivaji Circle → Haveripete → Depot Circle → Murusavira Matta D → Joshi Hall → Siddharama Colony → Madihal
1033R,Madihal ⇆ Cbt-D,Madihal → Siddharama Colony → Joshi Hall → Murusavira Matta D → Depot Circle → Haveripete → Shivaji Circle → Cbt-D
1033,Madihal ⇆ CBT-D,Madihal → Siddharama Colony → Joshi Hall → Murusavira Matta D → Depot Circle → Haveripete → Shivaji Circle → Cbt-D
1033R,Cbt-D ⇆ Madihal,Cbt-D → Shivaji Circle → Haveripete → Depot Circle → Murusavira Matta D → Joshi Hall → Siddharama Colony → Madihal
1034,CBT-D ⇆ Kayak Nagar,Cbt-D → Jubilee Circle → Old Sp Office → K C Park → Mental Hospital → New Sp Office → New Bus Stand-D → Kvg Bank → J D Office → Gtc → Pepsi Factory → Dairy → Yattin Gudda Cross → Agri University Gate → Airtech → Narendra Cross → Kayak Nagar Cross → Kayaka Nagar 1St Stop → Kayak Nagar 2Nd Stop → Kayaka Nagar 3Rd Stop → Kayak Nagar
1034R,Kayak Nagar ⇆ Cbt-D,Kayak Nagar → Kayaka Nagar 3Rd Stop → Kayak Nagar 2Nd Stop → Kayaka Nagar 1St Stop → Kayak Nagar Cross → Narendra Cross → Airtech → Agri University Gate → Yattin Gudda Cross → Dairy → Pepsi Factory → Gtc → J D Office → Kvg Bank → New Bus Stand-D → New Sp Office → Mental Hospital → K C Park → Old Sp Office → Jubilee Circle → Cbt-D
1034,CBT-D ⇆ Kayak Nagar,Kayak Nagar → Kayaka Nagar 3Rd Stop → Kayak Nagar 2Nd Stop → Kayaka Nagar 1St Stop → Kayak Nagar Cross → Narendra Cross → Airtech → Agri University Gate → Yattin Gudda Cross → Dairy → Pepsi Factory → Gtc → J D Office → Kvg Bank → New Bus Stand-D → New Sp Office → Mental Hospital → K C Park → Old Sp Office → Jubilee Circle → Cbt-D
1034R,Cbt-D ⇆ Kayak Nagar,Cbt-D → Jubilee Circle → Old Sp Office → K C Park → Mental Hospital → New Sp Office → New Bus Stand-D → Kvg Bank → J D Office → Gtc → Pepsi Factory → Dairy → Yattin Gudda Cross → Agri University Gate → Airtech → Narendra Cross → Kayak Nagar Cross → Kayaka Nagar 1St Stop → Kayak Nagar 2Nd Stop → Kayaka Nagar 3Rd Stop → Kayak Nagar
1037,CBT-D ⇆ Mehabub Nagar,Cbt-D → Shivaji Circle → Ramana Gouda Cross → New English School-D → Gulganjikoppa School → Doddamani Hall → Hittina Girani → Gaadhi Karkhane → Sainik Nagar → Mehabub Nagar
1037R,Mehabub Nagar ⇆ Cbt-D,Mehabub Nagar → Sainik Nagar → Gaadhi Karkhane → Hittina Girani → Doddamani Hall → Gulganjikoppa School → New English School-D → Ramana Gouda Cross → Shivaji Circle → Cbt-D
1037,CBT-D ⇆ Mehabub Nagar,Mehabub Nagar → Sainik Nagar → Gaadhi Karkhane → Hittina Girani → Doddamani Hall → Gulganjikoppa School → New English School-D → Karnataka Bank D2 → Shivaji Circle → Cbt-D
1037R,Cbt-D ⇆ Mehabub Nagar,Cbt-D → Shivaji Circle → Karnataka Bank D2 → New English School-D → Gulganjikoppa School → Doddamani Hall → Hittina Girani → Gaadhi Karkhane → Sainik Nagar → Mehabub Nagar
1038,CBT-D ⇆ Shree Ram Nagar,Cbt-D → Jubilee Circle → Court Circle → Taluk Panchayat → Head Post Office → Yammikeri → Kamalapura Cross → Railway Gate → Hattikol → Halbavi Matta → Shree Ram Nagar Cross → Shree Ram Nagar 1St Stop → Shree Ram Nagar
1038R,Shree Ram Nagar ⇆ Cbt-D,Shree Ram Nagar → Shree Ram Nagar 1St Stop → Shree Ram Nagar Cross → Halbavi Matta → Hattikol → Railway Gate → Kamalapura Cross → Yammikeri → Head Post Office → Taluk Panchayat → Court Circle → Jubilee Circle → Cbt-D
1038,CBT-D ⇆ Shree Ram Nagar,Shree Ram Nagar → Shree Ram Nagar 1St Stop → Church Dwd → Shree Ram Nagar Cross → Halbavi Matta → Railway Gate → Kamalapura Cross → Yammikeri → Head Post Office → Brindhavan → Court Circle → Jubilee Circle → Cbt-D
1038R,Cbt-D ⇆ Shree Ram Nagar,Cbt-D → Jubilee Circle → Court Circle → Brindhavan → Head Post Office → Yammikeri → Kamalapura Cross → Railway Gate → Halbavi Matta → Shree Ram Nagar Cross → Church Dwd → Shree Ram Nagar 1St Stop → Shree Ram Nagar
1039,CBT-D ⇆ Dharwad High Court,Cbt-D → Jubilee Circle → Old Sp Office → K C Park → Mental Hospital → New Sp Office → New Bus Stand-D → Kvg Bank → J D Office → Gtc → Pepsi Factory → Dairy → Yattin Gudda Cross → Agri University Gate → Airtech → Narendra Cross → K E B (Power Grid) → Mummigatti 1St Cross → Mummigatti → Garag Cross → Tata Motors Gate → High Court Gate → Dharwad High Court
1039R,Dharwad High Court ⇆ Cbt-D,Dharwad High Court → High Court Gate → Tata Motors Gate → Garag Cross → Mummigatti → Mummigatti 1St Cross → K E B (Power Grid) → Narendra Cross → Airtech → Agri University Gate → Yattin Gudda Cross → Dairy → Pepsi Factory → Gtc → J D Office → Kvg Bank → New Bus Stand-D → New Sp Office → Mental Hospital → K C Park → Old Sp Office → Jubilee Circle → Cbt-D
104,Byahatti Plot ⇆ Hosur Terminal,Hosur Terminal → Obs Sh → Court Circle Sh → Keshwapur Sh → Madhura Colony Sh → Shabiri Nagar Cross Sh → Srinivas Garden → Oxford College → Durga Colony / Neeli Bangle → Ram Honda → Kusgal Siddharuda Matta → Kusgal Maruthi Nagar → Ms → Kusgal → Kusgal Plot → Furniture Factory → Halla → M/S L1 → Byahatti 1St Stop → Byahatti 2Nd Stop → Byahatti → Sangolli Rayana School → Byahatti Plot
104R,Byahatti Plot ⇆ Hosur Terminal,Byahatti Plot → Sangolli Rayana School → Byahatti → Byahatti 2Nd Stop → Byahatti 1St Stop → M/S L1 → Halla → Furniture Factory → Kusgal Plot → Kusgal → Ms → Kusgal Maruthi Nagar → Kusgal Siddharuda Matta → Ram Honda → Durga Colony / Neeli Bangle → Oxford College → Srinivas Garden → Shabiri Nagar Cross Sh → Madhura Colony Sh → Keshwapur Sh → Court Circle Sh → Obs Sh → Hosur Terminal
104,Byahatti Plot ⇆ Hosur Terminal,Byahatti Plot → Sangolli Rayana School → Byahatti → Byahatti 2Nd Stop → Byahatti 1St Stop → M/S L → Halla → Furniture Factory → Kusgal Plot → Kusgal → Ms → Kusgal Maruthi Nagar → Kusgal Siddharuda Matta → Ram Honda → Durga Colony / Neeli Bangle → Oxford College → Srinivas Garden → Shabiri Nagar Cross Sh → Madhura Colony Sh → Keshwapur Sh → Court Circle Sh → Ocbs Feeder → Hosur Terminal
104R,Hosur Terminal ⇆ Byahatti Plot,Hosur Terminal → Ocbs Feeder → Court Circle Sh → Keshwapur Sh → Madhura Colony Sh → Shabiri Nagar Cross Sh → Srinivas Garden → Oxford College → Durga Colony / Neeli Bangle → Ram Honda → Kusgal Siddharuda Matta → Kusgal Maruthi Nagar → Ms → Kusgal → Kusgal Plot → Furniture Factory → Halla → M/S L → Byahatti 1St Stop → Byahatti 2Nd Stop → Byahatti → Sangolli Rayana School → Byahatti Plot
1040,Gurudeva Nagar ⇆ CBT-D,Cbt-D → Jubilee Circle → Court Circle → Nttf → Hosa Yallapur Cross → Toll Naka - D → Modern Hall → Suvarna Petrol Bunk → Vidya Giri → Gandhi Nagar Cross - D → Yalakki Shetter Colony → Kmf - D → Gurudev Nagar 1St Stop → Gurudeva Nagar
1040R,Gurudeva Nagar ⇆ Cbt-D,Gurudeva Nagar → Gurudev Nagar 1St Stop → Kmf - D → Yalakki Shetter Colony → Gandhi Nagar Cross - D → Vidya Giri → Suvarna Petrol Bunk → Modern Hall → Toll Naka - D → Hosa Yallapur Cross → Nttf → Court Circle → Jubilee Circle → Cbt-D
1040,Gurudeva Nagar ⇆ CBT-D,Gurudeva Nagar → Gurudev Nagar 1St Stop → Kmf - D → Yalakki Shetter Colony → Gandhi Nagar Cross - D → Vidya Giri → Suvarna Petrol Bunk → Modern Hall → Toll Naka - D → Hosa Yallapur Cross → Nttf → Court Circle → Jubilee Circle → Cbt-D
1040R,Cbt-D ⇆ Gurudeva Nagar,Cbt-D → Jubilee Circle → Court Circle → Nttf → Hosa Yallapur Cross → Toll Naka - D → Modern Hall → Suvarna Petrol Bunk → Vidya Giri → Gandhi Nagar Cross - D → Yalakki Shetter Colony → Kmf - D → Gurudev Nagar 1St Stop → Gurudeva Nagar
1042,Someshwara Temple ⇆ CBT-D,Cbt-D → Jubilee Circle → Court Circle → Taluk Panchayat → Head Post Office → Yammikeri → Kaboor Road Cross → Water Tank D → Rayara Mata → Venkteshwara Temple → Saraswathipura → Saraswathipura Cross → Tejasvi Nagar Bridge → Purohith Nagar → Sdm Engg College → Someshwara Temple
1042R,Someshwara Temple ⇆ Cbt-D,Someshwara Temple → Sdm Engg College → Purohith Nagar → Tejasvi Nagar Bridge → Saraswathipura Cross → Saraswathipura → Venkteshwara Temple → Rayara Mata → Water Tank D → Kaboor Road Cross → Yammikeri → Head Post Office → Taluk Panchayat → Court Circle → Jubilee Circle → Cbt-D
1042,Someshwara Temple ⇆ CBT-D,Someshwara Temple → Sdm Engg College → Purohith Nagar → Tajesavi Nagar → Saraswathipura Cross → Saraswathipura → Venkteshwara Temple → Rayara Mata → Water Tank D → Kaboor Road Cross → Yammikeri → Head Post Office → Brindhavan → Court Circle → Jubilee Circle → Cbt-D
1042R,Cbt-D ⇆ Someshwara Temple,Cbt-D → Jubilee Circle → Court Circle → Brindhavan → Head Post Office → Yammikeri → Kaboor Road Cross → Water Tank D → Rayara Mata → Venkteshwara Temple → Saraswathipura → Saraswathipura Cross → Tajesavi Nagar → Purohith Nagar → Sdm Engg College → Someshwara Temple
1043,CBT-D ⇆ Shantinikethan D,Cbt-D → Jubilee Circle → Lic → K C D → Dasanakoppa Cross → Lic Quarters → Narayanapura → German Hospital → Jambagi Hospital → Bendre Bhavana → Sadhankeri → Chaitanya Park → St Antony Circle → Vikas Nagar → Bgs School → Bendre Nagar → Sampige Nagar 1St Stop → Sampige Nagar 2Nd Stop → Sampige Nagar 3Rd Stop → Shantinikethan D
1043R,Shantinikethan D ⇆ Cbt-D,Shantinikethan D → Sampige Nagar 3Rd Stop → Sampige Nagar 2Nd Stop → Sampige Nagar 1St Stop → Bendre Nagar → Bgs School → Vikas Nagar → St Antony Circle → Chaitanya Park → Sadhankeri → Bendre Bhavana → Jambagi Hospital → German Hospital → Narayanapura → Lic Quarters → Dasanakoppa Cross → K C D → Lic → Jubilee Circle → Cbt-D
1043,CBT-D ⇆ Shantinikethan D,Shantinikethan D → Sampige Nagar 3Rd Stop → Sampige Nagar 2Nd Stop → Sampige Nagar 1St Stop → Bendre Nagar → Bgs School → Vikas Nagar → St Antony Circle → Chaitanya Park → Sadhankeri → Bendre Bhavana → Jambagi Hospital → German Hospital → Narayanapura → Lic Quarters → Dasanakoppa Cross → K C D → Lic → Jubilee Circle → Cbt-D
1043R,Cbt-D ⇆ Shantinikethan D,Cbt-D → Jubilee Circle → Lic → K C D → Dasanakoppa Cross → Lic Quarters → Narayanapura → German Hospital → Jambagi Hospital → Bendre Bhavana → Sadhankeri → Chaitanya Park → St Antony Circle → Vikas Nagar → Bgs School → Bendre Nagar → Sampige Nagar 1St Stop → Sampige Nagar 2Nd Stop → Sampige Nagar 3Rd Stop → Shantinikethan D
1044,CBT-D ⇆ Tajesavi Nagar,Cbt-D → Jubilee Circle → Court Circle → Taluk Panchayat → Head Post Office → Yammikeri → Kaboor Road Cross → Water Tank D → Rayara Mata → Venkteshwara Temple → Saraswathipura → Saraswathipura Cross → Tejasvi Nagar Bridge → Tajesavi Nagar
1044R,Tajesavi Nagar ⇆ Cbt-D,Tajesavi Nagar → Tejasvi Nagar Bridge → Saraswathipura Cross → Saraswathipura → Venkteshwara Temple → Rayara Mata → Water Tank D → Kaboor Road Cross → Yammikeri → Head Post Office → Taluk Panchayat → Court Circle → Jubilee Circle → Cbt-D
1044,CBT-D ⇆ Tajesavi Nagar,Tajesavi Nagar → Saraswathipura Cross → Saraswathipura → Venkteshwara Temple → Rayara Mata → Water Tank D → Kaboor Road Cross → Yammikeri → Head Post Office → Taluk Panchayat → Court Circle → Jubilee Circle → Cbt-D
1044R,Cbt-D ⇆ Tajesavi Nagar,Cbt-D → Jubilee Circle → Court Circle → Taluk Panchayat → Head Post Office → Yammikeri → Kaboor Road Cross → Water Tank D → Rayara Mata → Venkteshwara Temple → Saraswathipura → Saraswathipura Cross → Tajesavi Nagar
1046,Navlur ⇆ CBT-D,Navlur → Navlur School → Chavani → Navalur Cross → Ozone → Navlur K E B → Lakamanahalli Corridor → Kmf - D → Yalakki Shetter Colony → Gandhi Nagar Cross - D → Vidya Giri → Suvarna Petrol Bunk → Modern Hall → Toll Naka - D → Hosa Yallapur Cross → Nttf → Court Circle → Jubilee Circle → Cbt-D
1046R,Cbt-D ⇆ Navlur,Cbt-D → Jubilee Circle → Court Circle → Nttf → Hosa Yallapur Cross → Toll Naka - D → Modern Hall → Suvarna Petrol Bunk → Vidya Giri → Gandhi Nagar Cross - D → Yalakki Shetter Colony → Kmf - D → Lakamanahalli Corridor → Navlur K E B → Ozone → Navalur Cross → Chavani → Navlur School → Navlur
1046,Navlur ⇆ CBT-D,Cbt-D → Jubilee Circle → Court Circle → Nttf → Hosa Yallapur Cross → Toll Naka - D → Modern Hall → Suvarna Petrol Bunk → Vidya Giri → Gandhi Nagar Cross - D → Yalakki Shetter Colony → Kmf - D → Lakamanahalli Corridor → Navlur K E B → Ozone → Navlur Cross → Chavani → Navlur School → Navlur
1046R,Navlur ⇆ Cbt-D,Navlur → Navlur School → Chavani → Navlur Cross → Ozone → Navlur K E B → Lakamanahalli Corridor → Kmf - D → Yalakki Shetter Colony → Gandhi Nagar Cross - D → Vidya Giri → Suvarna Petrol Bunk → Modern Hall → Toll Naka - D → Hosa Yallapur Cross → Nttf → Court Circle → Jubilee Circle → Cbt-D
1047,CBT-D ⇆ Tadsinakoppa,Cbt-D → Jubilee Circle → Court Circle → Nttf → Hosa Yallapur Cross → Toll Naka - D → Modern Hall → Suvarna Petrol Bunk → Vidya Giri → Gandhi Nagar Cross - D → Yalakki Shetter Colony → Kmf - D → Lakamanahalli Corridor → Navlur K E B → Ozone → Navalur Cross → Dental Cross → Vanashri Nagar Cross → Ashraya Colony → Uday Giri Cross → Itti Gatti Cross → Basavanna Temple → Durgamma Temple Tadasinkoppa → Tadasinakoppa Govt School → Tadsinakoppa
1047R,Tadsinakoppa ⇆ Cbt-D,Tadsinakoppa → Tadasinakoppa Govt School → Durgamma Temple Tadasinkoppa → Basavanna Temple → Itti Gatti Cross → Uday Giri Cross → Ashraya Colony → Vanashri Nagar Cross → Dental Cross → Navalur Cross → Ozone → Navlur K E B → Lakamanahalli Corridor → Kmf - D → Yalakki Shetter Colony → Gandhi Nagar Cross - D → Vidya Giri → Suvarna Petrol Bunk → Modern Hall → Toll Naka - D → Hosa Yallapur Cross → Nttf → Court Circle → Jubilee Circle → Cbt-D
1047,Tadsinkoppa ⇆ CBT-D,Tadsinkoppa → Tadasinakoppa Govt School → Durgamma Temple Tadasinkoppa → Basavanna Temple → Itti Gatti Cross → Uday Giri Cross → Ashraya Colony → Vanashri Nagar Cross → Dental Cross → Navalur Cross → Ozone → Navlur K E B → Lakamanahalli Corridor → Kmf - D → Yalakki Shetter Colony → Gandhi Nagar Cross - D → Vidya Giri → Suvarna Petrol Bunk → Modern Hall → Toll Naka - D → Hosa Yallapur Cross → Nttf → Court Circle → Jubilee Circle → Cbt-D
1047R,Cbt-D ⇆ Tadsinkoppa,Cbt-D → Jubilee Circle → Court Circle → Nttf → Hosa Yallapur Cross → Toll Naka - D → Modern Hall → Suvarna Petrol Bunk → Vidya Giri → Gandhi Nagar Cross - D → Yalakki Shetter Colony → Kmf - D → Lakamanahalli Corridor → Navlur K E B → Ozone → Navalur Cross → Dental Cross → Vanashri Nagar Cross → Ashraya Colony → Uday Giri Cross → Itti Gatti Cross → Basavanna Temple → Durgamma Temple Tadasinkoppa → Tadasinakoppa Govt School → Tadsinkoppa
1048,CBT-D ⇆ Vanashri Nagar,Cbt-D → Jubilee Circle → Court Circle → Nttf → Hosa Yallapur Cross → Toll Naka - D → Modern Hall → Suvarna Petrol Bunk → Vidya Giri → Gandhi Nagar Cross - D → Yalakki Shetter Colony → Kmf - D → Lakamanahalli Corridor → Navlur K E B → Ozone → Navalur Cross → Dental Cross → Ashraya Colony Cross → Sdm Quarters → Vanashri Nagar 1St Stop → Kondappan Layout → Shreyas Colony → Rama Krishna → Vanashri Nagar
1048R,Vanashri Nagar ⇆ Cbt-D,Vanashri Nagar → Rama Krishna → Shreyas Colony → Kondappan Layout → Vanashri Nagar 1St Stop → Sdm Quarters → Ashraya Colony Cross → Dental Cross → Navalur Cross → Ozone → Navlur K E B → Lakamanahalli Corridor → Kmf - D → Yalakki Shetter Colony → Gandhi Nagar Cross - D → Vidya Giri → Suvarna Petrol Bunk → Modern Hall → Toll Naka - D → Hosa Yallapur Cross → Nttf → Court Circle → Jubilee Circle → Cbt-D
1048,CBT-D ⇆ Vanashri Nagar,Vanashri Nagar → Rama Krishna → Shreyas Colony → Kondappan Layout → Vanashri Nagar 1St Stop → Sdm Quarters → Ashraya Colony Cross → Dental Cross → Navalur Cross → Ozone → Navlur K E B → Lakamanahalli Corridor → Kmf - D → Yalakki Shetter Colony → Gandhi Nagar Cross - D → Vidya Giri → Suvarna Petrol Bunk → Modern Hall → Toll Naka - D → Hosa Yallapur Cross → Nttf → Court Circle → Jubilee Circle → Cbt-D
1048R,Cbt-D ⇆ Vanashri Nagar,Cbt-D → Jubilee Circle → Court Circle → Nttf → Hosa Yallapur Cross → Toll Naka - D → Modern Hall → Suvarna Petrol Bunk → Vidya Giri → Gandhi Nagar Cross - D → Yalakki Shetter Colony → Kmf - D → Lakamanahalli Corridor → Navlur K E B → Ozone → Navalur Cross → Dental Cross → Ashraya Colony Cross → Sdm Quarters → Vanashri Nagar 1St Stop → Kondappan Layout → Shreyas Colony → Rama Krishna → Vanashri Nagar
1049,CBT-D ⇆ New Bus Stand-D,Cbt-D → Jubilee Circle → Old Sp Office → K C Park → Mental Hospital → New Sp Office → New Bus Stand-D
1049R,New Bus Stand-D ⇆ Cbt-D,New Bus Stand-D → New Sp Office → Mental Hospital → K C Park → Old Sp Office → Jubilee Circle → Cbt-D
1049,CBT-D ⇆ New Bus Stand-D,New Bus Stand-D → New Sp Office → Mental Hospital → K C Park → Old Sp Office → Jubilee Circle → Cbt-D
1049R,Cbt-D ⇆ New Bus Stand-D,Cbt-D → Jubilee Circle → Old Sp Office → K C Park → Mental Hospital → New Sp Office → New Bus Stand-D
105,Chabbi ⇆ Hosur Terminal,Chabbi → Chabbi Socity → Haralikatti 2Nd Cross → Chabbi Siddharudha Matt → Haralikatti 1St Cross → Chabbi Cross → Pale Cross → Serevad Cross → Noolvi Cross → Adrgunchi Cross → Budarsingi → Kundagol Cross → Gabbur Sh → Bidnal Cross Sh → Bankapur Chouk Sh → New English School Sh → Noorani Market → Obs Sh → Hosur Terminal
105R,Hosur Terminal ⇆ Chabbi,Hosur Terminal → Obs Sh → Noorani Market → New English School Sh → Bankapur Chouk Sh → Bidnal Cross Sh → Gabbur Sh → Kundagol Cross → Budarsingi → Adrgunchi Cross → Noolvi Cross → Serevad Cross → Pale Cross → Chabbi Cross → Haralikatti 1St Cross → Chabbi Siddharudha Matt → Haralikatti 2Nd Cross → Chabbi Socity → Chabbi
105,Chabbi ⇆ Hosur Terminal,Hosur Terminal → Obs Sh → Noorani Market → New English School Sh → Bankapur Chouk Sh → Bidnal Cross Sh → Gabbur Sh → Kundagol Cross → Budarsingi → Adrgunchi Cross → Noolvi Cross → Serevad Cross → Pala Cross → Chabbi Cross → Haralikatti 1St Cross → Chabbi Siddharudha Matt → Haralikatti 2Nd Cross → Chabbi Socity → Chabbi
105R,Chabbi ⇆ Hosur Terminal,Chabbi → Chabbi Socity → Haralikatti 2Nd Cross → Chabbi Siddharudha Matt → Haralikatti 1St Cross → Chabbi Cross → Pala Cross → Serevad Cross → Noolvi Cross → Adrgunchi Cross → Budarsingi → Kundagol Cross → Gabbur Sh → Bidnal Cross Sh → Bankapur Chouk Sh → New English School Sh → Noorani Market → Obs Sh → Hosur Terminal
1050,Rajiv Gandhi Nagar ⇆ CBT-D,Cbt-D → Jubilee Circle → Court Circle → Nttf → Hosa Yallapur Cross → Toll Naka - D → Modern Hall → Vijaya Bank-D → Rajathagiri → Saraswathipura → Tejasvi Nagar Bridge → Purohith Nagar → Sdm Engg College → Kendriya Vidyalaya → Someshwara Temple → Siddeshwara Nagar → Rajiv Gandhi Nagar 1St Stop → Shankar Kirani Store → Menashinakai Oni → Railway Track → Rajiv Gandhi Nagar School → Rajiv Gandhi Nagar
1050R,Rajiv Gandhi Nagar ⇆ Cbt-D,Rajiv Gandhi Nagar → Rajiv Gandhi Nagar School → Railway Track → Menashinakai Oni → Shankar Kirani Store → Rajiv Gandhi Nagar 1St Stop → Siddeshwara Nagar → Someshwara Temple → Kendriya Vidyalaya → Sdm Engg College → Purohith Nagar → Tejasvi Nagar Bridge → Saraswathipura → Rajathagiri → Vijaya Bank-D → Modern Hall → Toll Naka - D → Hosa Yallapur Cross → Nttf → Court Circle → Jubilee Circle → Cbt-D
1050,Rajiv Gandhi Nagar ⇆ CBT-D,Rajiv Gandhi Nagar → Rajiv Gandhi Nagar School → Railway Track → Menashinakai Oni → Shankar Kirani Store → Rajiv Gandhi Nagar 1St Stop → Siddeshwara Nagar → Someshwara Temple → Kendriya Vidyalaya → Sdm Engg College → Purohith Nagar → Tejasvi Nagar Bridge → Saraswathipura → Rajathagiri → Vijaya Bank-D → Modern Hall → Toll Naka - D → Hosa Yallapur Cross → Nttf → Court Circle → Jubilee Circle → Cbt-D
1050R,Cbt-D ⇆ Rajiv Gandhi Nagar,Cbt-D → Jubilee Circle → Court Circle → Nttf → Hosa Yallapur Cross → Toll Naka - D → Modern Hall → Vijaya Bank-D → Rajathagiri → Saraswathipura → Tejasvi Nagar Bridge → Purohith Nagar → Sdm Engg College → Kendriya Vidyalaya → Someshwara Temple → Siddeshwara Nagar → Rajiv Gandhi Nagar 1St Stop → Shankar Kirani Store → Menashinakai Oni → Railway Track → Rajiv Gandhi Nagar School → Rajiv Gandhi Nagar
1051,CBT-D ⇆ Saraswathipura,Cbt-D → Jubilee Circle → Court Circle → Nttf → Hosa Yallapur Cross → Modern Hall → Saraswathipura
1051R,Saraswathipura ⇆ Cbt-D,Saraswathipura → Modern Hall → Hosa Yallapur Cross → Nttf → Court Circle → Jubilee Circle → Cbt-D
1051,CBT-D ⇆ Saraswathipura,Saraswathipura → Modern Hall → Nttf → Hosa Yallapur Cross → Court Circle → Jubilee Circle → Cbt-D
1051R,Cbt-D ⇆ Saraswathipura,Cbt-D → Jubilee Circle → Court Circle → Hosa Yallapur Cross → Nttf → Modern Hall → Saraswathipura
1053,CBT-D ⇆ JSS Public School,Cbt-D → Jubilee Circle → Lic → Kcd → Nayadu Girini → Saptapura → Jaya Nagar Cross → Sarwamangala Hospital → Parisara Bhavan → Srinagar Cross → Shivalaya → Ics College → Nehru Nagar Cross → Neharu Nagar 1St Stop → Nehru Nagar → Jss Public School
1053R,Jss Public School ⇆ Cbt-D,Jss Public School → Nehru Nagar → Neharu Nagar 1St Stop → Nehru Nagar Cross → Ics College → Shivalaya → Srinagar Cross → Parisara Bhavan → Sarwamangala Hospital → Jaya Nagar Cross → Saptapura → Nayadu Girini → Kcd → Lic → Jubilee Circle → Cbt-D
1053,CBT-D ⇆ JSS Public School,Jss Public School → Neharu Nagar → Neharu Nagar 1St Stop → Nehru Nagar Cross → Ics College → Shivalaya → Srinagar → Parisara Bhavan → Sarwamangala Hospital → Jaya Nagar Cross → Saptapura → K C D → Lic → Jubilee Circle → Anjuman Circle → Cbt-D
1053R,Cbt-D ⇆ Jss Public School,Cbt-D → Anjuman Circle → Jubilee Circle → Lic → K C D → Saptapura → Jaya Nagar Cross → Sarwamangala Hospital → Parisara Bhavan → Srinagar → Shivalaya → Ics College → Nehru Nagar Cross → Neharu Nagar 1St Stop → Neharu Nagar → Jss Public School
1054,Hanumanth Nagar -D ⇆ CBT-D,Cbt-D → Jubilee Circle → Court Circle → Brindhavan → Head Post Office → Dc Office → Uday Hostel → Old Central School → Kariyyamma Temple → Ragavendra Nagar → Barakotri → Barakotari Bridge → Nirmala Nagar → Navodhaya Nagar → Extranal Department → Ka Univercity → Nijalingappa Hostel → Bhala Balaga → Nisarga → Hanumanthaa Nagar Cross → Hanumanth Nagar -D
1054R,Hanumanth Nagar -D ⇆ Cbt-D,Hanumanth Nagar -D → Hanumanthaa Nagar Cross → Nisarga → Bhala Balaga → Nijalingappa Hostel → Ka Univercity → Extranal Department → Navodhaya Nagar → Nirmala Nagar → Barakotari Bridge → Barakotri → Ragavendra Nagar → Kariyyamma Temple → Old Central School → Uday Hostel → Dc Office → Head Post Office → Brindhavan → Court Circle → Jubilee Circle → Cbt-D
1054,Hanumanth Nagar -D ⇆ CBT-D,Hanumanth Nagar -D → Hanumanthaa Nagar Cross → Nisarga → Bhala Balaga → Nijalingappa Hostel → Ka Univercity → Extranal Department → Navodhaya Nagar → Nirmala Nagar → Barakotari Bridge → Barakotri → Ragavendra Nagar → Kariyyamma Temple → Old Central School → Uday Hostel → C B Nagar → Headpost Office → Brindhavan → Court Circle → Jubilee Circle → Cbt-D
1054R,Cbt-D ⇆ Hanumanth Nagar -D,Cbt-D → Jubilee Circle → Court Circle → Brindhavan → Headpost Office → C B Nagar → Uday Hostel → Old Central School → Kariyyamma Temple → Ragavendra Nagar → Barakotri → Barakotari Bridge → Nirmala Nagar → Navodhaya Nagar → Extranal Department → Ka Univercity → Nijalingappa Hostel → Bhala Balaga → Nisarga → Hanumanthaa Nagar Cross → Hanumanth Nagar -D
1057,Jogellapur ⇆ CBT-D,Cbt-D → Jubilee Circle → Court Circle → Nttf → Hosa Yallapur Cross → Toll Naka - D → Modern Hall → Vijaya Bank-D → Rajathagiri → Saraswathipura → Tejasvi Nagar Bridge → Purohith Nagar → M I S → Giri Nagar D → Hattikola Cross → Nugikeri Hanuman Temple Gate → Hanchinamani College → Nugikeri Village → Yarikoppa Cross → Jogellapur Cross → Jogellapur 1St Stop → Jogyallapur 2Nd Stop → Jogellapur
1057R,Jogellapur ⇆ Cbt-D,Jogellapur → Jogyallapur 2Nd Stop → Jogellapur 1St Stop → Jogellapur Cross → Yarikoppa Cross → Nugikeri Village → Hanchinamani College → Nugikeri Hanuman Temple Gate → Hattikola Cross → Giri Nagar D → M I S → Purohith Nagar → Tejasvi Nagar Bridge → Saraswathipura → Rajathagiri → Vijaya Bank-D → Modern Hall → Toll Naka - D → Hosa Yallapur Cross → Nttf → Court Circle → Jubilee Circle → Cbt-D
1057,Jogellapur ⇆ CBT-D,Jogellapur → Jogyallapur 2Nd Stop → Jogellapur 1St Stop → Jogellapur Cross → Yarikoppa Cross → Nugikeri Village → Hanchinamani College → Nugikeri Hanuman Temple Gate → Hattikol Cross → Giri Nagar D → M I S → Purohith Nagar → Saraswathipura → Rajathagiri → Modern Hall → Toll Naka - D → Hosa Yallapur Cross → Nttf → Court Circle → Jubilee Circle → Cbt-D
1057R,Cbt-D ⇆ Jogellapur,Cbt-D → Jubilee Circle → Court Circle → Nttf → Hosa Yallapur Cross → Toll Naka - D → Modern Hall → Rajathagiri → Saraswathipura → Purohith Nagar → M I S → Giri Nagar D → Hattikol Cross → Nugikeri Hanuman Temple Gate → Hanchinamani College → Nugikeri Village → Yarikoppa Cross → Jogellapur Cross → Jogellapur 1St Stop → Jogyallapur 2Nd Stop → Jogellapur
1058,CBT-D ⇆ Lohiya Nagar -D1,Cbt-D → Jubilee Circle → Court Circle → Nttf → Hosa Yallapur Cross → Toll Naka - D → Modern Hall → Vijaya Bank-D → Rajathagiri → Saraswathipura → Tejasvi Nagar Bridge → Purohith Nagar → M I S → Lohiya Nagar -D1
1058R,Lohiya Nagar -D1 ⇆ Cbt-D,Lohiya Nagar -D1 → M I S → Purohith Nagar → Tejasvi Nagar Bridge → Saraswathipura → Rajathagiri → Vijaya Bank-D → Modern Hall → Toll Naka - D → Hosa Yallapur Cross → Nttf → Court Circle → Jubilee Circle → Cbt-D
1058,CBT-D ⇆ Lohiya Nagar -D1,Lohiya Nagar -D1 → M I S → Purohith Nagar → Tejasvi Nagar Bridge → Saraswathipura → Rajathagiri → Vijaya Bank-D → Modern Hall → Toll Naka - D → Hosa Yallapur Cross → Nttf → Court Circle → Jubilee Circle → Cbt-D
1058R,Cbt-D ⇆ Lohiya Nagar -D1,Cbt-D → Jubilee Circle → Court Circle → Nttf → Hosa Yallapur Cross → Toll Naka - D → Modern Hall → Vijaya Bank-D → Rajathagiri → Saraswathipura → Tejasvi Nagar Bridge → Purohith Nagar → M I S → Lohiya Nagar -D1
1059,CBT-D ⇆ Jadava Nagar -D1,Cbt-D → Jubilee Circle → Court Circle → Yammikeri → Modern Hall → Rajathagiri → Saraswathipura → Tejasvi Nagar Bridge → Tajesavi Nagar → Tejasvi Nagar Bus Stop → Jadava Nagar -D1
1059R,Jadava Nagar -D1 ⇆ Cbt-D,Jadava Nagar -D1 → Tejasvi Nagar Bus Stop → Tajesavi Nagar → Tejasvi Nagar Bridge → Saraswathipura → Rajathagiri → Modern Hall → Yammikeri → Court Circle → Jubilee Circle → Cbt-D
1059,CBT-D ⇆ Jadava Nagar -D1,Jadava Nagar -D1 → Tejasvi Nagar Bus Stop → Tejasvi Nagar Bridge → Saraswathipura → Rajathagiri → Vijaya Bank-D → Modern Hall → Yammikeri → Court Circle → Jubilee Circle → Cbt-D
1059R,Cbt-D ⇆ Jadava Nagar -D1,Cbt-D → Jubilee Circle → Court Circle → Yammikeri → Modern Hall → Vijaya Bank-D → Rajathagiri → Saraswathipura → Tejasvi Nagar Bridge → Tejasvi Nagar Bus Stop → Jadava Nagar -D1
106,Hosur Terminal ⇆ Chavaragudda,Chavaragudda → Ramapur Cross → Ramapur → Ramapur Cross → Chennapur → M/S (Milestone) → Bridge Rc1 → Shiva Gowdown → Anchitageri Govt School → Anchitageri → Wali → Kempegeri → Karwar Road Bypass → Grid Sh → Indi Pump Sh → Hosur Terminal
106R,Hosur Terminal ⇆ Chavaragudda,Hosur Terminal → Indi Pump Sh → Grid Sh → Karwar Road Bypass → Kempegeri → Wali → Anchitageri → Anchitageri Govt School → Shiva Gowdown → Bridge Rc1 → M/S (Milestone) → Chennapur → Ramapur Cross → Ramapur → Ramapur Cross → Chavaragudda
106,Hosur Terminal ⇆ Chavaragudda,Hosur Terminal → Indi Pump Sh → Grid Sh → Karwar Road Bypass → Kempegeri → Wali → Anchitageri → Anchitageri Govt School → Shiva Gowdown → Bridge Rc2 → M/S (Milestone) → Chennapur → Ramapura Cross → Ramapur → Ramapur Cross → Chavaragudda
106R,Chavaragudda ⇆ Hosur Terminal,Chavaragudda → Ramapur Cross → Ramapur → Ramapura Cross → Chennapur → M/S (Milestone) → Bridge Rc2 → Shiva Gowdown → Anchitageri Govt School → Anchitageri → Wali → Kempegeri → Karwar Road Bypass → Grid Sh → Indi Pump Sh → Hosur Terminal
1061,CBT-D ⇆ Iiit-D1,Cbt-D → Jubilee Circle → Court Circle → Nttf → Hosa Yallapur Cross → Toll Naka - D → Modern Hall → Suvarna Petrol Bunk → Vidya Giri → Gandhi Nagar Cross - D → Yalakki Shetter Colony → Kmf - D → Lakamanahalli Corridor → Navlur K E B → Ozone → Navlur → Dental Cross → Vanashri Nagar Cross → Ashraya Colony → Uday Giri Cross → Iiit-D1
1061R,Iiit-D1 ⇆ Cbt-D,Iiit-D1 → Uday Giri Cross → Ashraya Colony → Vanashri Nagar Cross → Dental Cross → Navlur → Ozone → Navlur K E B → Lakamanahalli Corridor → Kmf - D → Yalakki Shetter Colony → Gandhi Nagar Cross - D → Vidya Giri → Suvarna Petrol Bunk → Modern Hall → Toll Naka - D → Hosa Yallapur Cross → Nttf → Court Circle → Jubilee Circle → Cbt-D
1061,CBT-D ⇆ Iiit-D1,Iiit-D1 → Uday Giri Cross → Ashraya Colony → Vanashri Nagar Cross → Dental Cross → Navlur → Ozone → Navlur K E B → Lakamanahalli Corridor → Kmf - D → Yalakki Shetter Colony → Gandhi Nagar Cross - D → Vidya Giri → Suvarna Petrol Bunk → Modern Hall → Toll Naka - D → Hosa Yallapur Cross → Nttf → Court Circle → Jubilee Circle → Cbt-D
1061R,Cbt-D ⇆ Iiit-D1,Cbt-D → Jubilee Circle → Court Circle → Nttf → Hosa Yallapur Cross → Toll Naka - D → Modern Hall → Suvarna Petrol Bunk → Vidya Giri → Gandhi Nagar Cross - D → Yalakki Shetter Colony → Kmf - D → Lakamanahalli Corridor → Navlur K E B → Ozone → Navlur → Dental Cross → Vanashri Nagar Cross → Ashraya Colony → Uday Giri Cross → Iiit-D1
1065,Gamanagatti ⇆ CBT-D,Cbt-D → Jubilee Circle → Court Circle → Nttf → Hosa Yallapur Cross → Toll Naka - D → Modern Hall → Suvarna Petrol Bunk → Vidya Giri → Gandhi Nagar Cross - D → Yalakki Shetter Colony → Kmf - D → Lakamanahalli Corridor → Navlur K E B → Ozone → Navlur → Sattur → Sdm Medical College → Navalur Railway Station → K M F 1 - D → Rayapur → Iskcon Temple → K S F C → Rto Office → Income Tax → Cancer Hospital → Bsr Circle → Karnataka Circle → Shivanand Nagar → City Park Cross → Joshi Pharma → M M Joshi Park → Kariyamma Temple-H → Gamanagatti
1065R,Gamanagatti ⇆ Cbt-D,Gamanagatti → Kariyamma Temple-H → M M Joshi Park → Joshi Pharma → City Park Cross → Shivanand Nagar → Karnataka Circle → Bsr Circle → Cancer Hospital → Income Tax → Rto Office → K S F C → Iskcon Temple → Rayapur → K M F 1 - D → Navalur Railway Station → Sdm Medical College → Sattur → Navlur → Ozone → Navlur K E B → Lakamanahalli Corridor → Kmf - D → Yalakki Shetter Colony → Gandhi Nagar Cross - D → Vidya Giri → Suvarna Petrol Bunk → Modern Hall → Toll Naka - D → Hosa Yallapur Cross → Nttf → Court Circle → Jubilee Circle → Cbt-D
1065,Gamanagatti ⇆ CBT-D,Gamanagatti → Kariyamma Temple-H → M M Joshi Park → Joshi Pharma → City Park Cross → Shivanand Nagar → Karnataka Circle → Bsr Circle → Cancer Hospital → Navanagar Corridor → Income Tax → Rto Office → Iskcon Temple → Rayapur → K M F 1 - D2 → Navalur Railway Station → Sdm Medical College → Sattur Cross → Dental → Navalur Cross → Navlur K E B → Lakamanahalli Corridor → Kmf - D → Yalakki Shetter Colony → Gandhi Nagar Cross - D → Vidya Giri → Suvarna Petrol Bunk → Modern Hall → Toll Naka - D → Hosa Yallapur Cross → Nttf → Court Circle → Jubilee Circle → Cbt-D
1065R,Cbt-D ⇆ Gamanagatti,Cbt-D → Jubilee Circle → Court Circle → Nttf → Hosa Yallapur Cross → Toll Naka - D → Modern Hall → Suvarna Petrol Bunk → Vidya Giri → Gandhi Nagar Cross - D → Yalakki Shetter Colony → Kmf - D → Lakamanahalli Corridor → Navlur K E B → Navalur Cross → Dental → Sattur Cross → Sdm Medical College → Navalur Railway Station → K M F 1 - D2 → Rayapur → Iskcon Temple → Rto Office → Income Tax → Navanagar Corridor → Cancer Hospital → Bsr Circle → Karnataka Circle → Shivanand Nagar → City Park Cross → Joshi Pharma → M M Joshi Park → Kariyamma Temple-H → Gamanagatti
1066,Bendre Nagar ⇆ DWR SD,Bendre Nagar → Bgs School → Gtc Cross Sd → Gtc → Kvg Bank → New Bus Stand-D → New Sp Office → Mental Hospital → K C Park → Old Sp Office → Corporation-D → Dwr Sd
1066R,Dwr Sd ⇆ Bendre Nagar,Dwr Sd → Corporation-D → Old Sp Office → K C Park → Mental Hospital → New Sp Office → New Bus Stand-D → Kvg Bank → Gtc → Gtc Cross Sd → Bgs School → Bendre Nagar
1068,Pavate Nagar ⇆ DWR SD,Pavate Nagar → Working Womens Hostel → Womens Hostel → Srinagar → Parisara Bhavan → Sarwamangala Hospital → Jaya Nagar Cross → Saptapura → K C D → Lic → Jubilee Circle → Anjuman Circle → Dwr Sd
1068R,Dwr Sd ⇆ Pavate Nagar,Dwr Sd → Anjuman Circle → Jubilee Circle → Lic → K C D → Saptapura → Jaya Nagar Cross → Sarwamangala Hospital → Parisara Bhavan → Srinagar → Womens Hostel → Working Womens Hostel → Pavate Nagar
107,Devargudihal ⇆ Hosur Terminal,Devargudihal → Devargudihal Form → Gariyan → Parsapur Plot → Parsapur → Vk Formouse → Gangival Govt School → Gangi Val → Raynal Darga → Kambar Sali → Raynal → Kambar Sali → Raynal Darga → Vani Plot → Shimla Nagar → Lakkyhall → Shubhash Nagar → Gudihal Cross → Indi Pump Sh → Old Hubli Circle → New English School-H → Murusavira Matta Cross Sh → Obs Sh → Hosur Terminal
107R,Hosur Terminal ⇆ Devargudihal,Hosur Terminal → Obs Sh → Murusavira Matta Cross Sh → New English School-H → Old Hubli Circle → Indi Pump Sh → Gudihal Cross → Shubhash Nagar → Lakkyhall → Shimla Nagar → Vani Plot → Raynal Darga → Kambar Sali → Raynal → Kambar Sali → Raynal Darga → Gangi Val → Gangival Govt School → Vk Formouse → Parsapur → Parsapur Plot → Gariyan → Devargudihal Form → Devargudihal
107,Devargudihal ⇆ Hosur Terminal,Hosur Terminal → Obs Sh → Murusavira Matta Cross Sh → New English School-H → Old Hubli Circle → Indi Pump Sh → Gudihal Cross → Shubhash Nagar → Lakkyhall → Shimla Nagar → Vani Plot → Raynal Darga → Kambar Sali → Raynal → Kambar Sali → Raynal Darga → Gangi Val → Gangival Govt School → Vk Formouse → Parsapur → Parsapur Plot → Gariyan → Devargudihal Form → Devargudihal
107R,Devargudihal ⇆ Hosur Terminal,Devargudihal → Devargudihal Form → Gariyan → Parsapur Plot → Parsapur → Vk Formouse → Gangival Govt School → Gangi Val → Raynal Darga → Kambar Sali → Raynal → Kambar Sali → Raynal Darga → Vani Plot → Shimla Nagar → Lakkyhall → Shubhash Nagar → Gudihal Cross → Indi Pump Sh → Old Hubli Circle → New English School-H → Murusavira Matta Cross Sh → Obs Sh → Hosur Terminal
1072,CBT-D ⇆ Bellad Nagar,Cbt-D → Jubilee Circle → Court Circle → Brindhavan → Head Post Office → Yammikeri → Kaboor Road Cross → Water Tank D → Rayara Mata → Venkteshwara Temple → Desai Colony → Saraswathipura Cross → Saraswathipura → Tejasvi Nagar Bridge → Purohith Nagar → Sdm Engg College → Someshwara Temple → Bellad Nagar
1072R,Bellad Nagar ⇆ Cbt-D,Bellad Nagar → Someshwara Temple → Sdm Engg College → Purohith Nagar → Tejasvi Nagar Bridge → Saraswathipura → Saraswathipura Cross → Desai Colony → Venkteshwara Temple → Rayara Mata → Water Tank D → Kaboor Road Cross → Yammikeri → Head Post Office → Brindhavan → Court Circle → Jubilee Circle → Cbt-D
1072,CBT-D ⇆ Bellad Nagar,Bellad Nagar → Someshwara Temple → Sdm Engg College → Purohith Nagar → Tajesavi Nagar → Saraswathipura → Saraswathipura Cross → Desai Colony → Venkteshwara Temple → Rayara Mata → Water Tank D → Kaboor Road Cross → Yammikeri → Head Post Office → Brindhavan → Court Circle → Jubilee Circle → Cbt-D
1072R,Cbt-D ⇆ Bellad Nagar,Cbt-D → Jubilee Circle → Court Circle → Brindhavan → Head Post Office → Yammikeri → Kaboor Road Cross → Water Tank D → Rayara Mata → Venkteshwara Temple → Desai Colony → Saraswathipura Cross → Saraswathipura → Tajesavi Nagar → Purohith Nagar → Sdm Engg College → Someshwara Temple → Bellad Nagar
1073,Shivalli ⇆ DWR SD,Dwr Sd → Shivaji Circle → Hebballi Agasi → Mr Nagar → Tulja Bavani Gudi → Hebballi Form → Govin Koppa Cross → Mi Nalwadi School → Pattri Gida → Gongadi Koppa Cross → Somapur → Mardgi Cross → Hubballi Cross → Shivalli
1073R,Shivalli ⇆ Dwr Sd,Shivalli → Hubballi Cross → Mardgi Cross → Somapur → Gongadi Koppa Cross → Pattri Gida → Mi Nalwadi School → Govin Koppa Cross → Hebballi Form → Tulja Bavani Gudi → Mr Nagar → Hebballi Agasi → Shivaji Circle → Dwr Sd
1073,Shivalli ⇆ DWR SD,Shivalli → Hubballi Cross → Mardgi Cross → Somapur → Gongadi Koppa Cross → Pattri Gida → Mi Nalwadi School → Govin Koppa Cross → Hebballi Form → Tulja Bavani Gudi → Mr Nagar → Hebballi Agasi → Shivaji Circle → Raman Gouda Haspital → Old Sp Office → Corporation-D → Dwr Sd
1073R,Dwr Sd ⇆ Shivalli,Dwr Sd → Corporation-D → Old Sp Office → Raman Gouda Haspital → Shivaji Circle → Hebballi Agasi → Mr Nagar → Tulja Bavani Gudi → Hebballi Form → Govin Koppa Cross → Mi Nalwadi School → Pattri Gida → Gongadi Koppa Cross → Somapur → Mardgi Cross → Hubballi Cross → Shivalli
1074,Talwai ⇆ CBT-D,Cbt-D → Shivaji Circle → Depot Circle → Murga Matha Sd → Mahanta Nagar → Kavalgeri Cross → Kavalgeri Mile Stone → Harni Bore → Gudusala → Kavalgeri Halla → Shettar Bangla 1St Stop → Shettar Bangla 2Nd Stop → Kavalgeri → Chandanmatti → Ashram → Kankur Govt School → Kankur → Kankur Mile Stone → Talwai
1074R,Talwai ⇆ Cbt-D,Talwai → Kankur Mile Stone → Kankur → Kankur Govt School → Ashram → Chandanmatti → Kavalgeri → Shettar Bangla 2Nd Stop → Shettar Bangla 1St Stop → Kavalgeri Halla → Gudusala → Harni Bore → Kavalgeri Mile Stone → Kavalgeri Cross → Mahanta Nagar → Murga Matha Sd → Depot Circle → Shivaji Circle → Cbt-D
1074,Talwai ⇆ CBT-D,Talwai → Kankur Mile Stone → Kankur → Ashram → Chandanmatti → Kavalgeri → Shettar Bangla 2Nd Stop → Shettar Bangla 1St Stop → Kavalgeri Halla → Gudusala → Harni Bore → Kavalgeri Mile Stone → Kavalgeri Cross → Mahanta Nagar → Murga Matha Sd → Depot Circle Sd → Shivaji Circle Sd → Raman Gouda Haspital → Old Sp Office → Corporation-D → Cbt-D
1074R,Cbt-D ⇆ Talwai,Cbt-D → Corporation-D → Old Sp Office → Raman Gouda Haspital → Shivaji Circle Sd → Depot Circle Sd → Murga Matha Sd → Mahanta Nagar → Kavalgeri Cross → Kavalgeri Mile Stone → Harni Bore → Gudusala → Kavalgeri Halla → Shettar Bangla 1St Stop → Shettar Bangla 2Nd Stop → Kavalgeri → Chandanmatti → Ashram → Kankur → Kankur Mile Stone → Talwai
1075,DWR SD ⇆ Baad,Dwr Sd → Dharwad Akashwani → Dasanakoppa → Shivalaya → Nehru Nagar Cross → Hallyal Railway Gate → Hoysala Nagar → Agro Nagar → Borewell → Mansur Cross → Salakin Koppa → Anand Ashram → Baad Dhaba → Baad Cross → Baad
1075R,Baad ⇆ Dwr Sd,Baad → Baad Cross → Baad Dhaba → Anand Ashram → Salakin Koppa → Mansur Cross → Borewell → Agro Nagar → Hoysala Nagar → Hallyal Railway Gate → Nehru Nagar Cross → Shivalaya → Dasanakoppa → Dharwad Akashwani → Dwr Sd
1077,Belli Gatti ⇆ DWR SD,Belli Gatti → Mile Stione Kachha Rode → Managundi → Pandav Nagar → Managundi  1St Stop → Form → Manasur Plot → Mansur → Mansur Govt School → Siddeshwar Matha → Sali Matha School → Mansur Cross → Borewell → Agro Nagar → Hoysala Nagar → Hallyal Railway Gate → Nehru Nagar Cross → Ics College → Shivalaya → Servomangala → Dasanakoppa → Old Sp Office Sd → Corporation-D → Dwr Sd
1077R,Dwr Sd ⇆ Belli Gatti,Dwr Sd → Corporation-D → Old Sp Office Sd → Dasanakoppa → Servomangala → Shivalaya → Ics College → Nehru Nagar Cross → Hallyal Railway Gate → Hoysala Nagar → Agro Nagar → Borewell → Mansur Cross → Sali Matha School → Siddeshwar Matha → Mansur Govt School → Mansur → Manasur Plot → Form → Managundi  1St Stop → Pandav Nagar → Managundi → Mile Stione Kachha Rode → Belli Gatti
1077,Belli Gatti ⇆ DWR SD,Dwr Sd → Oswal Sd → Old Sp Office → Dasanakoppa → Shivalaya → Nehru Nagar Cross → Hallyal Railway Gate → Hoysala Nagar → Agro Nagar → Borewell → Mansur Cross → Sali Matha School → Siddeshwar Matha → Mansur Govt School → Mansur → Manasur Plot → Form → Managundi Govt School → Managundi  1St Stop → Pandav Nagar → Managundi → Mile Stione Kachha Road → Belli Gatti
1077R,Belli Gatti ⇆ Dwr Sd,Belli Gatti → Mile Stione Kachha Road → Managundi → Pandav Nagar → Managundi  1St Stop → Managundi Govt School → Form → Manasur Plot → Mansur → Mansur Govt School → Siddeshwar Matha → Sali Matha School → Mansur Cross → Borewell → Agro Nagar → Hoysala Nagar → Hallyal Railway Gate → Nehru Nagar Cross → Shivalaya → Dasanakoppa → Old Sp Office → Oswal Sd → Dwr Sd
1078,CBT-D ⇆ Manjunatha Colony,Cbt-D → Jubilee Circle → Court Circle → Nttf → Hosa Yallapur Cross → Toll Naka - D → Modern Hall → Rajathagiri → Saraswathipura → Tejasvi Nagar Bridge → Tajesavi Nagar → Tejasvi Nagar Bus Stop → Sangolli Rayanna Nagar 1St Cross → Sangolli Rayana Nagar → Manjunatha Colony
1078R,Manjunatha Colony ⇆ Cbt-D,Manjunatha Colony → Sangolli Rayana Nagar → Sangolli Rayanna Nagar 1St Cross → Tejasvi Nagar Bus Stop → Tajesavi Nagar → Tejasvi Nagar Bridge → Saraswathipura → Rajathagiri → Modern Hall → Toll Naka - D → Hosa Yallapur Cross → Nttf → Court Circle → Jubilee Circle → Cbt-D
1078,CBT-D ⇆ Manjunatha Colony,Manjunatha Colony → Sangolli Rayana Nagar → Sangolli Rayanna Nagar 1St Cross → Tejasvi Nagar Bus Stop → Tejasvi Nagar Bridge → Saraswathipura → Rajathagiri → Vijaya Bank-D → Modern Hall → Toll Naka - D → Hosa Yallapur Cross → Nttf → Court Circle → Jubilee Circle → Cbt-D
1078R,Cbt-D ⇆ Manjunatha Colony,Cbt-D → Jubilee Circle → Court Circle → Nttf → Hosa Yallapur Cross → Toll Naka - D → Modern Hall → Vijaya Bank-D → Rajathagiri → Saraswathipura → Tejasvi Nagar Bridge → Tejasvi Nagar Bus Stop → Sangolli Rayanna Nagar 1St Cross → Sangolli Rayana Nagar → Manjunatha Colony
1079,Agri College ⇆ Dharwad,Agri College → Admission Office → Agri University Gate → Yattin Gudda Cross → Dairy → Pepsi Factory → Gtc → J D Office → Kvg Bank → New Bus Stand-D → New Sp Office → Mental Hospital → K C Park → Old Dsp → Jubilee Circle → Dharwad
1079R,Dharwad ⇆ Agri College,Dharwad → Jubilee Circle → Old Dsp → K C Park → Mental Hospital → New Sp Office → New Bus Stand-D → Kvg Bank → J D Office → Gtc → Pepsi Factory → Dairy → Yattin Gudda Cross → Agri University Gate → Admission Office → Agri College
1080,Belli Gatti ⇆ DWR SD,Belli Gatti → Mile Stione Kachha Rode → Managundi → Pandav Nagar → Managundi  1St Stop → Form → Manasur Plot → Mansur → Mansur Govt School → Siddeshwar Matha → Sali Matha School → Mansur Cross → Borewell → Agro Nagar → Hoysala Nagar → Hallyal Railway Gate → Nehru Nagar Cross → Ics College → Shivalaya → Servomangala → Dasanakoppa → Old Sp Office Sd → Corporation-D → Dwr Sd
1080R,Dwr Sd ⇆ Belli Gatti,Dwr Sd → Corporation-D → Old Sp Office Sd → Dasanakoppa → Servomangala → Shivalaya → Ics College → Nehru Nagar Cross → Hallyal Railway Gate → Hoysala Nagar → Agro Nagar → Borewell → Mansur Cross → Sali Matha School → Siddeshwar Matha → Mansur Govt School → Mansur → Manasur Plot → Form → Managundi  1St Stop → Pandav Nagar → Managundi → Mile Stione Kachha Rode → Belli Gatti
1081,CBT-D ⇆ K H B Collony,Cbt-D → Oswal Sd → Old Dsp → K C Park → Mental Hospital → New Bus Stand-D → Police Head Quarters-D → Gtc → Patil Stop → Halla → Nursury → Malikarjun Gudi → Hire Malligwad → Chikkamalligawad Cross → K H B 1St Cross → K H B 2Nd Cross → K H B 3Rd Cross → K H B Collony
1081R,K H B Collony ⇆ Cbt-D,K H B Collony → K H B 3Rd Cross → K H B 2Nd Cross → K H B 1St Cross → Chikkamalligawad Cross → Hire Malligwad → Malikarjun Gudi → Nursury → Halla → Patil Stop → Gtc → Police Head Quarters-D → New Bus Stand-D → Mental Hospital → K C Park → Old Dsp → Oswal Sd → Cbt-D
1081,KHB Collony ⇆ CBT-D,Khb Collony → K H B 3Rd Cross → K H B 2Nd Cross → K H B 1St Cross → Chikkamalligawad Cross → Hire Malligwad → Malikarjun Gudi → Nursury → Halla → Patil Stop → Gtc → Police Head Quarters-D → New Bus Stand-D → New Sp Office → Mental Hospital → K C Park → Old Sp Office → Kalabhawan → Cbt-D
1081R,Cbt-D ⇆ Khb Collony,Cbt-D → Kalabhawan → Old Sp Office → K C Park → Mental Hospital → New Sp Office → New Bus Stand-D → Police Head Quarters-D → Gtc → Patil Stop → Halla → Nursury → Malikarjun Gudi → Hire Malligwad → Chikkamalligawad Cross → K H B 1St Cross → K H B 2Nd Cross → K H B 3Rd Cross → Khb Collony
1083,Chandanmatti ⇆ CBT-D,Chandanmatti → Kavalgeri → Shettar Bangla 2Nd Stop → Shettar Bangla 1St Stop → Kavalgeri Halla → Gudusala → Harni Bore → Kavalgeri Mile Stone → Kavalgeri Cross → Mis → Mahanta Nagar → Murga Matha Sd → Depot Circle Sd → Shivaji Circle Sd → Raman Gouda Haspital → Old Sp Office → Corporation-D → Cbt-D
1083R,Cbt-D ⇆ Chandanmatti,Cbt-D → Corporation-D → Old Sp Office → Raman Gouda Haspital → Shivaji Circle Sd → Depot Circle Sd → Murga Matha Sd → Mahanta Nagar → Mis → Kavalgeri Cross → Kavalgeri Mile Stone → Harni Bore → Gudusala → Kavalgeri Halla → Shettar Bangla 1St Stop → Shettar Bangla 2Nd Stop → Kavalgeri → Chandanmatti
1083,DWR SD ⇆ Chandanmatti,Dwr Sd → Shivaji Circle → Murga Matha Sd → Mahanta Nagar → Mis → Kavalgeri Cross → Kavalgeri Mile Stone → Harni Bore → Gudusala → Kavalgeri Halla → Shettar Bangla 1St Stop → Shettar Bangla 2Nd Stop → Kavalgeri → Chandanmatti
1083R,Chandanmatti ⇆ Dwr Sd,Chandanmatti → Kavalgeri → Shettar Bangla 2Nd Stop → Shettar Bangla 1St Stop → Kavalgeri Halla → Gudusala → Harni Bore → Kavalgeri Mile Stone → Kavalgeri Cross → Mis → Mahanta Nagar → Murga Matha Sd → Shivaji Circle → Dwr Sd
1084,Baad ⇆ CBT-D,Baad → Baad Cross → Baad Dhaba → Anand Ashram → Salakin Koppa → Mansur Cross → Borewell → Agro Nagar → Hoysala Nagar → Hallyal Railway Gate → Nehru Nagar Cross → Shivalaya → Servomangala → Dasanakoppa → Dharwad Akashwani → Old Sp Office Sd → Corporation-D → Cbt-D
1084R,Cbt-D ⇆ Baad,Cbt-D → Corporation-D → Old Sp Office Sd → Dharwad Akashwani → Dasanakoppa → Servomangala → Shivalaya → Nehru Nagar Cross → Hallyal Railway Gate → Hoysala Nagar → Agro Nagar → Borewell → Mansur Cross → Salakin Koppa → Anand Ashram → Baad Dhaba → Baad Cross → Baad
1087,CBT-D ⇆ Chinmay Colony,Cbt-D → Jubilee Circle → Court Circle → Nttf → Hosa Yallapur Cross → Toll Naka - D → Modern Hall → Rajathagiri → Saraswathipura → Tejasvi Nagar Bridge → Tajesavi Nagar → Tejasvi Nagar Bus Stop → Sangolli Rayanna Nagar 1St Cross → Sangolli Rayana Nagar → Chinmay Colony
1087R,Chinmay Colony ⇆ Cbt-D,Chinmay Colony → Sangolli Rayana Nagar → Sangolli Rayanna Nagar 1St Cross → Tejasvi Nagar Bus Stop → Tajesavi Nagar → Tejasvi Nagar Bridge → Saraswathipura → Rajathagiri → Modern Hall → Toll Naka - D → Hosa Yallapur Cross → Nttf → Court Circle → Jubilee Circle → Cbt-D
1087,CBT-D ⇆ Chinmay Colony,Chinmay Colony → Sangolli Rayana Nagar → Sangolli Rayanna Nagar 1St Cross → Tejasvi Nagar Bus Stop → Tejasvi Nagar Bridge → Saraswathipura → Rajathagiri → Vijaya Bank-D → Modern Hall → Toll Naka - D → Hosa Yallapur Cross → Nttf → Court Circle → Jubilee Circle → Cbt-D
1087R,Cbt-D ⇆ Chinmay Colony,Cbt-D → Jubilee Circle → Court Circle → Nttf → Hosa Yallapur Cross → Toll Naka - D → Modern Hall → Vijaya Bank-D → Rajathagiri → Saraswathipura → Tejasvi Nagar Bridge → Tejasvi Nagar Bus Stop → Sangolli Rayanna Nagar 1St Cross → Sangolli Rayana Nagar → Chinmay Colony
1088,DWR SD ⇆ Tarihal,Dwr Sd → Jubilee Circle → Court Circle  Sd → Nttf → Toll Naka Sd → Saraswathipura → Tajesavi Nagar → Sdm Engg College → Giri Nagar D → Kgt Hatti Kola → Nuggikeri Gudi Cross → Hachinmani College Sd → Nuggikeri → Yerikoppa → Masur Garden → Mangundi Cross → Eti Gatti Cross → Nayakana Hulikatti Cross → Kanavihonnapur D1 → Kanive Honnapur 1St Stop → Joshi Farm → Vajpey Nagar → Tarihal Politechnic → Tarihal
1088R,Tarihal ⇆ Dwr Sd,Tarihal → Tarihal Politechnic → Vajpey Nagar → Joshi Farm → Kanive Honnapur 1St Stop → Kanavihonnapur D1 → Nayakana Hulikatti Cross → Eti Gatti Cross → Mangundi Cross → Masur Garden → Yerikoppa → Nuggikeri → Hachinmani College Sd → Nuggikeri Gudi Cross → Kgt Hatti Kola → Giri Nagar D → Sdm Engg College → Tajesavi Nagar → Saraswathipura → Toll Naka Sd → Nttf → Court Circle  Sd → Jubilee Circle → Dwr Sd
1088,Tarihal ⇆ CBT-D,Tarihal → Tarihal Politechnic → Vajpey Nagar → Joshi Farm → Kanive Honnapur 1St Stop → Kanavihonnapur D2 → Nayakana Hulikatti Cross → Eti Gatti Cross → Mangundi Cross → Masur Garden → Yerikoppa → Nuggikeri → Hachinmani College Sd → Nuggikeri Gudi Cross → Kgt Hatti Kola → Giri Nagar D → Sdm Engg College → Tajesavi Nagar → Saraswathipura → Toll Naka Sd → Nttf → Court Circle  Sd2 → Jubilee Circle → Cbt-D
1088R,Cbt-D ⇆ Tarihal,Cbt-D → Jubilee Circle → Court Circle  Sd2 → Nttf → Toll Naka Sd → Saraswathipura → Tajesavi Nagar → Sdm Engg College → Giri Nagar D → Kgt Hatti Kola → Nuggikeri Gudi Cross → Hachinmani College Sd → Nuggikeri → Yerikoppa → Masur Garden → Mangundi Cross → Eti Gatti Cross → Nayakana Hulikatti Cross → Kanavihonnapur D2 → Kanive Honnapur 1St Stop → Joshi Farm → Vajpey Nagar → Tarihal Politechnic → Tarihal
109,Hosur Terminal ⇆ G Basavana Koppa,G Basavana Koppa → G Basavana Koppa 1St Stop → Jodhalli Govt School → Gambyapur Cross → Jodalli → Jodhalli Cross → Jodalli Cross 1St Stop → Jodhalli Matha → Awalakki Factory → Kanive Honnapur N H → Kanive Honnapur Water Tank → Kanive Honnapur 1St Stop → Joshi Farm → Sai Wood Works → Vajpey Nagar → Tarihal Politechnic → Tarihal -X → Vijaya Bank → Steel Factory → Toll Gate → Jagadish Nagar Cross → Infosys → Deshpande Foundation → Durga Gudi → Gokul Cross → Airport → Kec → Neharu Nagar Water Tank → Manjunatha Nagar Cross → Basaveshwara Nagar Cross → Akshay Park → New Bus Stand-H → Rwh → Quarters → Church Sh → Hosur Terminal
109R,Hosur Terminal ⇆ G Basavana Koppa,Hosur Terminal → Church Sh → Quarters → Rwh → New Bus Stand-H → Akshay Park → Basaveshwara Nagar Cross → Manjunatha Nagar Cross → Neharu Nagar Water Tank → Kec → Airport → Gokul Cross → Durga Gudi → Deshpande Foundation → Infosys → Jagadish Nagar Cross → Toll Gate → Steel Factory → Vijaya Bank → Tarihal -X → Tarihal Politechnic → Vajpey Nagar → Sai Wood Works → Joshi Farm → Kanive Honnapur 1St Stop → Kanive Honnapur Water Tank → Kanive Honnapur N H → Awalakki Factory → Jodhalli Matha → Jodalli Cross 1St Stop → Jodhalli Cross → Jodalli → Gambyapur Cross → Jodhalli Govt School → G Basavana Koppa 1St Stop → G Basavana Koppa
109,Hosur Terminal ⇆ G Basavana Koppa,Hosur Terminal → M M Joshi → Quarters → Rwh → New Bus Stand-H → Akshay Park → Basaveshwara Nagar Cross → Manjunatha Nagar Cross → Neharu Nagar Water Tank → Kec → Airport → Gokul Cross → Durga Gudi → Deshpande Foundation → Infosys → Jagadish Nagar Cross → Toll Gate → Steel Factory → Vijaya Bank → Tarihal -X → Tarihal Politechnic → Vajpey Nagar → Sai Wood Works → Joshi Farm → Kanive Honnapur 1St Stop → Kanive Honnapur Water Tank → Kanive Honnapur N H → Awalakki Factory → Jodhalli Matha → Jodalli Cross 1St Stop → Jodhalli Cross → Jodalli → Gambyapur Cross → Jodhalli Govt School → G Basavana Koppa 1St Stop → G Basavana Koppa
109R,G Basavana Koppa ⇆ Hosur Terminal,G Basavana Koppa → G Basavana Koppa 1St Stop → Jodhalli Govt School → Gambyapur Cross → Jodalli → Jodhalli Cross → Jodalli Cross 1St Stop → Jodhalli Matha → Awalakki Factory → Kanive Honnapur N H → Kanive Honnapur Water Tank → Kanive Honnapur 1St Stop → Joshi Farm → Sai Wood Works → Vajpey Nagar → Tarihal Politechnic → Tarihal -X → Vijaya Bank → Steel Factory → Toll Gate → Jagadish Nagar Cross → Infosys → Deshpande Foundation → Durga Gudi → Gokul Cross → Airport → Kec → Neharu Nagar Water Tank → Manjunatha Nagar Cross → Basaveshwara Nagar Cross → Akshay Park → New Bus Stand-H → Rwh → Quarters → M M Joshi → Hosur Terminal
1090,Agri College ⇆ CBT-D,Agri College → Admission Office → Agri University Gate → Yattin Gudda Cross → Dairy → Pepsi Factory → Gtc → J D Office → Kvg Bank → New Bus Stand-D → New Sp Office → Mental Hospital → K C Park → Old Sp Office → Jubilee Circle → Cbt-D
1090R,Cbt-D ⇆ Agri College,Cbt-D → Jubilee Circle → Old Sp Office → K C Park → Mental Hospital → New Sp Office → New Bus Stand-D → Kvg Bank → J D Office → Gtc → Pepsi Factory → Dairy → Yattin Gudda Cross → Agri University Gate → Admission Office → Agri College
1090,Agri College ⇆ CBT-D,Cbt-D → Jubilee Circle → Old Sp Office → K C Park → Mental Hospital → New Sp Office → New Bus Stand-D → Kvg Bank → J D Office → Gtc → Pepsi Factory → Dairy → Yattin Gudda Cross → Agri University Gate → Admission Office → Agri College
1090R,Agri College ⇆ Cbt-D,Agri College → Admission Office → Agri University Gate → Yattin Gudda Cross → Dairy → Pepsi Factory → Gtc → J D Office → Kvg Bank → New Bus Stand-D → New Sp Office → Mental Hospital → K C Park → Old Sp Office → Jubilee Circle → Cbt-D
11,Devang Pet ⇆ CBT,Cbt → Chandrakala Talkies → Railway Station-H → Corporation-H → Court → Deshpande Nagar → Rotary School → Bailappanavar Nagar → Pai Hotel → Ganesh Temple/ Bridge → Kaveri → Ashok Nagar → Vijaya Hotel → Thirupathi Bajar → Kempannavar Hall → Hostel-H → Sadhana Apartment → Rajaji Nagar → Bannigida → Devang Pet
11R,Devang Pet ⇆ Cbt,Devang Pet → Bannigida → Rajaji Nagar → Sadhana Apartment → Hostel-H → Kempannavar Hall → Thirupathi Bajar → Vijaya Hotel → Ashok Nagar → Kaveri → Ganesh Temple/ Bridge → Pai Hotel → Bailappanavar Nagar → Rotary School → Deshpande Nagar → Court → Corporation-H → Railway Station-H → Chandrakala Talkies → Cbt
11,Devang Pet ⇆ CBT,Devang Pet → Bannigida → Rajaji Nagar → Hostel-H → Kempannavar Hall → Thirupathi Bajar → Vijaya Hotel → Ashok Nagar → Kaveri → Ganesh Temple/ Bridge → Rotary School → Deshpande Nagar → Court → Corporation-H → Railway Station-H → Chandrakala Talkies → Cbt
11R,Cbt ⇆ Devang Pet,Cbt → Chandrakala Talkies → Railway Station-H → Corporation-H → Court → Deshpande Nagar → Rotary School → Ganesh Temple/ Bridge → Kaveri → Ashok Nagar → Vijaya Hotel → Thirupathi Bajar → Kempannavar Hall → Hostel-H → Rajaji Nagar → Bannigida → Devang Pet
111,Giriyal ⇆ Hosur Terminal,Giriyal → Katnur Cross → Katnur → Katnur Cross → Mavanur → Katnur Matta → Halla Hg → Ms(Milestone) → Renuka Colony → Giriyal Bridge → Nekkar Nagar → Bridge → Someshwara Nagar → Eshwar Nagar → Jannat Nagar → Junglee Pet → Old Hubli → New English School-H → Murusavira Matta Cross Sh → Obs Sh → Hosur Terminal
111R,Hosur Terminal ⇆ Giriyal,Hosur Terminal → Obs Sh → Murusavira Matta Cross Sh → New English School-H → Old Hubli → Junglee Pet → Jannat Nagar → Eshwar Nagar → Someshwara Nagar → Bridge → Nekkar Nagar → Giriyal Bridge → Renuka Colony → Ms(Milestone) → Halla Hg → Katnur Matta → Mavanur → Katnur Cross → Katnur → Katnur Cross → Giriyal
111,Giriyal ⇆ Hosur Terminal,Hosur Terminal → Obs Sh → Murusavira Matta Cross Sh → New English School Sh → Old Hubli → Junglee Pet → Jannat Nagar → Eshwar Nagar → Someshwara Nagar → Bridge → Nekkar Nagar → Giriyal Bridge → Renuka Colony → Ms(Milestone) → Halla Hg → Katnur Matta → Mavanur → Katnur Cross → Katnur → Katnur Cross → Giriyal
111R,Giriyal ⇆ Hosur Terminal,Giriyal → Katnur Cross → Katnur → Katnur Cross → Mavanur → Katnur Matta → Halla Hg → Ms(Milestone) → Renuka Colony → Giriyal Bridge → Nekkar Nagar → Bridge → Someshwara Nagar → Eshwar Nagar → Jannat Nagar → Junglee Pet → Old Hubli → New English School Sh → Murusavira Matta Cross Sh → Obs Sh → Hosur Terminal
112,Hallyal ⇆ Hosur Terminal,Hallyal → Halliyal Horkeri Oni → Yallaman Gudi → Hallyal Road → Someshwar Samudhaya → Basaweshwar Gudi → Railway Gate H → Keb → Soniya Gandhi Nagar Cross → Bidnal Govt School → Basaweshwar Cross → Bidnal Cross Sh → Bankapur Chouk Sh → New English School Sh → Murusavira Matta Cross Sh → Obs Sh → Hosur Terminal
112R,Hosur Terminal ⇆ Hallyal,Hosur Terminal → Obs Sh → Murusavira Matta Cross Sh → New English School Sh → Bankapur Chouk Sh → Bidnal Cross Sh → Basaweshwar Cross → Bidnal Govt School → Soniya Gandhi Nagar Cross → Keb → Railway Gate H → Basaweshwar Gudi → Someshwar Samudhaya → Hallyal Road → Yallaman Gudi → Halliyal Horkeri Oni → Hallyal
112,Hallyal ⇆ Hosur Terminal,Hosur Terminal → Obs Sh → Murusavira Matta Cross Sh → New English School Sh → Bankapur Chouk Sh → Bidnal Cross Sh → Basaweshwar Cross → Bidnal Govt School → Soniya Gandhi Nagar Cross → Keb → Railway Gate H → Basaweshwar Gudi → Someshwar Samudhaya → Hallyal Road → Yallaman Gudi → Halliyal Horkeri Oni → Hallyal
112R,Hallyal ⇆ Hosur Terminal,Hallyal → Halliyal Horkeri Oni → Yallaman Gudi → Hallyal Road → Someshwar Samudhaya → Basaweshwar Gudi → Railway Gate H → Keb → Soniya Gandhi Nagar Cross → Bidnal Govt School → Basaweshwar Cross → Bidnal Cross Sh → Bankapur Chouk Sh → New English School Sh → Murusavira Matta Cross Sh → Obs Sh → Hosur Terminal
113,Hosur Terminal ⇆ Ittigatti,Hosur Terminal → M M Joshi → Hanuman Temple-H → Quarters → Rwh → New Bus Stand-H → Akshay Park → Basaveshwara Nagar Cross → Manjunatha Nagar Cross → Neharu Nagar Water Tank → Kec → Airport → Gokul Cross → Durga Gudi → Deshpande Foundation → Infosys → Jagadish Nagar Cross → Toll Gate → Steel Factory → Vijaya Bank → Tarihal -X → Tarihal Politechnic → Vajpey Nagar → Sai Wood Works → Joshi Farm → Kanive Honnapur 1St Stop → Kanive Honnapur Water Tank → Kanive Honnapur N H → Kanive Honnapur → Eti Gatti Cross → Eti Gatti Nh Bridge/ Halla → Eti Gatti 1St Stop → Ittigatti
113R,Ittigatti ⇆ Hosur Terminal,Ittigatti → Eti Gatti 1St Stop → Eti Gatti Nh Bridge/ Halla → Eti Gatti Cross → Kanive Honnapur → Kanive Honnapur N H → Kanive Honnapur Water Tank → Kanive Honnapur 1St Stop → Joshi Farm → Sai Wood Works → Vajpey Nagar → Tarihal Politechnic → Tarihal -X → Vijaya Bank → Steel Factory → Toll Gate → Jagadish Nagar Cross → Infosys → Deshpande Foundation → Durga Gudi → Gokul Cross → Airport → Kec → Neharu Nagar Water Tank → Manjunatha Nagar Cross → Basaveshwara Nagar Cross → Akshay Park → New Bus Stand-H → Rwh → Quarters → Hanuman Temple-H → M M Joshi → Hosur Terminal
113,Hosur Terminal ⇆ Ittigatti,Ittigatti → Eti Gatti 1St Stop → Eti Gatti Nh Bridge/ Halla → Eti Gatti Cross → Kanive Honnapur → Kanive Honnapur N H → Kanive Honnapur Water Tank → Kanive Honnapur 1St Stop → Joshi Farm → Sai Wood Works → Vajpey Nagar → Tarihal Politechnic → Tarihal -X → Vijaya Bank → Steel Factory → Toll Gate → Jagadish Nagar Cross → Infosys → Deshpande Foundation → Durga Gudi → Gokul Cross → Airport → Kec → Neharu Nagar Water Tank → Manjunatha Nagar Cross → Basaveshwara Nagar Cross → Akshay Park → New Bus Stand-H → Rwh → Quarters → M M Joshi → Hosur Terminal
113R,Hosur Terminal ⇆ Ittigatti,Hosur Terminal → M M Joshi → Quarters → Rwh → New Bus Stand-H → Akshay Park → Basaveshwara Nagar Cross → Manjunatha Nagar Cross → Neharu Nagar Water Tank → Kec → Airport → Gokul Cross → Durga Gudi → Deshpande Foundation → Infosys → Jagadish Nagar Cross → Toll Gate → Steel Factory → Vijaya Bank → Tarihal -X → Tarihal Politechnic → Vajpey Nagar → Sai Wood Works → Joshi Farm → Kanive Honnapur 1St Stop → Kanive Honnapur Water Tank → Kanive Honnapur N H → Kanive Honnapur → Eti Gatti Cross → Eti Gatti Nh Bridge/ Halla → Eti Gatti 1St Stop → Ittigatti
114,Hosur Terminal ⇆ Kardikoppa,Kardikoppa → Inam Virapur → Bommasamudra → Bommasamudra  Cross → Belgali → Belgali Govt School → Monkey Factory → Noolvi Cross → Adrgunchi Cross → Shantinath Goshal → Budurshingi → Shantinath Goshal → Budarsingi → Kundagol Cross → Gabbur Sh → Bidnal Cross Sh → New English School Sh → Obs Sh → Hosur Terminal
114R,Hosur Terminal ⇆ Kardikoppa,Hosur Terminal → Obs Sh → New English School Sh → Bidnal Cross Sh → Gabbur Sh → Kundagol Cross → Budarsingi → Shantinath Goshal → Budurshingi → Shantinath Goshal → Adrgunchi Cross → Noolvi Cross → Monkey Factory → Belgali Govt School → Belgali → Bommasamudra  Cross → Bommasamudra → Inam Virapur → Kardikoppa
114,Hosur Terminal ⇆ Kardikoppa,Hosur Terminal → Obs Sh → Murusavira Matta Cross Sh → New English School Sh → Bankapur Chouk Sh → Bidnal Cross Sh → Gabbur Sh → Kundagol Cross → Budarsingi → Shantinath Goshal → Budurshingi → Shantinath Goshal → Adrgunchi Cross → Noolvi Cross → Monkey Factory → Belgali Govt School → Belgali → Bommasamudra  Cross → Bommasamudra → Inam Virapur → Kardikoppa
114R,Kardikoppa ⇆ Hosur Terminal,Kardikoppa → Inam Virapur → Bommasamudra → Bommasamudra  Cross → Belgali → Belgali Govt School → Monkey Factory → Noolvi Cross → Adrgunchi Cross → Shantinath Goshal → Budurshingi → Shantinath Goshal → Budarsingi → Kundagol Cross → Gabbur Sh → Bidnal Cross Sh → Bankapur Chouk Sh → New English School Sh → Murusavira Matta Cross Sh → Obs Sh → Hosur Terminal
116,Hosur Terminal ⇆ Kuruvina Koppa,Kuruvina Koppa → Kuruvina Koppa 1St Stop → Kuruvina Koppa Cross → Addadari Cross → Cement Factory → Oil Mill → Bhudhanagudda Cross → Murudeshwara Factory → Chalmatti Cross → Water World → Dr Banglow → Dhabha → Nursary → Gopalbhag → Anchitageri → Wali → Kempegeri → Karwar Road Bypass → Grid Sh → Indi Pump Sh → Hosur Terminal
116R,Hosur Terminal ⇆ Kuruvina Koppa,Hosur Terminal → Indi Pump Sh → Grid Sh → Karwar Road Bypass → Kempegeri → Wali → Anchitageri → Gopalbhag → Nursary → Dhabha → Dr Banglow → Water World → Chalmatti Cross → Murudeshwara Factory → Bhudhanagudda Cross → Oil Mill → Cement Factory → Addadari Cross → Kuruvina Koppa Cross → Kuruvina Koppa 1St Stop → Kuruvina Koppa
116,Hosur Terminal ⇆ Kuruvina Koppa,Hosur Terminal → Indi Pump Sh → Grid Sh → Karwar Road Bypass → Kempegeri → Wali → Anchitageri → Gopalbhag → Nursary → Dhabha → Dr Banglow → Water World → Chalmatti Cross → Murudeshwara Factory → Bhudhanagudda Cross → Oil Mill → Cement Factory → Addadari Cross → Kuruvina Koppa Cross → Kuruvina Koppa 1St Stop → Kuruvina Koppa
116R,Kuruvina Koppa ⇆ Hosur Terminal,Kuruvina Koppa → Kuruvina Koppa 1St Stop → Kuruvina Koppa Cross → Addadari Cross → Cement Factory → Oil Mill → Bhudhanagudda Cross → Murudeshwara Factory → Chalmatti Cross → Water World → Dr Banglow → Dhabha → Nursary → Gopalbhag → Anchitageri → Wali → Kempegeri → Karwar Road Bypass → Grid Sh → Indi Pump Sh → Hosur Terminal
117,Hosur Terminal ⇆ Kusgal,Kusgal → Ms → Kusgal Maruthi Nagar → Kusgal Siddharuda Matta → Ram Honda → Durga Colony / Neeli Bangle → Oxford College → Srinivas Garden → Shabiri Nagar Cross Sh → Madhura Colony Sh → Keshwapur Sh → Court Circle Sh → Obs Sh → Hosur Terminal
117R,Hosur Terminal ⇆ Kusgal,Hosur Terminal → Obs Sh → Court Circle Sh → Keshwapur Sh → Madhura Colony Sh → Shabiri Nagar Cross Sh → Srinivas Garden → Oxford College → Durga Colony / Neeli Bangle → Ram Honda → Kusgal Siddharuda Matta → Kusgal Maruthi Nagar → Ms → Kusgal
117,Hosur Terminal ⇆ Kusgal,Hosur Terminal → Obs Sh → Court Circle Sh → Keshwapur Sh → Madhura Colony Sh → Shabiri Nagar Cross Sh → Srinivas Garden → Oxford College → Durga Colony / Neeli Bangle → Ram Honda → Kusgal Siddharuda Matta → Kusgal Maruthi Nagar → Ms → Kusgal
117R,Kusgal ⇆ Hosur Terminal,Kusgal → Ms → Kusgal Maruthi Nagar → Kusgal Siddharuda Matta → Ram Honda → Durga Colony / Neeli Bangle → Oxford College → Srinivas Garden → Shabiri Nagar Cross Sh → Madhura Colony Sh → Keshwapur Sh → Court Circle Sh → Obs Sh → Hosur Terminal
118,Mantur ⇆ Hosur Terminal,Hosur Terminal → Obs Sh → Railway Station Sh → Vinobha Nagar → R G S Sh → D L S Sh → Railway Gate → Ontti Hanumantha Temple → Bypass/Bridge → I T C Gowdown → Brige → Haliyal Park → Kanchgar Keri → Nalanada College / Sisu V.1 → Hope School → Bandivad Dabha → Math Road → Bandivad Cross → Bandivad → Mantur
118R,Mantur ⇆ Hosur Terminal,Mantur → Bandivad → Bandivad Cross → Math Road → Bandivad Dabha → Hope School → Nalanada College / Sisu V.1 → Kanchgar Keri → Haliyal Park → Brige → I T C Gowdown → Bypass/Bridge → Ontti Hanumantha Temple → Railway Gate → D L S Sh → R G S Sh → Vinobha Nagar → Railway Station Sh → Obs Sh → Hosur Terminal
118,Mantur ⇆ Hosur Terminal,Mantur → Bandivad → Bandivad Cross → Math Road → Bandivad Dabha → Hope School → Nalanada College / Sisu V.2 → Kanchgar Keri → Haliyal Park → Brige → I T C Gowdown → Bypass/Bridge → Ontti Hanumantha Temple → Railway Gate → D L S Sh → R G S Sh → Vinobha Nagar → Railway Station Sh → Obs Sh → Hosur Terminal
118R,Hosur Terminal ⇆ Mantur,Hosur Terminal → Obs Sh → Railway Station Sh → Vinobha Nagar → R G S Sh → D L S Sh → Railway Gate → Ontti Hanumantha Temple → Bypass/Bridge → I T C Gowdown → Brige → Haliyal Park → Kanchgar Keri → Nalanada College / Sisu V.2 → Hope School → Bandivad Dabha → Math Road → Bandivad Cross → Bandivad → Mantur
119,Misrikoti ⇆ Hosur Terminal,Hosur Terminal → Indi Pump Sh → Grid Sh → Karwar Road Bypass → Kempegeri → Wali → Anchitageri → Gopalbhag → Nursary → Dhabha → Dr Banglow → Water World → Chalmatti Cross → Misrikoti Cross → Chalamatti Factory → A V M Granite → Durga → Muk Basavanna Gudi → Misrikot → Sangolli Rayanna Circle → Kamadenu Cross → Misrikoti Market → Misrikoti
119R,Misrikoti ⇆ Hosur Terminal,Misrikoti → Misrikoti Market → Kamadenu Cross → Sangolli Rayanna Circle → Misrikot → Muk Basavanna Gudi → Durga → A V M Granite → Chalamatti Factory → Misrikoti Cross → Chalmatti Cross → Water World → Dr Banglow → Dhabha → Nursary → Gopalbhag → Anchitageri → Wali → Kempegeri → Karwar Road Bypass → Grid Sh → Indi Pump Sh → Hosur Terminal
119,Misrikoti ⇆ Hosur Terminal,Misrikoti → Misrikoti Market → Kamadenu Cross → Sangolli Rayanna Circle → Misrikot → Muk Basavanna Gudi → Durga → A V M Granite → Chalamatti Factory → Misrikoti Cross → Chalmatti Cross → Water World → Dr Banglow → Dhabha → Nursary → Gopalbhag → Anchitageri → Wali → Kempegeri → Karwar Road Bypass → Grid Sh → Indi Pump Sh → Hosur Terminal
119R,Hosur Terminal ⇆ Misrikoti,Hosur Terminal → Indi Pump Sh → Grid Sh → Karwar Road Bypass → Kempegeri → Wali → Anchitageri → Gopalbhag → Nursary → Dhabha → Dr Banglow → Water World → Chalmatti Cross → Misrikoti Cross → Chalamatti Factory → A V M Granite → Durga → Muk Basavanna Gudi → Misrikot → Sangolli Rayanna Circle → Kamadenu Cross → Misrikoti Market → Misrikoti
12,Siddharud Mata ⇆ Railway Station-H,Railway Station-H → Corporation-H → Hubli Obs (Inside) → Glass House → Hosur → Bannigida → Quarters → Rwh → New Bus Stand-H → 1St Gate → 2Nd Gate → Akshay Park → Oriental School → Hemareddy Mallamma Colony → Murdeshwara Factory → Bankers Colony → Ganesh Nagar → Siddarudh Mata Cross → Siddharud Mata
12R,Siddharud Mata ⇆ Railway Station-H,Siddharud Mata → Siddarudh Mata Cross → Ganesh Nagar → Bankers Colony → Murdeshwara Factory → Hemareddy Mallamma Colony → Oriental School → Akshay Park → 2Nd Gate → 1St Gate → New Bus Stand-H → Rwh → Quarters → Bannigida → Hosur → Glass House → Hubli Obs (Inside) → Corporation-H → Railway Station-H
12,Siddharud Mata ⇆ Railway Station-H,Siddharud Mata → Siddarudh Mata Cross → Ganesh Nagar → Bankers Colony → Murdeshwara Factory → Hemareddy Mallamma Colony → Oriental School → Akshay Park → 2Nd Gate → 1St Gate → New Bus Stand-H → Rwh → Quarters → Bannigida → Hosur → Hubli Obs (Outside) → Corporation-H → Railway Station-H
12R,Railway Station-H ⇆ Siddharud Mata,Railway Station-H → Corporation-H → Hubli Obs (Outside) → Hosur → Bannigida → Quarters → Rwh → New Bus Stand-H → 1St Gate → 2Nd Gate → Akshay Park → Oriental School → Hemareddy Mallamma Colony → Murdeshwara Factory → Bankers Colony → Ganesh Nagar → Siddarudh Mata Cross → Siddharud Mata
120,Hosur Terminal ⇆ Noolvi,Hosur Terminal → Obs Sh → New English School Sh → Bankapur Chouk Sh → Bidnal Cross Sh → Gabbur Sh → Kundagol Cross → Kotgunsi → Adhurgunchi Doddappana Gudi → Adhurgunchi → Adhurgunchi Plot → Adhurgunchi College → Noolvi Arogya Kendra → Noolvi Cross → Noolvi
120R,Noolvi ⇆ Hosur Terminal,Noolvi → Noolvi Cross → Noolvi Arogya Kendra → Adhurgunchi College → Adhurgunchi Plot → Adhurgunchi → Adhurgunchi Doddappana Gudi → Kotgunsi → Kundagol Cross → Gabbur Sh → Bidnal Cross Sh → Bankapur Chouk Sh → New English School Sh → Obs Sh → Hosur Terminal
120,Hosur Terminal ⇆ Noolvi,Noolvi → Noolvi Cross → Noolvi Arogya Kendra → Adhurgunchi College → Adhurgunchi Plot → Adhurgunchi → Adhurgunchi Doddappana Gudi → Kotgunsi → Kundagol Cross → Gabbur Sh → Bidnal Cross Sh → New English School Sh → Obs Sh → Hosur Terminal
120R,Hosur Terminal ⇆ Noolvi,Hosur Terminal → Obs Sh → New English School Sh → Bidnal Cross Sh → Gabbur Sh → Kundagol Cross → Kotgunsi → Adhurgunchi Doddappana Gudi → Adhurgunchi → Adhurgunchi Plot → Adhurgunchi College → Noolvi Arogya Kendra → Noolvi Cross → Noolvi
126,CBT ⇆ Vajpey Nagar,Cbt → Chandrakala Talkies → Railway Station-H → Corporation-H → Ocbs Feeder → M M Joshi → Quarters → Rwh → New Bus Stand-H → Akshay Park → Basaveshwara Nagar Cross → Manjunatha Nagar Cross → Neharu Nagar Water Tank → Kec → Airport → Gokul Cross → Police Quartz → Deshpande Foundation → Infosys → Jagadish Nagar Cross → Bypass Bridge Road → Steel Factory → Vijaya Bank → Tarihal -X → Tarihal Politechnic → Vajpey Nagar
126R,Vajpey Nagar ⇆ Cbt,Vajpey Nagar → Tarihal Politechnic → Tarihal -X → Vijaya Bank → Steel Factory → Bypass Bridge Road → Jagadish Nagar Cross → Infosys → Deshpande Foundation → Police Quartz → Gokul Cross → Airport → Kec → Neharu Nagar Water Tank → Manjunatha Nagar Cross → Basaveshwara Nagar Cross → Akshay Park → New Bus Stand-H → Rwh → Quarters → M M Joshi → Ocbs Feeder → Corporation-H → Railway Station-H → Chandrakala Talkies → Cbt
126,CBT ⇆ Vajpey Nagar,Vajpey Nagar → Tarihal Politechnic → Tarihal -X → Vijaya Bank → Steel Factory → Bypass Bridge Road → Jagadish Nagar Cross → Infosys → Deshpande Foundation → Police Quartz → Gokul Cross → Airport → Kec → Neharu Nagar Water Tank → Manjunatha Nagar Cross → Basaveshwara Nagar Cross → Akshay Park → New Bus Stand-H → Rwh → Quarters → Hosur → Obs Sh → Corporation-H → Railway Station-H → Chandrakala Talkies → Cbt
126R,Cbt ⇆ Vajpey Nagar,Cbt → Chandrakala Talkies → Railway Station-H → Corporation-H → Obs Sh → Hosur → Quarters → Rwh → New Bus Stand-H → Akshay Park → Basaveshwara Nagar Cross → Manjunatha Nagar Cross → Neharu Nagar Water Tank → Kec → Airport → Gokul Cross → Police Quartz → Deshpande Foundation → Infosys → Jagadish Nagar Cross → Bypass Bridge Road → Steel Factory → Vijaya Bank → Tarihal -X → Tarihal Politechnic → Vajpey Nagar
128,Navanagar City ⇆ Raj Nagar,Raj Nagar → Gurudev Nagar → Old Employment Office (Vishweshwara Nagar)1 → Shani Dev Temple → Sub Jail → Adhyapak Nagar → Miskin Stop → Lion School → Vijaya Nagar → Vijaya Hotel → Ashok Nagar → Kaveri → Ganesh Temple/ Bridge → Rotary School → Deshpande Nagar → Court → Hubli Obs (Inside) → Glass House → Canara Hotel → Hosur Corridor → Jg Commerce College → Kmc Cross → Gurudatta Bhavana → Arts College → Vidya Nagar (Bvb College) → Prerana College → Unkal Cross Nh - → Unkal → Srinagar Cross H1 → Fci Godown → Bairidevarakoppa → Darga → Shantinikethana → Apmc → Amargol Cross → Cancer Hospital → Bsr Circle → Navanagar City
128R,Navanagar City ⇆ Raj Nagar,Navanagar City → Bsr Circle → Cancer Hospital → Amargol Cross → Apmc → Shantinikethana → Darga → Bairidevarakoppa → Fci Godown → Srinagar Cross H1 → Unkal → Unkal Cross Nh - → Prerana College → Vidya Nagar (Bvb College) → Arts College → Gurudatta Bhavana → Kmc Cross → Jg Commerce College → Hosur Corridor → Canara Hotel → Glass House → Hubli Obs (Inside) → Court → Deshpande Nagar → Rotary School → Ganesh Temple/ Bridge → Kaveri → Ashok Nagar → Vijaya Hotel → Vijaya Nagar → Lion School → Miskin Stop → Adhyapak Nagar → Sub Jail → Shani Dev Temple → Old Employment Office (Vishweshwara Nagar)1 → Gurudev Nagar → Raj Nagar
128,Navanagar City ⇆ Raj Nagar,Navanagar City → Bsr Circle → Cancer Hospital → Amargol Cross → Apmc Gate → Sana College → Darga → Bairidevarakoppa → Fci Godown → Srinagar Cross H2 → Unkal → Unkal Cross Nh → Prerana College → Vidya Nagar (Bvb College) → Arts College → Gurudatta Bhavana → Kims → Mahila Vidya Pith (Hosur Terminal) → Hosur → Obs Hbl → Court → Deshpande Nagar → Rotary School → Bailappanavar Nagar → Pai Hotel → Ganesh Temple/ Bridge → Garden → Ashok Nagar → Vijaya Hotel → Vijaya Nagar → Lion School → Miskin Stop → Adhyapak Nagar → Sub Jail → Shani Dev Temple → Old Employment Office (Vishweshwara Nagar)1 → Gurudev Nagar → Raj Nagar
128R,Raj Nagar ⇆ Navanagar City,Raj Nagar → Gurudev Nagar → Old Employment Office (Vishweshwara Nagar)1 → Shani Dev Temple → Sub Jail → Adhyapak Nagar → Miskin Stop → Lion School → Vijaya Nagar → Vijaya Hotel → Ashok Nagar → Garden → Ganesh Temple/ Bridge → Pai Hotel → Bailappanavar Nagar → Rotary School → Deshpande Nagar → Court → Obs Hbl → Hosur → Mahila Vidya Pith (Hosur Terminal) → Kims → Gurudatta Bhavana → Arts College → Vidya Nagar (Bvb College) → Prerana College → Unkal Cross Nh → Unkal → Srinagar Cross H2 → Fci Godown → Bairidevarakoppa → Darga → Sana College → Apmc Gate → Amargol Cross → Cancer Hospital → Bsr Circle → Navanagar City
13,CBT ⇆ Gamanagatti,Gamanagatti → Kariyamma Temple-H → M M Joshi Park → City Park Cross → Shivanand Nagar → Karnataka Circle → Bsr Circle → Cancer Hospital → Cancer Hospital Nh → Amargol Cross → Apmc Gate → Apmc → Sana College → Darga → Bairidevarakoppa → Fci Godown → Srinagar Cross H2 → Unkal → Unkal Cross Nh → Prerana College → Vidya Nagar (Bvb College) → Arts College → Kims → Mahila Vidya Pith (Hosur Terminal) → Hubli Obs (Outside) → Corporation-H → Railway Station-H → Chandrakala Talkies → Cbt
13R,Cbt ⇆ Gamanagatti,Cbt → Chandrakala Talkies → Railway Station-H → Corporation-H → Hubli Obs (Outside) → Mahila Vidya Pith (Hosur Terminal) → Kims → Arts College → Vidya Nagar (Bvb College) → Prerana College → Unkal Cross Nh → Unkal → Srinagar Cross H2 → Fci Godown → Bairidevarakoppa → Darga → Sana College → Apmc → Apmc Gate → Amargol Cross → Cancer Hospital Nh → Cancer Hospital → Bsr Circle → Karnataka Circle → Shivanand Nagar → City Park Cross → M M Joshi Park → Kariyamma Temple-H → Gamanagatti
13,CBT ⇆ Gamanagatti,Cbt → Chandrakala Talkies → Railway Station-H → Corporation-H → Hubli Obs (Inside) → Hosur Cross → Hosur Corridor → Jg Commerce College → Kmc Cross → Gurudatta Bhavana → Arts College → Vidya Nagar (Bvb College) → Prerana College → Unkal Cross Nh - → Unkal → Srinagar Cross H1 → Fci Godown → Bairidevarakoppa → Darga → Shantinikethana → Apmc → Apmc  3Rd Gate → Amargol Cross → Cancer Hospital → Bsr Circle → Karnataka Circle → Shivanand Nagar → Kariyamma Temple-H → Gamanagatti
13R,Gamanagatti ⇆ Cbt,Gamanagatti → Kariyamma Temple-H → Shivanand Nagar → Karnataka Circle → Bsr Circle → Cancer Hospital → Amargol Cross → Apmc  3Rd Gate → Apmc → Shantinikethana → Darga → Bairidevarakoppa → Fci Godown → Srinagar Cross H1 → Unkal → Unkal Cross Nh - → Prerana College → Vidya Nagar (Bvb College) → Arts College → Gurudatta Bhavana → Kmc Cross → Jg Commerce College → Hosur Corridor → Hosur Cross → Hubli Obs (Inside) → Corporation-H → Railway Station-H → Chandrakala Talkies → Cbt
16,CBT ⇆ Gopanakoppa,Gopanakoppa → Venkatesh Colony → Bengeri → Soda Factory → Shanti Nagar → Ramesh Bhavan → Azad Colony → Keshwapur → Desai Cross → Court → Corporation-H → Railway Station-H → Chandrakala Talkies → Ganesh Pet → Cbt
16R,Cbt ⇆ Gopanakoppa,Cbt → Ganesh Pet → Chandrakala Talkies → Railway Station-H → Corporation-H → Court → Desai Cross → Keshwapur → Azad Colony → Ramesh Bhavan → Shanti Nagar → Soda Factory → Bengeri → Venkatesh Colony → Gopanakoppa
16,CBT ⇆ Gopanakoppa,Cbt → Chandrakala Talkies → Railway Station-H → Corporation-H → Court → Desai Cross → Keshwapur → Azad Colony → Ramesh Bhavan → Shanti Nagar → Soda Factory → Bengeri → Venkatesh Colony → Gopanakoppa
16R,Gopanakoppa ⇆ Cbt,Gopanakoppa → Venkatesh Colony → Bengeri → Soda Factory → Shanti Nagar → Ramesh Bhavan → Azad Colony → Keshwapur → Desai Cross → Court → Corporation-H → Railway Station-H → Chandrakala Talkies → Cbt
200A,CBT Hubballi - HD ⇆ Dharwad BRTS Terminal - HD,Cbt Hubballi - Hd → Dr B R Ambedkar Circle 1 - Hd → Hdmc - Hd → Hubballi Central Bus Terminal - Hd → Hosur Cross - Hd → Hosur Regional Terminal - Hd → Kims - Hd → Vidyanagar - Hd → Bvb College - Hd → Unkal Cross - Hd → Unkal - Hd → Unkal Lake - Hd → Bairidevarakoppa - Hd → Shantinikethan - Hd → Apmc 3Rd Gate - Hd → Navanagar - Hd → Rto Office - Hd → Iskcon Temple - Hd → Rayapur - Hd → Kmf 1 - Hd → Sanjeevini Park-Hd → Navalur Railway Station - Hd → Sdm Medical College - Hd → Sattur - Hd → Lakamanahalli - Hd → Yalakki Shettar Cross-Hd → Gandhi Nagar - Hd → Vidyagiri - Hd → Toll Naka - Hd → Hosa Yallapur Cross - Hd → Nttf - Hd → Court Circle - Hd → Jubilee Circle - Hd → Dharwad Brts Terminal - Hd
200AR,Dharwad Brts Terminal - Hd ⇆ Cbt Hubballi - Hd,Dharwad Brts Terminal - Hd → Jubilee Circle - Hd → Court Circle - Hd → Nttf - Hd → Hosa Yallapur Cross - Hd → Toll Naka - Hd → Vidyagiri - Hd → Gandhi Nagar - Hd → Yalakki Shettar Cross-Hd → Lakamanahalli - Hd → Sattur - Hd → Sdm Medical College - Hd → Navalur Railway Station - Hd → Sanjeevini Park-Hd → Kmf 1 - Hd → Rayapur - Hd → Iskcon Temple - Hd → Rto Office - Hd → Navanagar - Hd → Apmc 3Rd Gate - Hd → Shantinikethan - Hd → Bairidevarakoppa - Hd → Unkal Lake - Hd → Unkal - Hd → Unkal Cross - Hd → Bvb College - Hd → Vidyanagar - Hd → Kims - Hd → Hosur Regional Terminal - Hd → Hosur Cross - Hd → Hubballi Central Bus Terminal - Hd → Hdmc - Hd → Dr B R Ambedkar Circle 1 - Hd → Cbt Hubballi - Hd
200A,Dharwad BRTS Terminal - DH ⇆ CBT Hubballi - DH,Dharwad Brts Terminal - Dh → Jubilee Circle - Dh → Court Circle - Dh → Nttf - Dh → Hosa Yallapur Cross - Dh → Toll Naka - Dh → Vidyagiri - Dh → Gandhi Nagar - Dh → Yalakki Shettar Cross-Dh → Lakamanahalli - Dh → Sattur - Dh → Sdm Medical College - Dh → Navalur Railway Station - Dh → Sanjeevini Park-Dh → Kmf 1 - Dh → Rayapur - Dh → Iskcon Temple - Dh → Rto Office - Dh → Navanagar - Dh → Apmc 3Rd Gate - Dh → Shantinikethan - Dh → Bairidevarakoppa - Dh → Unakal Lake - Dh → Unakal - Dh → Unakal Cross - Dh → Bvb College - Dh → Vidyanagar - Dh → Kims - Dh → Hosur Regional Terminal - Dh → Hosur Cross - Dh → Hubballi Central Bus Terminal - Hd → Hdmc - Dh → Dr B R Ambedkar Circle - Dh → Cbt Hubballi - Dh
200AR,Cbt Hubballi - Dh ⇆ Dharwad Brts Terminal - Dh,Cbt Hubballi - Dh → Dr B R Ambedkar Circle - Dh → Hdmc - Dh → Hubballi Central Bus Terminal - Hd → Hosur Cross - Dh → Hosur Regional Terminal - Dh → Kims - Dh → Vidyanagar - Dh → Bvb College - Dh → Unakal Cross - Dh → Unakal - Dh → Unakal Lake - Dh → Bairidevarakoppa - Dh → Shantinikethan - Dh → Apmc 3Rd Gate - Dh → Navanagar - Dh → Rto Office - Dh → Iskcon Temple - Dh → Rayapur - Dh → Kmf 1 - Dh → Sanjeevini Park-Dh → Navalur Railway Station - Dh → Sdm Medical College - Dh → Sattur - Dh → Lakamanahalli - Dh → Yalakki Shettar Cross-Dh → Gandhi Nagar - Dh → Vidyagiri - Dh → Toll Naka - Dh → Hosa Yallapur Cross - Dh → Nttf - Dh → Court Circle - Dh → Jubilee Circle - Dh → Dharwad Brts Terminal - Dh
201B,Dharwad New Bus Stand - DH ⇆ Railway Station - DH,Dharwad New Bus Stand - Dh → Jubilee Circle - Dh → Court Circle - Dh → Nttf - Dh → Hosa Yallapur Cross - Dh → Toll Naka - Dh → Vidyagiri - Dh → Gandhi Nagar - Dh → Yalakki Shettar Cross-Dh → Lakamanahalli - Dh → Sattur - Dh → Sdm Medical College - Dh → Navalur Railway Station - Dh → Sanjeevini Park-Dh → Kmf 1 - Dh → Rayapur - Dh → Iskcon Temple - Dh → Rto Office - Dh → Navanagar - Dh → Apmc 3Rd Gate - Dh → Shantinikethan - Dh → Bairidevarakoppa - Dh → Unakal Lake - Dh → Unakal - Dh → Unakal Cross - Dh → Bvb College - Dh → Vidyanagar - Dh → Kims - Dh → Hosur Regional Terminal - Dh → Hosur Cross - Dh → Hubballi Central Bus Terminal - Dh → Hdmc - Dh → Dr B R Ambedkar Circle - Dh → Railway Station - Dh
201BR,Railway Station - Dh ⇆ Dharwad New Bus Stand - Dh,Railway Station - Dh → Dr B R Ambedkar Circle - Dh → Hdmc - Dh → Hubballi Central Bus Terminal - Dh → Hosur Cross - Dh → Hosur Regional Terminal - Dh → Kims - Dh → Vidyanagar - Dh → Bvb College - Dh → Unakal Cross - Dh → Unakal - Dh → Unakal Lake - Dh → Bairidevarakoppa - Dh → Shantinikethan - Dh → Apmc 3Rd Gate - Dh → Navanagar - Dh → Rto Office - Dh → Iskcon Temple - Dh → Rayapur - Dh → Kmf 1 - Dh → Sanjeevini Park-Dh → Navalur Railway Station - Dh → Sdm Medical College - Dh → Sattur - Dh → Lakamanahalli - Dh → Yalakki Shettar Cross-Dh → Gandhi Nagar - Dh → Vidyagiri - Dh → Toll Naka - Dh → Hosa Yallapur Cross - Dh → Nttf - Dh → Court Circle - Dh → Jubilee Circle - Dh → Dharwad New Bus Stand - Dh
201B,Railway Station - HD ⇆ Dharwad New Bus Stand - HD,Railway Station - Hd → Dr B R Ambedkar Circle 1 - Hd → Hdmc - Hd → Hubballi Central Bus Terminal - Hd → Hosur Cross - Hd → Hosur Regional Terminal - Hd → Kims - Hd → Vidyanagar - Hd → Bvb College - Hd → Unakal Cross - Hd → Unakal - Hd → Unakal Lake - Hd → Bairidevarakoppa - Hd → Shantinikethan - Hd → Apmc 3Rd Gate - Hd → Navanagar - Hd → Rto Office - Hd → Iskcon Temple - Hd → Rayapur - Hd → Kmf 1 - Hd → Sanjeevini Park-Hd → Navalur Railway Station - Hd → Sdm Medical College - Hd → Sattur - Hd → Lakamanahalli - Hd → Yalakki Shettar Cross-Hd → Gandhi Nagar - Hd → Vidyagiri - Hd → Toll Naka - Hd → Hosa Yallapur Cross - Hd → Nttf - Hd → Court Circle - Hd → Jubilee Circle - Hd → Dharwad New Bus Stand - Hd
201BR,Dharwad New Bus Stand - Hd ⇆ Railway Station - Hd,Dharwad New Bus Stand - Hd → Jubilee Circle - Hd → Court Circle - Hd → Nttf - Hd → Hosa Yallapur Cross - Hd → Toll Naka - Hd → Vidyagiri - Hd → Gandhi Nagar - Hd → Yalakki Shettar Cross-Hd → Lakamanahalli - Hd → Sattur - Hd → Sdm Medical College - Hd → Navalur Railway Station - Hd → Sanjeevini Park-Hd → Kmf 1 - Hd → Rayapur - Hd → Iskcon Temple - Hd → Rto Office - Hd → Navanagar - Hd → Apmc 3Rd Gate - Hd → Shantinikethan - Hd → Bairidevarakoppa - Hd → Unakal Lake - Hd → Unakal - Hd → Unakal Cross - Hd → Bvb College - Hd → Vidyanagar - Hd → Kims - Hd → Hosur Regional Terminal - Hd → Hosur Cross - Hd → Hubballi Central Bus Terminal - Hd → Hdmc - Hd → Dr B R Ambedkar Circle 1 - Hd → Railway Station - Hd
if 'stops_name_between_route' in l or ('→' in l and ',' in l) or ('⇆' in l and ',' in l):
if 'stops_name_between_route' in l or ('→' in l and 'R,' in l): ⇆ ' in l):,' in l):
01,Rajeev Nagar ⇆ CBT,Cbt → Chandrakala Talkies → Railway Station-H → Corporation-H → Hubli Obs (Inside) → Glass House → Hosur → Bannigida → Quarters → R.W.H → New Bus Stand-H → 1St Gate → 2Nd Gate → Akshay Park → Ravi Nagar → Ravi Nagar 2Nd Stop → Ravi Nagar 3Rd Stop → Lakshmi Nagar → Lakshmi Nagar Cross → Akshay Colony → Rajeev Nagar Cross → Mruthyunjaya Extension → Rajeev Nagar\r
01R,Rajeev Nagar\r ⇆ Cbt,Rajeev Nagar\r → Mruthyunjaya Extension → Rajeev Nagar Cross → Akshay Colony → Lakshmi Nagar Cross → Lakshmi Nagar → Ravi Nagar 3Rd Stop → Ravi Nagar 2Nd Stop → Ravi Nagar → Akshay Park → 2Nd Gate → 1St Gate → New Bus Stand-H → R.W.H → Quarters → Bannigida → Hosur → Glass House → Hubli Obs (Inside) → Corporation-H → Railway Station-H → Chandrakala Talkies → Cbt
100,Betdur ⇆ Hosur Terminal,Betdur → Betdur 1St Stop → Betdur Govt School → Water Tank B → Cbm Oil Mill → Basaveshwar Nagar → Sharevada → Sharevada Cross → Noolvi Cross → Noolvi Arogya Kendra → Adhurgunchi College → Adhurgunchi Plot → Adhurgunchi → Adhurgunchi Doddappana Gudi → Kotgunsi → Kundagol Cross → Gabbur Sh → Bidnal Cross Sh → Bankapur Chowk → New English School Sh → Murusavira Matta Cross Sh → Obs Sh → Hosur Terminal\r
100R,Hosur Terminal\r ⇆ Betdur,Hosur Terminal\r → Obs Sh → Murusavira Matta Cross Sh → New English School Sh → Bankapur Chowk → Bidnal Cross Sh → Gabbur Sh → Kundagol Cross → Kotgunsi → Adhurgunchi Doddappana Gudi → Adhurgunchi → Adhurgunchi Plot → Adhurgunchi College → Noolvi Arogya Kendra → Noolvi Cross → Sharevada Cross → Sharevada → Basaveshwar Nagar → Cbm Oil Mill → Water Tank B → Betdur Govt School → Betdur 1St Stop → Betdur
if clean.startswith('bus_no,') or (',' in clean and ('→' in clean or '⇆' in clean)):
if clean.startswith('bus_noR,' in clean or '⇆' in clean)): ⇆ ' in clean and (',' in clean or '⇆' in clean)): → ' in clean and ('
